sampleC_part1	MT456024.1	81.737	334	61	0	180	513	129	462	3.34e-103	390
sampleC_part1	MT456024.1	96.875	64	1	1	51	114	1	63	1.35e-17	106
sampleC_part1	MT455062.1	81.737	334	61	0	180	513	129	462	3.34e-103	390
sampleC_part1	MT455062.1	96.875	64	1	1	51	114	1	63	1.35e-17	106
sampleC_part1	MG205134.1	81.737	334	61	0	180	513	86	419	3.34e-103	390
sampleC_part1	MG204906.1	81.737	334	61	0	180	513	86	419	3.34e-103	390
sampleC_part1	KY438800.1	81.737	334	61	0	180	513	79	412	3.34e-103	390
sampleC_part1	KY176667.1	81.737	334	61	0	180	513	116	449	3.34e-103	390
sampleC_part1	KY176667.1	98.039	51	0	1	64	114	1	50	4.91e-12	87.9
sampleC_part1	LN908920.1	81.737	334	61	0	180	513	123	456	3.34e-103	390
sampleC_part1	LN908920.1	98.276	58	0	1	57	114	1	57	6.30e-16	100
sampleC_part1	KU168655.1	81.737	334	61	0	180	513	114	447	3.34e-103	390
sampleC_part1	KU168618.1	81.737	334	61	0	180	513	92	425	3.34e-103	390
sampleC_part1	KT352981.1	81.737	334	61	0	180	513	114	447	3.34e-103	390
sampleC_part1	KT352981.1	97.959	49	0	1	66	114	1	48	6.35e-11	84.2
sampleC_part1	KT352979.1	81.737	334	61	0	180	513	106	439	3.34e-103	390
sampleC_part1	KT352979.1	97.561	41	0	1	74	114	1	40	1.78e-06	69.4
sampleC_part1	KT003923.1	81.737	334	61	0	180	513	97	430	3.34e-103	390
sampleC_part1	KT003910.1	81.737	334	61	0	180	513	95	428	3.34e-103	390
sampleC_part1	KT003909.1	81.737	334	61	0	180	513	95	428	3.34e-103	390
sampleC_part1	KT074150.1	81.737	334	61	0	180	513	94	427	3.34e-103	390
sampleC_part1	KT074130.1	81.737	334	61	0	180	513	94	427	3.34e-103	390
sampleC_part1	KT074127.1	81.737	334	61	0	180	513	94	427	3.34e-103	390
sampleC_part1	KT074126.1	81.737	334	61	0	180	513	94	427	3.34e-103	390
sampleC_part1	KT074122.1	81.737	334	61	0	180	513	94	427	3.34e-103	390
sampleC_part1	KT074108.1	81.737	334	61	0	180	513	94	427	3.34e-103	390
sampleC_part1	KT074106.1	81.737	334	61	0	180	513	94	427	3.34e-103	390
sampleC_part1	KT074103.1	81.737	334	61	0	180	513	94	427	3.34e-103	390
sampleC_part1	KP975912.1	81.737	334	61	0	180	513	128	461	3.34e-103	390
sampleC_part1	KP975912.1	98.413	63	0	1	52	114	1	62	1.05e-18	110
sampleC_part1	MW829639.1	81.737	334	61	0	180	513	115	448	3.34e-103	390
sampleC_part1	MW829639.1	98.000	50	0	1	65	114	1	49	1.76e-11	86.1
sampleC_part1	KF906720.1	81.737	334	61	0	180	513	5654	5987	3.34e-103	390
sampleC_part1	KF906720.1	98.750	80	0	1	35	114	5510	5588	3.71e-28	141
sampleC_part1	MZ317434.1	81.737	334	61	0	180	513	104	437	3.34e-103	390
sampleC_part1	MZ317434.1	97.436	39	0	1	76	114	1	38	2.30e-05	65.8
sampleC_part1	KC501693.1	81.737	334	61	0	180	513	128	461	3.34e-103	390
sampleC_part1	KC501693.1	98.413	63	0	1	52	114	1	62	1.05e-18	110
sampleC_part1	KC015961.1	81.737	334	61	0	180	513	129	462	3.34e-103	390
sampleC_part1	KC015961.1	98.438	64	0	1	51	114	1	63	2.91e-19	111
sampleC_part1	MT037170.1	81.737	334	61	0	180	513	61	394	3.34e-103	390
sampleC_part1	MT037169.1	81.737	334	61	0	180	513	61	394	3.34e-103	390
sampleC_part1	MT037168.1	81.737	334	61	0	180	513	61	394	3.34e-103	390
sampleC_part1	MT037167.1	81.737	334	61	0	180	513	61	394	3.34e-103	390
sampleC_part1	MT037166.1	81.737	334	61	0	180	513	61	394	3.34e-103	390
sampleC_part1	MT037165.1	81.737	334	61	0	180	513	61	394	3.34e-103	390
sampleC_part1	MT037164.1	81.737	334	61	0	180	513	61	394	3.34e-103	390
sampleC_part1	MT037163.1	81.737	334	61	0	180	513	61	394	3.34e-103	390
sampleC_part1	MT037162.1	81.737	334	61	0	180	513	61	394	3.34e-103	390
sampleC_part1	MT037161.1	81.737	334	61	0	180	513	61	394	3.34e-103	390
sampleC_part1	MT037160.1	81.737	334	61	0	180	513	61	394	3.34e-103	390
sampleC_part1	MT037159.1	81.737	334	61	0	180	513	61	394	3.34e-103	390
sampleC_part1	MT037158.1	81.737	334	61	0	180	513	61	394	3.34e-103	390
sampleC_part1	MT037156.1	81.737	334	61	0	180	513	61	394	3.34e-103	390
sampleC_part1	MT037155.1	81.737	334	61	0	180	513	61	394	3.34e-103	390
sampleC_part1	MT037154.1	81.737	334	61	0	180	513	61	394	3.34e-103	390
sampleC_part1	MT037153.1	81.737	334	61	0	180	513	61	394	3.34e-103	390
sampleC_part1	MT037152.1	81.737	334	61	0	180	513	61	394	3.34e-103	390
sampleC_part1	MT037151.1	81.737	334	61	0	180	513	61	394	3.34e-103	390
sampleC_part1	MT037150.1	81.737	334	61	0	180	513	61	394	3.34e-103	390
sampleC_part1	MT037149.1	81.737	334	61	0	180	513	61	394	3.34e-103	390
sampleC_part1	MT037148.1	81.737	334	61	0	180	513	61	394	3.34e-103	390
sampleC_part1	MT037147.1	81.737	334	61	0	180	513	61	394	3.34e-103	390
sampleC_part1	MT037146.1	81.737	334	61	0	180	513	61	394	3.34e-103	390
sampleC_part1	MT037145.1	81.737	334	61	0	180	513	61	394	3.34e-103	390
sampleC_part1	MT037144.1	81.737	334	61	0	180	513	61	394	3.34e-103	390
sampleC_part1	MT037143.1	81.737	334	61	0	180	513	61	394	3.34e-103	390
sampleC_part1	MT037142.1	81.737	334	61	0	180	513	61	394	3.34e-103	390
sampleC_part1	MT037141.1	81.737	334	61	0	180	513	61	394	3.34e-103	390
sampleC_part1	MT037140.1	81.737	334	61	0	180	513	61	394	3.34e-103	390
sampleC_part1	MT037139.1	81.737	334	61	0	180	513	61	394	3.34e-103	390
sampleC_part1	MT037138.1	81.737	334	61	0	180	513	61	394	3.34e-103	390
sampleC_part1	MT037137.1	81.737	334	61	0	180	513	61	394	3.34e-103	390
sampleC_part1	MT037136.1	81.737	334	61	0	180	513	61	394	3.34e-103	390
sampleC_part1	MT037135.1	81.737	334	61	0	180	513	61	394	3.34e-103	390
sampleC_part1	MT037134.1	81.737	334	61	0	180	513	61	394	3.34e-103	390
sampleC_part1	MT037133.1	81.737	334	61	0	180	513	61	394	3.34e-103	390
sampleC_part1	MT037132.1	81.737	334	61	0	180	513	61	394	3.34e-103	390
sampleC_part1	MT037131.1	81.737	334	61	0	180	513	61	394	3.34e-103	390
sampleC_part1	MT037130.1	81.737	334	61	0	180	513	61	394	3.34e-103	390
sampleC_part1	MT037129.1	81.737	334	61	0	180	513	61	394	3.34e-103	390
sampleC_part1	MT037128.1	81.737	334	61	0	180	513	61	394	3.34e-103	390
sampleC_part1	MT037126.1	81.737	334	61	0	180	513	61	394	3.34e-103	390
sampleC_part1	MT037125.1	81.737	334	61	0	180	513	61	394	3.34e-103	390
sampleC_part1	MT037124.1	81.737	334	61	0	180	513	61	394	3.34e-103	390
sampleC_part1	MT037122.1	81.737	334	61	0	180	513	61	394	3.34e-103	390
sampleC_part1	MT037121.1	81.737	334	61	0	180	513	61	394	3.34e-103	390
sampleC_part1	MT037120.1	81.737	334	61	0	180	513	61	394	3.34e-103	390
sampleC_part1	MT037119.1	81.737	334	61	0	180	513	61	394	3.34e-103	390
sampleC_part1	MT037118.1	81.737	334	61	0	180	513	61	394	3.34e-103	390
sampleC_part1	MT037117.1	81.737	334	61	0	180	513	61	394	3.34e-103	390
sampleC_part1	MT037116.1	81.737	334	61	0	180	513	61	394	3.34e-103	390
sampleC_part1	MT037115.1	81.737	334	61	0	180	513	61	394	3.34e-103	390
sampleC_part1	MT037113.1	81.737	334	61	0	180	513	61	394	3.34e-103	390
sampleC_part1	MT037112.1	81.737	334	61	0	180	513	61	394	3.34e-103	390
sampleC_part1	MT037111.1	81.737	334	61	0	180	513	61	394	3.34e-103	390
sampleC_part1	MT037110.1	81.737	334	61	0	180	513	61	394	3.34e-103	390
sampleC_part1	MT037109.1	81.737	334	61	0	180	513	61	394	3.34e-103	390
sampleC_part1	MT037108.1	81.737	334	61	0	180	513	61	394	3.34e-103	390
sampleC_part1	MT037107.1	81.737	334	61	0	180	513	61	394	3.34e-103	390
sampleC_part1	MT037106.1	81.737	334	61	0	180	513	61	394	3.34e-103	390
sampleC_part1	MT037105.1	81.737	334	61	0	180	513	61	394	3.34e-103	390
sampleC_part1	MT037104.1	81.737	334	61	0	180	513	61	394	3.34e-103	390
sampleC_part1	MT037103.1	81.737	334	61	0	180	513	61	394	3.34e-103	390
sampleC_part1	MT037102.1	81.737	334	61	0	180	513	61	394	3.34e-103	390
sampleC_part1	MT037101.1	81.737	334	61	0	180	513	61	394	3.34e-103	390
sampleC_part1	MT037100.1	81.737	334	61	0	180	513	61	394	3.34e-103	390
sampleC_part1	MT037099.1	81.737	334	61	0	180	513	61	394	3.34e-103	390
sampleC_part1	MT037097.1	81.737	334	61	0	180	513	61	394	3.34e-103	390
sampleC_part1	MT037096.1	81.737	334	61	0	180	513	61	394	3.34e-103	390
sampleC_part1	MT037095.1	81.737	334	61	0	180	513	61	394	3.34e-103	390
sampleC_part1	MT037094.1	81.737	334	61	0	180	513	61	394	3.34e-103	390
sampleC_part1	MT037093.1	81.737	334	61	0	180	513	61	394	3.34e-103	390
sampleC_part1	MT037092.1	81.737	334	61	0	180	513	61	394	3.34e-103	390
sampleC_part1	MT037091.1	81.737	334	61	0	180	513	61	394	3.34e-103	390
sampleC_part1	MT037090.1	81.737	334	61	0	180	513	61	394	3.34e-103	390
sampleC_part1	MT037089.1	81.737	334	61	0	180	513	61	394	3.34e-103	390
sampleC_part1	MT037088.1	81.737	334	61	0	180	513	61	394	3.34e-103	390
sampleC_part1	MT037085.1	81.737	334	61	0	180	513	61	394	3.34e-103	390
sampleC_part1	MT037084.1	81.737	334	61	0	180	513	61	394	3.34e-103	390
sampleC_part1	MT037081.1	81.737	334	61	0	180	513	61	394	3.34e-103	390
sampleC_part1	MT037080.1	81.737	334	61	0	180	513	61	394	3.34e-103	390
sampleC_part1	MT037079.1	81.737	334	61	0	180	513	61	394	3.34e-103	390
sampleC_part1	MT037078.1	81.737	334	61	0	180	513	61	394	3.34e-103	390
sampleC_part1	MT037076.1	81.737	334	61	0	180	513	61	394	3.34e-103	390
sampleC_part1	MT037075.1	81.737	334	61	0	180	513	61	394	3.34e-103	390
sampleC_part1	MT410869.1	81.737	334	61	0	180	513	5654	5987	3.34e-103	390
sampleC_part1	MT410869.1	98.750	80	0	1	35	114	5510	5588	3.71e-28	141
sampleC_part1	JN086149.1	81.737	334	61	0	180	513	5654	5987	3.34e-103	390
sampleC_part1	JN086149.1	98.750	80	0	1	35	114	5510	5588	3.71e-28	141
sampleC_part1	JN097817.1	81.737	334	61	0	180	513	154	487	3.34e-103	390
sampleC_part1	JN097817.1	96.250	80	2	1	35	114	10	88	8.04e-25	130
sampleC_part1	GU451772.1	81.737	334	61	0	180	513	129	462	3.34e-103	390
sampleC_part1	GU451772.1	98.438	64	0	1	51	114	1	63	2.91e-19	111
sampleC_part1	NC_014052.1	81.737	334	61	0	180	513	6519	6852	3.34e-103	390
sampleC_part1	NC_014052.1	98.750	80	0	1	35	114	6375	6453	3.71e-28	141
sampleC_part1	GQ414568.1	81.737	334	61	0	180	513	92	425	3.34e-103	390
sampleC_part1	DQ107585.1	81.737	334	61	0	180	513	129	462	3.34e-103	390
sampleC_part1	DQ107585.1	98.438	64	0	1	51	114	1	63	2.91e-19	111
sampleC_part1	NC_004901.2	81.737	334	61	0	180	513	5653	5986	3.34e-103	390
sampleC_part1	NC_004901.2	98.750	80	0	1	35	114	5509	5587	3.71e-28	141
sampleC_part1	AB097669.1	81.737	334	61	0	180	513	6518	6851	3.34e-103	390
sampleC_part1	AB097669.1	98.750	80	0	1	35	114	6374	6452	3.71e-28	141
sampleC_part1	MZ892564.1	81.437	334	62	0	180	513	129	462	1.55e-101	385
sampleC_part1	MZ892564.1	96.875	64	1	1	51	114	1	63	1.35e-17	106
sampleC_part1	KT074144.1	81.437	334	62	0	180	513	94	427	1.55e-101	385
sampleC_part1	KT074113.1	81.437	334	62	0	180	513	94	427	1.55e-101	385
sampleC_part1	KF463146.1	81.437	334	62	0	180	513	129	462	1.55e-101	385
sampleC_part1	KF463146.1	98.438	64	0	1	51	114	1	63	2.91e-19	111
sampleC_part1	KC501700.1	81.437	334	62	0	180	513	128	461	1.55e-101	385
sampleC_part1	KC501700.1	98.413	63	0	1	52	114	1	62	1.05e-18	110
sampleC_part1	KC501694.1	81.437	334	62	0	180	513	128	461	1.55e-101	385
sampleC_part1	KC501694.1	98.413	63	0	1	52	114	1	62	1.05e-18	110
sampleC_part1	JQ624007.1	81.437	334	62	0	180	513	129	462	1.55e-101	385
sampleC_part1	JQ624007.1	98.438	64	0	1	51	114	1	63	2.91e-19	111
sampleC_part1	MT645976.1	81.138	334	63	0	180	513	100	433	7.23e-100	379
sampleC_part1	MT455613.1	81.138	334	63	0	180	513	129	462	7.23e-100	379
sampleC_part1	MT455613.1	96.875	64	1	1	51	114	1	63	1.35e-17	106
sampleC_part1	MT455440.1	81.138	334	63	0	180	513	129	462	7.23e-100	379
sampleC_part1	MT455440.1	95.312	64	2	1	51	114	1	63	6.30e-16	100
sampleC_part1	MT455147.1	81.138	334	63	0	180	513	108	441	7.23e-100	379
sampleC_part1	MT455147.1	97.674	43	0	1	72	114	1	42	1.37e-07	73.1
sampleC_part1	MN257555.1	81.138	334	63	0	180	513	98	431	7.23e-100	379
sampleC_part1	MT311638.1	81.138	334	63	0	180	513	62	395	7.23e-100	379
sampleC_part1	MT311636.1	81.138	334	63	0	180	513	62	395	7.23e-100	379
sampleC_part1	MT311634.1	81.138	334	63	0	180	513	83	416	7.23e-100	379
sampleC_part1	MT311623.1	81.138	334	63	0	180	513	47	380	7.23e-100	379
sampleC_part1	MT311622.1	81.138	334	63	0	180	513	83	416	7.23e-100	379
sampleC_part1	MT311606.1	81.138	334	63	0	180	513	44	377	7.23e-100	379
sampleC_part1	MT311605.1	81.138	334	63	0	180	513	86	419	7.23e-100	379
sampleC_part1	MT311604.1	81.138	334	63	0	180	513	38	371	7.23e-100	379
sampleC_part1	MT311600.1	81.138	334	63	0	180	513	86	419	7.23e-100	379
sampleC_part1	MT311590.1	81.138	334	63	0	180	513	86	419	7.23e-100	379
sampleC_part1	MT311572.1	81.138	334	63	0	180	513	86	419	7.23e-100	379
sampleC_part1	MT311561.1	81.138	334	63	0	180	513	86	419	7.23e-100	379
sampleC_part1	MT311556.1	81.138	334	63	0	180	513	17	350	7.23e-100	379
sampleC_part1	MT311555.1	81.138	334	63	0	180	513	59	392	7.23e-100	379
sampleC_part1	MT311543.1	81.138	334	63	0	180	513	29	362	7.23e-100	379
sampleC_part1	MT311525.1	81.138	334	63	0	180	513	62	395	7.23e-100	379
sampleC_part1	MT311524.1	81.138	334	63	0	180	513	35	368	7.23e-100	379
sampleC_part1	MT002792.1	81.138	334	63	0	180	513	93	426	7.23e-100	379
sampleC_part1	MT002791.1	81.138	334	63	0	180	513	93	426	7.23e-100	379
sampleC_part1	PX381155.1	81.138	334	63	0	180	513	95	428	7.23e-100	379
sampleC_part1	MK216631.1	81.138	334	63	0	180	513	120	453	7.23e-100	379
sampleC_part1	MK216631.1	98.182	55	0	1	60	114	1	54	2.93e-14	95.3
sampleC_part1	MG720842.1	81.138	334	63	0	180	513	95	428	7.23e-100	379
sampleC_part1	MG720840.1	81.138	334	63	0	180	513	95	428	7.23e-100	379
sampleC_part1	MG720839.1	81.138	334	63	0	180	513	95	428	7.23e-100	379
sampleC_part1	PV866447.1	81.138	334	63	0	180	513	53	386	7.23e-100	379
sampleC_part1	PV852183.1	81.138	334	63	0	180	513	59	392	7.23e-100	379
sampleC_part1	PV851801.1	81.138	334	63	0	180	513	59	392	7.23e-100	379
sampleC_part1	PV852593.1	81.138	334	63	0	180	513	14	347	7.23e-100	379
sampleC_part1	PV838732.1	81.138	334	63	0	180	513	35	368	7.23e-100	379
sampleC_part1	PV838726.1	81.138	334	63	0	180	513	35	368	7.23e-100	379
sampleC_part1	PV829884.1	81.138	334	63	0	180	513	47	380	7.23e-100	379
sampleC_part1	PV828838.1	81.138	334	63	0	180	513	59	392	7.23e-100	379
sampleC_part1	PV828818.1	81.138	334	63	0	180	513	59	392	7.23e-100	379
sampleC_part1	PV570349.1	81.138	334	63	0	180	513	98	431	7.23e-100	379
sampleC_part1	PV570348.1	81.138	334	63	0	180	513	98	431	7.23e-100	379
sampleC_part1	PV570347.1	81.138	334	63	0	180	513	20	353	7.23e-100	379
sampleC_part1	PV570346.1	81.138	334	63	0	180	513	91	424	7.23e-100	379
sampleC_part1	PV541614.1	81.138	334	63	0	180	513	101	434	7.23e-100	379
sampleC_part1	PV541613.1	81.138	334	63	0	180	513	94	427	7.23e-100	379
sampleC_part1	PV541611.1	81.138	334	63	0	180	513	101	434	7.23e-100	379
sampleC_part1	PV541610.1	81.138	334	63	0	180	513	100	433	7.23e-100	379
sampleC_part1	MK567372.1	81.138	334	63	0	180	513	119	452	7.23e-100	379
sampleC_part1	MK567372.1	98.148	54	0	1	61	114	1	53	1.05e-13	93.5
sampleC_part1	MK567371.1	81.138	334	63	0	180	513	111	444	7.23e-100	379
sampleC_part1	MK567371.1	97.826	46	0	1	69	114	1	45	2.95e-09	78.7
sampleC_part1	MK567367.1	81.138	334	63	0	180	513	107	440	7.23e-100	379
sampleC_part1	MK567367.1	97.619	42	0	1	73	114	1	41	4.94e-07	71.3
sampleC_part1	MK567363.1	81.138	334	63	0	180	513	115	448	7.23e-100	379
sampleC_part1	MK567363.1	96.000	50	1	1	65	114	1	49	8.21e-10	80.5
sampleC_part1	MK567359.1	81.138	334	63	0	180	513	58	391	7.23e-100	379
sampleC_part1	MK567358.1	81.138	334	63	0	180	513	110	443	7.23e-100	379
sampleC_part1	MK567358.1	97.778	45	0	1	70	114	1	44	1.06e-08	76.8
sampleC_part1	MK567355.1	81.138	334	63	0	180	513	110	443	7.23e-100	379
sampleC_part1	MK567355.1	97.778	45	0	1	70	114	1	44	1.06e-08	76.8
sampleC_part1	MK567354.1	81.138	334	63	0	180	513	100	433	7.23e-100	379
sampleC_part1	MK567352.1	81.138	334	63	0	180	513	112	445	7.23e-100	379
sampleC_part1	MK567352.1	97.872	47	0	1	68	114	1	46	8.21e-10	80.5
sampleC_part1	MK567351.1	81.138	334	63	0	180	513	100	433	7.23e-100	379
sampleC_part1	MK567350.1	81.138	334	63	0	180	513	103	436	7.23e-100	379
sampleC_part1	MK567348.1	81.138	334	63	0	180	513	132	465	7.23e-100	379
sampleC_part1	MK567348.1	97.015	67	1	1	48	114	1	66	8.09e-20	113
sampleC_part1	MK567346.1	81.138	334	63	0	180	513	132	465	7.23e-100	379
sampleC_part1	MK567346.1	97.015	67	1	1	48	114	1	66	2.91e-19	111
sampleC_part1	MK567345.1	81.138	334	63	0	180	513	132	465	7.23e-100	379
sampleC_part1	MK567345.1	98.507	67	0	1	48	114	1	66	6.26e-21	117
sampleC_part1	MK567343.1	81.138	334	63	0	180	513	132	465	7.23e-100	379
sampleC_part1	MK567343.1	97.015	67	1	1	48	114	1	66	2.91e-19	111
sampleC_part1	MK567342.1	81.138	334	63	0	180	513	132	465	7.23e-100	379
sampleC_part1	MK567342.1	97.015	67	1	1	48	114	1	66	2.91e-19	111
sampleC_part1	MK567340.1	81.138	334	63	0	180	513	112	445	7.23e-100	379
sampleC_part1	MK567340.1	97.872	47	0	1	68	114	1	46	8.21e-10	80.5
sampleC_part1	MK567338.1	81.138	334	63	0	180	513	132	465	7.23e-100	379
sampleC_part1	MK567338.1	98.507	67	0	1	48	114	1	66	6.26e-21	117
sampleC_part1	MK567337.1	81.138	334	63	0	180	513	35	368	7.23e-100	379
sampleC_part1	MK567335.1	81.138	334	63	0	180	513	58	391	7.23e-100	379
sampleC_part1	MK567334.1	81.138	334	63	0	180	513	110	443	7.23e-100	379
sampleC_part1	MK567334.1	97.778	45	0	1	70	114	1	44	1.06e-08	76.8
sampleC_part1	PV265542.1	81.138	334	63	0	180	513	129	462	7.23e-100	379
sampleC_part1	PV265542.1	98.438	64	0	1	51	114	1	63	2.91e-19	111
sampleC_part1	PV265536.1	81.138	334	63	0	180	513	129	462	7.23e-100	379
sampleC_part1	PV265536.1	96.875	64	1	1	51	114	1	63	1.35e-17	106
sampleC_part1	PV265533.1	81.138	334	63	0	180	513	129	462	7.23e-100	379
sampleC_part1	PV265533.1	98.438	64	0	1	51	114	1	63	2.91e-19	111
sampleC_part1	PV242006.1	81.138	334	63	0	180	513	110	443	7.23e-100	379
sampleC_part1	PV242006.1	97.778	45	0	1	70	114	1	44	1.06e-08	76.8
sampleC_part1	PV242005.1	81.138	334	63	0	180	513	156	489	7.23e-100	379
sampleC_part1	PV242005.1	96.250	80	2	1	35	114	12	90	8.04e-25	130
sampleC_part1	PV069719.1	81.138	334	63	0	180	513	5654	5987	7.23e-100	379
sampleC_part1	PV069719.1	98.750	80	0	1	35	114	5510	5588	3.71e-28	141
sampleC_part1	MH638729.1	81.138	334	63	0	180	513	138	471	7.23e-100	379
sampleC_part1	MH638729.1	95.890	73	2	1	42	114	1	72	6.26e-21	117
sampleC_part1	MH638704.1	81.138	334	63	0	180	513	138	471	7.23e-100	379
sampleC_part1	MH638704.1	95.890	73	2	1	42	114	1	72	6.26e-21	117
sampleC_part1	MK328512.1	81.138	334	63	0	180	513	110	443	7.23e-100	379
sampleC_part1	MK301244.1	81.138	334	63	0	180	513	116	449	7.23e-100	379
sampleC_part1	MK301243.1	81.138	334	63	0	180	513	116	449	7.23e-100	379
sampleC_part1	MH085917.1	81.138	334	63	0	180	513	86	419	7.23e-100	379
sampleC_part1	PQ338152.1	81.138	334	63	0	180	513	41	374	7.23e-100	379
sampleC_part1	PQ338146.1	81.138	334	63	0	180	513	41	374	7.23e-100	379
sampleC_part1	PQ338142.1	81.138	334	63	0	180	513	41	374	7.23e-100	379
sampleC_part1	MG205118.1	81.138	334	63	0	180	513	23	356	7.23e-100	379
sampleC_part1	MG205114.1	81.138	334	63	0	180	513	79	412	7.23e-100	379
sampleC_part1	MG205105.1	81.138	334	63	0	180	513	21	354	7.23e-100	379
sampleC_part1	MG205092.1	81.138	334	63	0	180	513	88	421	7.23e-100	379
sampleC_part1	MG205090.1	81.138	334	63	0	180	513	28	361	7.23e-100	379
sampleC_part1	MG205084.1	81.138	334	63	0	180	513	28	361	7.23e-100	379
sampleC_part1	MG205064.1	81.138	334	63	0	180	513	29	362	7.23e-100	379
sampleC_part1	MG205055.1	81.138	334	63	0	180	513	86	419	7.23e-100	379
sampleC_part1	MG205054.1	81.138	334	63	0	180	513	88	421	7.23e-100	379
sampleC_part1	MG205043.1	81.138	334	63	0	180	513	76	409	7.23e-100	379
sampleC_part1	MG205032.1	81.138	334	63	0	180	513	58	391	7.23e-100	379
sampleC_part1	MG205029.1	81.138	334	63	0	180	513	86	419	7.23e-100	379
sampleC_part1	MG205026.1	81.138	334	63	0	180	513	94	427	7.23e-100	379
sampleC_part1	MG205024.1	81.138	334	63	0	180	513	76	409	7.23e-100	379
sampleC_part1	MG205009.1	81.138	334	63	0	180	513	86	419	7.23e-100	379
sampleC_part1	MG204994.1	81.138	334	63	0	180	513	76	409	7.23e-100	379
sampleC_part1	MG204977.1	81.138	334	63	0	180	513	86	419	7.23e-100	379
sampleC_part1	MG204971.1	81.138	334	63	0	180	513	76	409	7.23e-100	379
sampleC_part1	MG204962.1	81.138	334	63	0	180	513	88	421	7.23e-100	379
sampleC_part1	MG204945.1	81.138	334	63	0	180	513	86	419	7.23e-100	379
sampleC_part1	MG204926.1	81.138	334	63	0	180	513	76	409	7.23e-100	379
sampleC_part1	MG204916.1	81.138	334	63	0	180	513	86	419	7.23e-100	379
sampleC_part1	MG204911.1	81.138	334	63	0	180	513	60	393	7.23e-100	379
sampleC_part1	MG204905.1	81.138	334	63	0	180	513	58	391	7.23e-100	379
sampleC_part1	MG204890.1	81.138	334	63	0	180	513	96	429	7.23e-100	379
sampleC_part1	MG204885.1	81.138	334	63	0	180	513	88	421	7.23e-100	379
sampleC_part1	MG204883.1	81.138	334	63	0	180	513	23	356	7.23e-100	379
sampleC_part1	MG204880.1	81.138	334	63	0	180	513	26	359	7.23e-100	379
sampleC_part1	MG204879.1	81.138	334	63	0	180	513	86	419	7.23e-100	379
sampleC_part1	KY984984.1	81.138	334	63	0	180	513	152	485	7.23e-100	379
sampleC_part1	KY984984.1	96.154	78	2	1	37	114	10	86	1.04e-23	126
sampleC_part1	KY372230.1	81.138	334	63	0	180	513	113	446	7.23e-100	379
sampleC_part1	KY372230.1	97.917	48	0	1	67	114	1	47	2.28e-10	82.4
sampleC_part1	KY372229.1	81.138	334	63	0	180	513	113	446	7.23e-100	379
sampleC_part1	KY372229.1	97.917	48	0	1	67	114	1	47	2.28e-10	82.4
sampleC_part1	KY372228.1	81.138	334	63	0	180	513	113	446	7.23e-100	379
sampleC_part1	KY372228.1	97.917	48	0	1	67	114	1	47	2.28e-10	82.4
sampleC_part1	KY372227.1	81.138	334	63	0	180	513	113	446	7.23e-100	379
sampleC_part1	KY372227.1	97.917	48	0	1	67	114	1	47	2.28e-10	82.4
sampleC_part1	KY372226.1	81.138	334	63	0	180	513	113	446	7.23e-100	379
sampleC_part1	KY372226.1	97.917	48	0	1	67	114	1	47	2.28e-10	82.4
sampleC_part1	KY372225.1	81.138	334	63	0	180	513	113	446	7.23e-100	379
sampleC_part1	KY372225.1	97.917	48	0	1	67	114	1	47	2.28e-10	82.4
sampleC_part1	KY372224.1	81.138	334	63	0	180	513	113	446	7.23e-100	379
sampleC_part1	KY372224.1	97.917	48	0	1	67	114	1	47	2.28e-10	82.4
sampleC_part1	KY372223.1	81.138	334	63	0	180	513	113	446	7.23e-100	379
sampleC_part1	KY372223.1	97.917	48	0	1	67	114	1	47	2.28e-10	82.4
sampleC_part1	KY372222.1	81.138	334	63	0	180	513	113	446	7.23e-100	379
sampleC_part1	KY372222.1	97.917	48	0	1	67	114	1	47	2.28e-10	82.4
sampleC_part1	KY372221.1	81.138	334	63	0	180	513	113	446	7.23e-100	379
sampleC_part1	KY372221.1	97.917	48	0	1	67	114	1	47	2.28e-10	82.4
sampleC_part1	KX768137.1	81.138	334	63	0	180	513	113	446	7.23e-100	379
sampleC_part1	KX768137.1	97.917	48	0	1	67	114	1	47	2.28e-10	82.4
sampleC_part1	KY676041.1	81.138	334	63	0	180	513	78	411	7.23e-100	379
sampleC_part1	PP661816.1	81.138	334	63	0	180	513	20	353	7.23e-100	379
sampleC_part1	PP661815.1	81.138	334	63	0	180	513	20	353	7.23e-100	379
sampleC_part1	PP661813.1	81.138	334	63	0	180	513	20	353	7.23e-100	379
sampleC_part1	KY438845.1	81.138	334	63	0	180	513	35	368	7.23e-100	379
sampleC_part1	KY438839.1	81.138	334	63	0	180	513	55	388	7.23e-100	379
sampleC_part1	KY438833.1	81.138	334	63	0	180	513	79	412	7.23e-100	379
sampleC_part1	KY438812.1	81.138	334	63	0	180	513	51	384	7.23e-100	379
sampleC_part1	KY656483.1	81.138	334	63	0	180	513	131	464	7.23e-100	379
sampleC_part1	KY656483.1	96.970	66	1	1	49	114	1	65	1.05e-18	110
sampleC_part1	KY656482.1	81.138	334	63	0	180	513	132	465	7.23e-100	379
sampleC_part1	KY656482.1	98.507	67	0	1	48	114	1	66	6.26e-21	117
sampleC_part1	KY656475.1	81.138	334	63	0	180	513	127	460	7.23e-100	379
sampleC_part1	KY656475.1	98.333	60	0	1	55	114	3	61	4.87e-17	104
sampleC_part1	KX781891.1	81.138	334	63	0	180	513	132	465	7.23e-100	379
sampleC_part1	KX781891.1	97.015	67	1	1	48	114	1	66	2.91e-19	111
sampleC_part1	PP406792.1	81.138	334	63	0	180	513	75	408	7.23e-100	379
sampleC_part1	PP406790.1	81.138	334	63	0	180	513	75	408	7.23e-100	379
sampleC_part1	PP406788.1	81.138	334	63	0	180	513	75	408	7.23e-100	379
sampleC_part1	PP406787.1	81.138	334	63	0	180	513	75	408	7.23e-100	379
sampleC_part1	KY018834.1	81.138	334	63	0	180	513	92	425	7.23e-100	379
sampleC_part1	KP259550.1	81.138	334	63	0	180	513	6520	6853	7.23e-100	379
sampleC_part1	KP259550.1	97.500	80	1	1	35	114	6376	6454	1.73e-26	135
sampleC_part1	OR270946.1	81.138	334	63	0	180	513	79	412	7.23e-100	379
sampleC_part1	OR270942.1	81.138	334	63	0	180	513	86	419	7.23e-100	379
sampleC_part1	MZ892556.1	81.138	334	63	0	180	513	129	462	7.23e-100	379
sampleC_part1	MZ892556.1	96.875	64	1	1	51	114	1	63	1.35e-17	106
sampleC_part1	LT669930.1	81.138	334	63	0	180	513	114	447	7.23e-100	379
sampleC_part1	LT669930.1	97.959	49	0	1	66	114	1	48	6.35e-11	84.2
sampleC_part1	LT669926.1	81.138	334	63	0	180	513	112	445	7.23e-100	379
sampleC_part1	LT669926.1	97.872	47	0	1	68	114	1	46	8.21e-10	80.5
sampleC_part1	KU945037.1	81.138	334	63	0	180	513	59	392	7.23e-100	379
sampleC_part1	KU945033.1	81.138	334	63	0	180	513	59	392	7.23e-100	379
sampleC_part1	KX355136.1	81.138	334	63	0	180	513	123	456	7.23e-100	379
sampleC_part1	KX355136.1	98.276	58	0	1	57	114	1	57	6.30e-16	100
sampleC_part1	KX355135.1	81.138	334	63	0	180	513	123	456	7.23e-100	379
sampleC_part1	KX355135.1	98.276	58	0	1	57	114	1	57	6.30e-16	100
sampleC_part1	KX355134.1	81.138	334	63	0	180	513	123	456	7.23e-100	379
sampleC_part1	KX355134.1	98.276	58	0	1	57	114	1	57	6.30e-16	100
sampleC_part1	KX355133.1	81.138	334	63	0	180	513	123	456	7.23e-100	379
sampleC_part1	KX355133.1	98.276	58	0	1	57	114	1	57	6.30e-16	100
sampleC_part1	KX355132.1	81.138	334	63	0	180	513	123	456	7.23e-100	379
sampleC_part1	KX355132.1	98.276	58	0	1	57	114	1	57	6.30e-16	100
sampleC_part1	KX355131.1	81.138	334	63	0	180	513	123	456	7.23e-100	379
sampleC_part1	KX355131.1	98.276	58	0	1	57	114	1	57	6.30e-16	100
sampleC_part1	OR114107.1	81.138	334	63	0	180	513	63	396	7.23e-100	379
sampleC_part1	LN908914.1	81.138	334	63	0	180	513	67	400	7.23e-100	379
sampleC_part1	LN908913.1	81.138	334	63	0	180	513	123	456	7.23e-100	379
sampleC_part1	LN908913.1	98.276	58	0	1	57	114	1	57	6.30e-16	100
sampleC_part1	LN908912.1	81.138	334	63	0	180	513	123	456	7.23e-100	379
sampleC_part1	LN908912.1	98.276	58	0	1	57	114	1	57	6.30e-16	100
sampleC_part1	LN908910.1	81.138	334	63	0	180	513	123	456	7.23e-100	379
sampleC_part1	LN908910.1	98.276	58	0	1	57	114	1	57	6.30e-16	100
sampleC_part1	KU168662.1	81.138	334	63	0	180	513	118	451	7.23e-100	379
sampleC_part1	KU168661.1	81.138	334	63	0	180	513	75	408	7.23e-100	379
sampleC_part1	KU168660.1	81.138	334	63	0	180	513	115	448	7.23e-100	379
sampleC_part1	KU168654.1	81.138	334	63	0	180	513	117	450	7.23e-100	379
sampleC_part1	KU168653.1	81.138	334	63	0	180	513	118	451	7.23e-100	379
sampleC_part1	KU168652.1	81.138	334	63	0	180	513	119	452	7.23e-100	379
sampleC_part1	KU168651.1	81.138	334	63	0	180	513	121	454	7.23e-100	379
sampleC_part1	KU168649.1	81.138	334	63	0	180	513	35	368	7.23e-100	379
sampleC_part1	KU168648.1	81.138	334	63	0	180	513	44	377	7.23e-100	379
sampleC_part1	KU168647.1	81.138	334	63	0	180	513	47	380	7.23e-100	379
sampleC_part1	KU168645.1	81.138	334	63	0	180	513	47	380	7.23e-100	379
sampleC_part1	KU168642.1	81.138	334	63	0	180	513	87	420	7.23e-100	379
sampleC_part1	KU168639.1	81.138	334	63	0	180	513	64	397	7.23e-100	379
sampleC_part1	KU168638.1	81.138	334	63	0	180	513	109	442	7.23e-100	379
sampleC_part1	KU168636.1	81.138	334	63	0	180	513	77	410	7.23e-100	379
sampleC_part1	KU168634.1	81.138	334	63	0	180	513	78	411	7.23e-100	379
sampleC_part1	KU168633.1	81.138	334	63	0	180	513	97	430	7.23e-100	379
sampleC_part1	KU168632.1	81.138	334	63	0	180	513	76	409	7.23e-100	379
sampleC_part1	KU168630.1	81.138	334	63	0	180	513	75	408	7.23e-100	379
sampleC_part1	KU168628.1	81.138	334	63	0	180	513	86	419	7.23e-100	379
sampleC_part1	KU168627.1	81.138	334	63	0	180	513	74	407	7.23e-100	379
sampleC_part1	KU168625.1	81.138	334	63	0	180	513	47	380	7.23e-100	379
sampleC_part1	KU168624.1	81.138	334	63	0	180	513	119	452	7.23e-100	379
sampleC_part1	KU168622.1	81.138	334	63	0	180	513	23	356	7.23e-100	379
sampleC_part1	KU168620.1	81.138	334	63	0	180	513	75	408	7.23e-100	379
sampleC_part1	KU168619.1	81.138	334	63	0	180	513	112	445	7.23e-100	379
sampleC_part1	KT724724.1	81.138	334	63	0	180	513	5654	5987	7.23e-100	379
sampleC_part1	KT724724.1	97.500	80	1	1	35	114	5510	5588	1.73e-26	135
sampleC_part1	KP266821.1	81.138	334	63	0	180	513	129	462	7.23e-100	379
sampleC_part1	KP266821.1	96.875	64	1	1	51	114	1	63	1.35e-17	106
sampleC_part1	OQ387746.1	81.138	334	63	0	180	513	129	462	7.23e-100	379
sampleC_part1	OQ387746.1	96.875	64	1	1	51	114	1	63	1.35e-17	106
sampleC_part1	OQ387618.1	81.138	334	63	0	180	513	129	462	7.23e-100	379
sampleC_part1	OQ387618.1	96.875	64	1	1	51	114	1	63	1.35e-17	106
sampleC_part1	OQ387164.1	81.138	334	63	0	180	513	129	462	7.23e-100	379
sampleC_part1	OQ387164.1	96.875	64	1	1	51	114	1	63	1.35e-17	106
sampleC_part1	OQ386562.1	81.138	334	63	0	180	513	121	454	7.23e-100	379
sampleC_part1	OQ386562.1	98.214	56	0	1	59	114	1	55	8.15e-15	97.1
sampleC_part1	OQ385520.1	81.138	334	63	0	180	513	129	462	7.23e-100	379
sampleC_part1	OQ385520.1	96.875	64	1	1	51	114	1	63	1.35e-17	106
sampleC_part1	KT719293.1	81.138	334	63	0	180	513	69	402	7.23e-100	379
sampleC_part1	KT719292.1	81.138	334	63	0	180	513	98	431	7.23e-100	379
sampleC_part1	KT719291.1	81.138	334	63	0	180	513	106	439	7.23e-100	379
sampleC_part1	KT719290.1	81.138	334	63	0	180	513	106	439	7.23e-100	379
sampleC_part1	KT719289.1	81.138	334	63	0	180	513	106	439	7.23e-100	379
sampleC_part1	KT719288.1	81.138	334	63	0	180	513	106	439	7.23e-100	379
sampleC_part1	KT719287.1	81.138	334	63	0	180	513	106	439	7.23e-100	379
sampleC_part1	KT719286.1	81.138	334	63	0	180	513	106	439	7.23e-100	379
sampleC_part1	KT719285.1	81.138	334	63	0	180	513	106	439	7.23e-100	379
sampleC_part1	KP330359.1	81.138	334	63	0	180	513	92	425	7.23e-100	379
sampleC_part1	KP330358.1	81.138	334	63	0	180	513	92	425	7.23e-100	379
sampleC_part1	OM743312.1	81.138	334	63	0	180	513	136	469	7.23e-100	379
sampleC_part1	OM743312.1	97.101	69	1	1	46	114	3	70	2.25e-20	115
sampleC_part1	KP975906.1	81.138	334	63	0	180	513	128	461	7.23e-100	379
sampleC_part1	KP975906.1	98.413	63	0	1	52	114	1	62	1.05e-18	110
sampleC_part1	KP975900.1	81.138	334	63	0	180	513	128	461	7.23e-100	379
sampleC_part1	KP975900.1	96.825	63	1	1	52	114	1	62	4.87e-17	104
sampleC_part1	KP975896.1	81.138	334	63	0	180	513	105	438	7.23e-100	379
sampleC_part1	KP975896.1	97.500	40	0	1	75	114	1	39	6.39e-06	67.6
sampleC_part1	KP975895.1	81.138	334	63	0	180	513	99	432	7.23e-100	379
sampleC_part1	KP975894.1	81.138	334	63	0	180	513	96	429	7.23e-100	379
sampleC_part1	KP975892.1	81.138	334	63	0	180	513	110	443	7.23e-100	379
sampleC_part1	KP975892.1	97.778	45	0	1	70	114	1	44	1.06e-08	76.8
sampleC_part1	KP975880.1	81.138	334	63	0	180	513	107	440	7.23e-100	379
sampleC_part1	KP975880.1	97.619	42	0	1	73	114	1	41	4.94e-07	71.3
sampleC_part1	KP975879.1	81.138	334	63	0	180	513	128	461	7.23e-100	379
sampleC_part1	KP975879.1	96.825	63	1	1	52	114	1	62	4.87e-17	104
sampleC_part1	KP975872.1	81.138	334	63	0	180	513	128	461	7.23e-100	379
sampleC_part1	KP975872.1	96.825	63	1	1	52	114	1	62	4.87e-17	104
sampleC_part1	KP975870.1	81.138	334	63	0	180	513	128	461	7.23e-100	379
sampleC_part1	KP975870.1	96.825	63	1	1	52	114	1	62	4.87e-17	104
sampleC_part1	KP975868.1	81.138	334	63	0	180	513	101	434	7.23e-100	379
sampleC_part1	KP975866.1	81.138	334	63	0	180	513	98	431	7.23e-100	379
sampleC_part1	KP975864.1	81.138	334	63	0	180	513	128	461	7.23e-100	379
sampleC_part1	KP975864.1	96.825	63	1	1	52	114	1	62	4.87e-17	104
sampleC_part1	KP975861.1	81.138	334	63	0	180	513	98	431	7.23e-100	379
sampleC_part1	KP975860.1	81.138	334	63	0	180	513	128	461	7.23e-100	379
sampleC_part1	KP975860.1	96.825	63	1	1	52	114	1	62	4.87e-17	104
sampleC_part1	KP975859.1	81.138	334	63	0	180	513	128	461	7.23e-100	379
sampleC_part1	KP975859.1	96.825	63	1	1	52	114	1	62	4.87e-17	104
sampleC_part1	KP975858.1	81.138	334	63	0	180	513	128	461	7.23e-100	379
sampleC_part1	KP975858.1	96.825	63	1	1	52	114	1	62	4.87e-17	104
sampleC_part1	KP975857.1	81.138	334	63	0	180	513	128	461	7.23e-100	379
sampleC_part1	KP975857.1	96.825	63	1	1	52	114	1	62	4.87e-17	104
sampleC_part1	KP975853.1	81.138	334	63	0	180	513	128	461	7.23e-100	379
sampleC_part1	KP975853.1	96.825	63	1	1	52	114	1	62	4.87e-17	104
sampleC_part1	KP975850.1	81.138	334	63	0	180	513	128	461	7.23e-100	379
sampleC_part1	KP975850.1	96.825	63	1	1	52	114	1	62	4.87e-17	104
sampleC_part1	KP975849.1	81.138	334	63	0	180	513	93	426	7.23e-100	379
sampleC_part1	KJ531382.1	81.138	334	63	0	180	513	129	462	7.23e-100	379
sampleC_part1	KJ531382.1	96.875	64	1	1	51	114	1	63	1.35e-17	106
sampleC_part1	KM588080.1	81.138	334	63	0	180	513	5655	5988	7.23e-100	379
sampleC_part1	KM588080.1	96.250	80	2	1	35	114	5511	5589	8.04e-25	130
sampleC_part1	KF925362.1	81.138	334	63	0	180	513	5654	5987	7.23e-100	379
sampleC_part1	KF925362.1	97.500	80	1	1	35	114	5510	5588	1.73e-26	135
sampleC_part1	KM055417.1	81.138	334	63	0	180	513	105	438	7.23e-100	379
sampleC_part1	KM055417.1	97.500	40	0	1	75	114	1	39	6.39e-06	67.6
sampleC_part1	MZ407804.1	81.138	334	63	0	180	513	98	431	7.23e-100	379
sampleC_part1	MZ407788.1	81.138	334	63	0	180	513	98	431	7.23e-100	379
sampleC_part1	MW829641.1	81.138	334	63	0	180	513	105	438	7.23e-100	379
sampleC_part1	MW829641.1	97.500	40	0	1	75	114	1	39	6.39e-06	67.6
sampleC_part1	MW826626.1	81.138	334	63	0	180	513	106	439	7.23e-100	379
sampleC_part1	MW826626.1	97.561	41	0	1	74	114	1	40	1.78e-06	69.4
sampleC_part1	MW826624.1	81.138	334	63	0	180	513	123	456	7.23e-100	379
sampleC_part1	MW826624.1	98.276	58	0	1	57	114	1	57	6.30e-16	100
sampleC_part1	MW826622.1	81.138	334	63	0	180	513	113	446	7.23e-100	379
sampleC_part1	MW826622.1	97.917	48	0	1	67	114	1	47	2.28e-10	82.4
sampleC_part1	MW826618.1	81.138	334	63	0	180	513	113	446	7.23e-100	379
sampleC_part1	MW826618.1	97.917	48	0	1	67	114	1	47	2.28e-10	82.4
sampleC_part1	MW826617.1	81.138	334	63	0	180	513	113	446	7.23e-100	379
sampleC_part1	MW826617.1	97.917	48	0	1	67	114	1	47	2.28e-10	82.4
sampleC_part1	MW826616.1	81.138	334	63	0	180	513	113	446	7.23e-100	379
sampleC_part1	MW826616.1	97.917	48	0	1	67	114	1	47	2.28e-10	82.4
sampleC_part1	MW826614.1	81.138	334	63	0	180	513	106	439	7.23e-100	379
sampleC_part1	MW826614.1	97.561	41	0	1	74	114	1	40	1.78e-06	69.4
sampleC_part1	MW826608.1	81.138	334	63	0	180	513	105	438	7.23e-100	379
sampleC_part1	MW826608.1	97.500	40	0	1	75	114	1	39	6.39e-06	67.6
sampleC_part1	MW822309.1	81.138	334	63	0	180	513	114	447	7.23e-100	379
sampleC_part1	MW822303.1	81.138	334	63	0	180	513	114	447	7.23e-100	379
sampleC_part1	MW822303.1	97.959	49	0	1	66	114	1	48	6.35e-11	84.2
sampleC_part1	MW817806.1	81.138	334	63	0	180	513	118	451	7.23e-100	379
sampleC_part1	MW817806.1	98.077	52	0	1	63	114	2	52	1.36e-12	89.8
sampleC_part1	MW817805.1	81.138	334	63	0	180	513	118	451	7.23e-100	379
sampleC_part1	MW817805.1	98.077	52	0	1	63	114	2	52	1.36e-12	89.8
sampleC_part1	MW592381.1	81.138	334	63	0	180	513	86	419	7.23e-100	379
sampleC_part1	MW592370.1	81.138	334	63	0	180	513	113	446	7.23e-100	379
sampleC_part1	MW592370.1	97.917	48	0	1	67	114	1	47	2.28e-10	82.4
sampleC_part1	MN756456.2	81.138	334	63	0	180	513	17	350	7.23e-100	379
sampleC_part1	MN756449.2	81.138	334	63	0	180	513	44	377	7.23e-100	379
sampleC_part1	MN756444.2	81.138	334	63	0	180	513	86	419	7.23e-100	379
sampleC_part1	MN756436.2	81.138	334	63	0	180	513	17	350	7.23e-100	379
sampleC_part1	MN756435.2	81.138	334	63	0	180	513	35	368	7.23e-100	379
sampleC_part1	MN756412.2	81.138	334	63	0	180	513	86	419	7.23e-100	379
sampleC_part1	MN756409.2	81.138	334	63	0	180	513	86	419	7.23e-100	379
sampleC_part1	MN756386.2	81.138	334	63	0	180	513	83	416	7.23e-100	379
sampleC_part1	MN756358.2	81.138	334	63	0	180	513	83	416	7.23e-100	379
sampleC_part1	MN756354.2	81.138	334	63	0	180	513	77	410	7.23e-100	379
sampleC_part1	MN756351.2	81.138	334	63	0	180	513	77	410	7.23e-100	379
sampleC_part1	MN756310.2	81.138	334	63	0	180	513	74	407	7.23e-100	379
sampleC_part1	MN756288.2	81.138	334	63	0	180	513	47	380	7.23e-100	379
sampleC_part1	MN756267.2	81.138	334	63	0	180	513	80	413	7.23e-100	379
sampleC_part1	MN756264.2	81.138	334	63	0	180	513	53	386	7.23e-100	379
sampleC_part1	MN756262.2	81.138	334	63	0	180	513	83	416	7.23e-100	379
sampleC_part1	MN756249.2	81.138	334	63	0	180	513	86	419	7.23e-100	379
sampleC_part1	MN756234.2	81.138	334	63	0	180	513	86	419	7.23e-100	379
sampleC_part1	MN756226.2	81.138	334	63	0	180	513	53	386	7.23e-100	379
sampleC_part1	MN756224.2	81.138	334	63	0	180	513	80	413	7.23e-100	379
sampleC_part1	MN756221.2	81.138	334	63	0	180	513	86	419	7.23e-100	379
sampleC_part1	MN756218.2	81.138	334	63	0	180	513	65	398	7.23e-100	379
sampleC_part1	MN756215.2	81.138	334	63	0	180	513	62	395	7.23e-100	379
sampleC_part1	MN756201.2	81.138	334	63	0	180	513	71	404	7.23e-100	379
sampleC_part1	MN756193.2	81.138	334	63	0	180	513	86	419	7.23e-100	379
sampleC_part1	MN756185.2	81.138	334	63	0	180	513	83	416	7.23e-100	379
sampleC_part1	MN756155.2	81.138	334	63	0	180	513	26	359	7.23e-100	379
sampleC_part1	MN756149.2	81.138	334	63	0	180	513	35	368	7.23e-100	379
sampleC_part1	MN756096.2	81.138	334	63	0	180	513	71	404	7.23e-100	379
sampleC_part1	MN869902.1	81.138	334	63	0	180	513	129	462	7.23e-100	379
sampleC_part1	MN869902.1	96.875	64	1	1	51	114	1	63	1.35e-17	106
sampleC_part1	MN869901.1	81.138	334	63	0	180	513	129	462	7.23e-100	379
sampleC_part1	MN869901.1	96.875	64	1	1	51	114	1	63	1.35e-17	106
sampleC_part1	MN869900.1	81.138	334	63	0	180	513	129	462	7.23e-100	379
sampleC_part1	MN869900.1	96.875	64	1	1	51	114	1	63	1.35e-17	106
sampleC_part1	OL512926.1	81.138	334	63	0	180	513	129	462	7.23e-100	379
sampleC_part1	OL512926.1	96.875	64	1	1	51	114	1	63	1.35e-17	106
sampleC_part1	OL022303.1	81.138	334	63	0	180	513	113	446	7.23e-100	379
sampleC_part1	OL022303.1	97.917	48	0	1	67	114	1	47	2.28e-10	82.4
sampleC_part1	MW027197.1	81.138	334	63	0	180	513	74	407	7.23e-100	379
sampleC_part1	OU607616.1	81.138	334	63	0	180	513	5654	5987	7.23e-100	379
sampleC_part1	OU607616.1	97.500	80	1	1	35	114	5510	5588	1.73e-26	135
sampleC_part1	MW379788.1	81.138	334	63	0	180	513	107	440	7.23e-100	379
sampleC_part1	MW379788.1	97.619	42	0	1	73	114	1	41	4.94e-07	71.3
sampleC_part1	MW379758.1	81.138	334	63	0	180	513	107	440	7.23e-100	379
sampleC_part1	MW379758.1	97.619	42	0	1	73	114	1	41	4.94e-07	71.3
sampleC_part1	MW379755.1	81.138	334	63	0	180	513	107	440	7.23e-100	379
sampleC_part1	MW379755.1	97.619	42	0	1	73	114	1	41	4.94e-07	71.3
sampleC_part1	MW379697.1	81.138	334	63	0	180	513	107	440	7.23e-100	379
sampleC_part1	MW379697.1	97.619	42	0	1	73	114	1	41	4.94e-07	71.3
sampleC_part1	MW379664.1	81.138	334	63	0	180	513	107	440	7.23e-100	379
sampleC_part1	MW379664.1	97.619	42	0	1	73	114	1	41	4.94e-07	71.3
sampleC_part1	MW379576.1	81.138	334	63	0	180	513	107	440	7.23e-100	379
sampleC_part1	MW379576.1	97.619	42	0	1	73	114	1	41	4.94e-07	71.3
sampleC_part1	MW379476.1	81.138	334	63	0	180	513	107	440	7.23e-100	379
sampleC_part1	MW379476.1	97.619	42	0	1	73	114	1	41	4.94e-07	71.3
sampleC_part1	MW379434.1	81.138	334	63	0	180	513	107	440	7.23e-100	379
sampleC_part1	MW379434.1	97.619	42	0	1	73	114	1	41	4.94e-07	71.3
sampleC_part1	KF369191.1	81.138	334	63	0	180	513	121	454	7.23e-100	379
sampleC_part1	KF528378.1	81.138	334	63	0	180	513	129	462	7.23e-100	379
sampleC_part1	KF528378.1	96.875	64	1	1	51	114	1	63	1.35e-17	106
sampleC_part1	KF528376.1	81.138	334	63	0	180	513	129	462	7.23e-100	379
sampleC_part1	KF528376.1	96.875	64	1	1	51	114	1	63	1.35e-17	106
sampleC_part1	KF528374.1	81.138	334	63	0	180	513	140	473	7.23e-100	379
sampleC_part1	KF528374.1	95.833	72	2	1	43	114	4	74	2.25e-20	115
sampleC_part1	KF528372.1	81.138	334	63	0	180	513	129	462	7.23e-100	379
sampleC_part1	KF528372.1	98.438	64	0	1	51	114	1	63	2.91e-19	111
sampleC_part1	KF597025.1	81.138	334	63	0	180	513	92	425	7.23e-100	379
sampleC_part1	MT772358.1	81.138	334	63	0	180	513	106	439	7.23e-100	379
sampleC_part1	MT772358.1	97.561	41	0	1	74	114	1	40	1.78e-06	69.4
sampleC_part1	OU343215.1	81.138	334	63	0	180	513	5653	5986	7.23e-100	379
sampleC_part1	OU343215.1	98.750	80	0	1	35	114	5509	5587	3.71e-28	141
sampleC_part1	MN249059.1	81.138	334	63	0	180	513	158	491	7.23e-100	379
sampleC_part1	MN249059.1	96.250	80	2	1	35	114	14	92	8.04e-25	130
sampleC_part1	MN508955.1	81.138	334	63	0	180	513	155	488	7.23e-100	379
sampleC_part1	MN508955.1	96.250	80	2	1	35	114	11	89	8.04e-25	130
sampleC_part1	MZ310710.1	81.138	334	63	0	180	513	102	435	7.23e-100	379
sampleC_part1	MN549777.1	81.138	334	63	0	180	513	71	404	7.23e-100	379
sampleC_part1	MW714740.1	81.138	334	63	0	180	513	128	461	7.23e-100	379
sampleC_part1	MW714740.1	98.413	63	0	1	52	114	1	62	1.05e-18	110
sampleC_part1	MW714658.1	81.138	334	63	0	180	513	128	461	7.23e-100	379
sampleC_part1	MW714658.1	95.238	63	2	1	52	114	1	62	2.27e-15	99.0
sampleC_part1	MN756467.1	81.138	334	63	0	180	513	35	368	7.23e-100	379
sampleC_part1	MN756108.1	81.138	334	63	0	180	513	41	374	7.23e-100	379
sampleC_part1	OR270944.1	80.838	334	64	0	180	513	86	419	9.35e-99	375
sampleC_part1	MT455896.1	80.838	334	64	0	180	513	129	462	3.36e-98	374
sampleC_part1	MT455896.1	95.312	64	2	1	51	114	1	63	6.30e-16	100
sampleC_part1	MT455858.1	80.838	334	64	0	180	513	129	462	3.36e-98	374
sampleC_part1	MT455858.1	96.875	64	1	1	51	114	1	63	1.35e-17	106
sampleC_part1	MT311546.1	80.838	334	64	0	180	513	86	419	3.36e-98	374
sampleC_part1	MN893173.1	80.838	334	64	0	180	513	129	462	3.36e-98	374
sampleC_part1	MN893173.1	98.438	64	0	1	51	114	1	63	2.91e-19	111
sampleC_part1	PV829702.1	80.838	334	64	0	180	513	47	380	3.36e-98	374
sampleC_part1	MK567361.1	80.838	334	64	0	180	513	120	453	3.36e-98	374
sampleC_part1	MK567361.1	98.182	55	0	1	60	114	1	54	2.93e-14	95.3
sampleC_part1	MK567347.1	80.838	334	64	0	180	513	121	454	3.36e-98	374
sampleC_part1	MK567347.1	98.214	56	0	1	59	114	1	55	8.15e-15	97.1
sampleC_part1	MK567344.1	80.838	334	64	0	180	513	132	465	3.36e-98	374
sampleC_part1	MK567344.1	97.015	67	1	1	48	114	1	66	2.91e-19	111
sampleC_part1	PV265535.1	80.838	334	64	0	180	513	129	462	3.36e-98	374
sampleC_part1	PV265535.1	98.438	64	0	1	51	114	1	63	2.91e-19	111
sampleC_part1	PV242004.1	80.838	334	64	0	180	513	144	477	3.36e-98	374
sampleC_part1	PV242004.1	96.203	79	2	1	36	114	1	78	2.89e-24	128
sampleC_part1	PV242003.1	80.838	334	64	0	180	513	101	434	3.36e-98	374
sampleC_part1	MH638705.1	80.838	334	64	0	180	513	138	471	3.36e-98	374
sampleC_part1	MH638705.1	95.890	73	2	1	42	114	1	72	6.26e-21	117
sampleC_part1	MH638703.1	80.838	334	64	0	180	513	138	471	3.36e-98	374
sampleC_part1	MH638703.1	95.890	73	2	1	42	114	1	72	6.26e-21	117
sampleC_part1	MG205150.1	80.838	334	64	0	180	513	96	429	3.36e-98	374
sampleC_part1	MG205137.1	80.838	334	64	0	180	513	86	419	3.36e-98	374
sampleC_part1	MG205017.1	80.838	334	64	0	180	513	60	393	3.36e-98	374
sampleC_part1	MG204998.1	80.838	334	64	0	180	513	86	419	3.36e-98	374
sampleC_part1	MG204902.1	80.838	334	64	0	180	513	86	419	3.36e-98	374
sampleC_part1	KY400011.1	80.838	334	64	0	180	513	5655	5988	3.36e-98	374
sampleC_part1	KY400011.1	98.750	80	0	1	35	114	5511	5589	3.71e-28	141
sampleC_part1	KY438856.1	80.838	334	64	0	180	513	79	412	3.36e-98	374
sampleC_part1	KY438824.1	80.838	334	64	0	180	513	55	388	3.36e-98	374
sampleC_part1	KY438817.1	80.838	334	64	0	180	513	79	412	3.36e-98	374
sampleC_part1	PP406786.1	80.838	334	64	0	180	513	75	408	3.36e-98	374
sampleC_part1	KU945050.1	80.838	334	64	0	180	513	59	392	3.36e-98	374
sampleC_part1	KX355137.1	80.838	334	64	0	180	513	123	456	3.36e-98	374
sampleC_part1	KX355137.1	98.276	58	0	1	57	114	1	57	6.30e-16	100
sampleC_part1	LN908911.1	80.838	334	64	0	180	513	66	399	3.36e-98	374
sampleC_part1	KU168663.1	80.838	334	64	0	180	513	113	446	3.36e-98	374
sampleC_part1	KU168659.1	80.838	334	64	0	180	513	120	453	3.36e-98	374
sampleC_part1	KU168644.1	80.838	334	64	0	180	513	47	380	3.36e-98	374
sampleC_part1	KU168637.1	80.838	334	64	0	180	513	43	376	3.36e-98	374
sampleC_part1	KT003913.1	80.838	334	64	0	180	513	93	426	3.36e-98	374
sampleC_part1	OP089836.1	80.838	334	64	0	180	513	132	465	3.36e-98	374
sampleC_part1	OP089836.1	97.015	67	1	1	48	114	1	66	2.91e-19	111
sampleC_part1	KP975898.1	80.838	334	64	0	180	513	128	461	3.36e-98	374
sampleC_part1	KP975898.1	95.238	63	2	1	52	114	1	62	2.27e-15	99.0
sampleC_part1	KP975887.1	80.838	334	64	0	180	513	99	432	3.36e-98	374
sampleC_part1	KP975871.1	80.838	334	64	0	180	513	98	431	3.36e-98	374
sampleC_part1	KP975855.1	80.838	334	64	0	180	513	128	461	3.36e-98	374
sampleC_part1	KP975855.1	96.825	63	1	1	52	114	1	62	4.87e-17	104
sampleC_part1	KP975854.1	80.838	334	64	0	180	513	89	422	3.36e-98	374
sampleC_part1	KP975851.1	80.838	334	64	0	180	513	128	461	3.36e-98	374
sampleC_part1	KP975851.1	96.825	63	1	1	52	114	1	62	4.87e-17	104
sampleC_part1	MN756458.2	80.838	334	64	0	180	513	35	368	3.36e-98	374
sampleC_part1	MN756452.2	80.838	334	64	0	180	513	35	368	3.36e-98	374
sampleC_part1	MN756447.2	80.838	334	64	0	180	513	29	362	3.36e-98	374
sampleC_part1	MN756410.2	80.838	334	64	0	180	513	83	416	3.36e-98	374
sampleC_part1	MN756404.2	80.838	334	64	0	180	513	41	374	3.36e-98	374
sampleC_part1	MN756369.2	80.838	334	64	0	180	513	86	419	3.36e-98	374
sampleC_part1	MN756257.2	80.838	334	64	0	180	513	80	413	3.36e-98	374
sampleC_part1	MN756211.2	80.838	334	64	0	180	513	71	404	3.36e-98	374
sampleC_part1	MN756203.2	80.838	334	64	0	180	513	62	395	3.36e-98	374
sampleC_part1	MN756154.2	80.838	334	64	0	180	513	77	410	3.36e-98	374
sampleC_part1	MN756131.2	80.838	334	64	0	180	513	83	416	3.36e-98	374
sampleC_part1	OL029561.1	80.838	334	64	0	180	513	107	440	3.36e-98	374
sampleC_part1	OL029561.1	97.619	42	0	1	73	114	1	41	4.94e-07	71.3
sampleC_part1	OL014470.1	80.838	334	64	0	180	513	113	446	3.36e-98	374
sampleC_part1	OL014470.1	97.917	48	0	1	67	114	1	47	2.28e-10	82.4
sampleC_part1	MW379574.1	80.838	334	64	0	180	513	107	440	3.36e-98	374
sampleC_part1	MW379574.1	97.619	42	0	1	73	114	1	41	4.94e-07	71.3
sampleC_part1	KF528371.1	80.967	331	63	0	180	510	129	459	3.36e-98	374
sampleC_part1	KF528371.1	98.438	64	0	1	51	114	1	63	2.91e-19	111
sampleC_part1	MZ314904.1	80.838	334	64	0	180	513	104	437	3.36e-98	374
sampleC_part1	MZ314904.1	97.436	39	0	1	76	114	1	38	2.30e-05	65.8
sampleC_part1	MW714734.1	80.838	334	64	0	180	513	128	461	3.36e-98	374
sampleC_part1	MW714734.1	96.825	63	1	1	52	114	1	62	4.87e-17	104
sampleC_part1	KU168657.1	80.539	334	65	0	180	513	112	445	1.21e-97	372
sampleC_part1	KU168631.1	80.539	334	65	0	180	513	75	408	1.56e-96	368
sampleC_part1	MN756266.2	80.539	334	65	0	180	513	77	410	1.56e-96	368
sampleC_part1	MN756196.2	80.539	334	65	0	180	513	29	362	1.56e-96	368
sampleC_part1	MW714954.1	80.539	334	65	0	180	513	128	461	1.56e-96	368
sampleC_part1	MW714954.1	95.238	63	2	1	52	114	1	62	2.27e-15	99.0
sampleC_part1	PP406789.1	79.641	334	68	0	180	513	75	408	1.58e-91	351
sampleC_part1	MK567349.1	83.582	268	44	0	180	447	132	399	2.66e-84	327
sampleC_part1	MK567349.1	98.507	67	0	1	48	114	1	66	6.26e-21	117
sampleC_part1	MK567341.1	83.582	268	44	0	180	447	37	304	2.66e-84	327
sampleC_part3	KF906720.1	89.169	397	43	0	1	397	6525	6921	1.06e-157	571
sampleC_part3	MT410869.1	89.169	397	43	0	1	397	6525	6921	1.06e-157	571
sampleC_part3	JN086149.1	89.169	397	43	0	1	397	6525	6921	1.06e-157	571
sampleC_part3	NC_014052.1	89.169	397	43	0	1	397	7390	7786	1.06e-157	571
sampleC_part3	NC_004901.2	89.169	397	43	0	1	397	6524	6920	1.06e-157	571
sampleC_part3	AB097669.1	89.169	397	43	0	1	397	7389	7785	1.06e-157	571
sampleC_part3	PV069719.1	88.889	396	44	0	2	397	6526	6921	1.77e-155	564
sampleC_part3	OU343215.1	88.889	396	44	0	2	397	6525	6920	1.77e-155	564
sampleC_part3	JN086150.1	88.889	396	44	0	2	397	6526	6921	1.77e-155	564
sampleC_part3	KP259550.1	88.413	397	46	0	1	397	7391	7787	1.07e-152	555
sampleC_part3	KM588080.1	88.413	397	46	0	1	397	6526	6922	1.07e-152	555
sampleC_part3	GU799568.1	88.413	397	46	0	1	397	1050	1446	1.07e-152	555
sampleC_part3	GU799567.1	88.413	397	46	0	1	397	1050	1446	1.07e-152	555
sampleC_part3	NC_014101.1	87.879	396	48	0	2	397	6526	6921	1.38e-151	551
sampleC_part3	KU955344.1	88.161	397	47	0	1	397	6526	6922	4.96e-151	549
sampleC_part3	KU955343.1	88.161	397	47	0	1	397	6526	6922	4.96e-151	549
sampleC_part3	KT724724.1	88.161	397	47	0	1	397	6525	6921	4.96e-151	549
sampleC_part3	NC_025519.1	88.161	397	47	0	1	397	1050	1446	4.96e-151	549
sampleC_part3	OU607616.1	88.161	397	47	0	1	397	6525	6921	4.96e-151	549
sampleC_part3	JN086153.1	88.161	397	47	0	1	397	6526	6922	4.96e-151	549
sampleC_part3	HM071005.1	88.161	397	47	0	1	397	1050	1446	4.96e-151	549
sampleC_part3	NC_014061.1	88.161	397	47	0	1	397	6525	6921	4.96e-151	549
sampleC_part3	KY400011.1	87.909	397	48	0	1	397	6526	6922	2.31e-149	544
sampleC_part3	JN086152.1	87.909	397	48	0	1	397	6526	6922	2.31e-149	544
sampleC_part3	HM071006.1	87.909	397	48	0	1	397	1050	1446	2.31e-149	544
sampleC_part3	NC_014059.1	87.909	397	48	0	1	397	6526	6922	2.31e-149	544
sampleC_part3	KF925362.1	87.879	396	48	0	2	397	6526	6921	8.30e-149	542
sampleC_part3	MW232431.1	87.657	397	49	0	1	397	6526	6922	1.07e-147	538
sampleC_part3	MW232430.1	87.657	397	49	0	1	397	6526	6922	1.07e-147	538
sampleC_part3	NC_020673.1	87.406	397	50	0	1	397	6525	6921	5.00e-146	532
sampleC_part3	JN086154.1	87.406	397	50	0	1	397	6525	6921	5.00e-146	532
sampleC_part3	KR023728.1	87.374	396	50	0	2	397	24	419	1.80e-145	531
sampleC_part3	KR023727.1	87.374	396	50	0	2	397	24	419	1.80e-145	531
sampleC_part3	KR023726.1	87.374	396	50	0	2	397	24	419	1.80e-145	531
sampleC_part3	KR023718.1	87.374	396	50	0	2	397	24	419	1.80e-145	531
sampleC_part3	KR023732.1	87.121	396	51	0	2	397	11	406	8.36e-144	525
sampleC_part3	KR023731.1	87.277	393	50	0	5	397	1	393	8.36e-144	525
sampleC_part3	KR023723.1	87.121	396	51	0	2	397	24	419	8.36e-144	525
sampleC_part3	NC_005317.1	87.121	396	51	0	2	397	7391	7786	8.36e-144	525
sampleC_part3	OZ004756.1	86.869	396	52	0	2	397	6526	6921	3.89e-142	520
sampleC_part3	KP259549.1	86.869	396	52	0	2	397	7391	7786	3.89e-142	520
sampleC_part3	KR023730.1	86.869	396	52	0	2	397	24	419	3.89e-142	520
sampleC_part3	KR023729.1	86.869	396	52	0	2	397	24	419	3.89e-142	520
sampleC_part3	KR023725.1	86.869	396	52	0	2	397	24	419	3.89e-142	520
sampleC_part3	KR023724.1	86.869	396	52	0	2	397	24	419	3.89e-142	520
sampleC_part3	KR023722.1	86.869	396	52	0	2	397	24	419	3.89e-142	520
sampleC_part3	KR023721.1	86.869	396	52	0	2	397	24	419	3.89e-142	520
sampleC_part3	KR023720.1	86.869	396	52	0	2	397	24	419	3.89e-142	520
sampleC_part3	KR023719.1	86.869	396	52	0	2	397	24	419	3.89e-142	520
sampleC_part3	KR023717.1	86.869	396	52	0	2	397	19	414	3.89e-142	520
sampleC_part3	KR023716.1	86.869	396	52	0	2	397	24	419	3.89e-142	520
sampleC_part3	KR023715.1	86.869	396	52	0	2	397	24	419	3.89e-142	520
sampleC_part3	KR023714.1	86.869	396	52	0	2	397	24	419	3.89e-142	520
sampleC_part3	KR023711.1	86.869	396	52	0	2	397	24	419	3.89e-142	520
sampleC_part3	KR023710.1	86.869	396	52	0	2	397	24	419	3.89e-142	520
sampleC_part3	KR023709.1	86.869	396	52	0	2	397	24	419	3.89e-142	520
sampleC_part3	KR023707.1	86.869	396	52	0	2	397	24	419	3.89e-142	520
sampleC_part3	KR023706.1	86.869	396	52	0	2	397	24	419	3.89e-142	520
sampleC_part3	KR023705.1	86.869	396	52	0	2	397	24	419	3.89e-142	520
sampleC_part3	KR023704.1	86.869	396	52	0	2	397	24	419	3.89e-142	520
sampleC_part3	KR023703.1	86.869	396	52	0	2	397	24	419	3.89e-142	520
sampleC_part3	KR023702.1	86.869	396	52	0	2	397	22	417	3.89e-142	520
sampleC_part3	KR023701.1	86.869	396	52	0	2	397	18	413	3.89e-142	520
sampleC_part3	KR023700.1	86.869	396	52	0	2	397	24	419	3.89e-142	520
sampleC_part3	KR023699.1	86.869	396	52	0	2	397	24	419	3.89e-142	520
sampleC_part3	KR023698.1	86.869	396	52	0	2	397	24	419	3.89e-142	520
sampleC_part3	KR023697.1	86.869	396	52	0	2	397	24	419	3.89e-142	520
sampleC_part3	JN086151.1	86.869	396	52	0	2	397	6526	6921	3.89e-142	520
sampleC_part3	PV069720.1	86.835	395	52	0	2	396	6526	6920	1.40e-141	518
sampleC_part3	LC377898.1	86.835	395	52	0	2	396	6526	6920	1.40e-141	518
sampleC_part3	AP006034.1	86.835	395	52	0	2	396	6527	6921	1.40e-141	518
sampleC_part3	KF906721.1	86.835	395	52	0	2	396	6526	6920	1.40e-141	518
sampleC_part3	GU256524.1	86.835	395	52	0	2	396	7391	7785	1.40e-141	518
sampleC_part3	NC_008455.1	86.835	395	52	0	2	396	6526	6920	1.40e-141	518
sampleC_part3	KR023712.1	86.616	396	53	0	2	397	24	419	1.81e-140	514
sampleC_part3	KR023708.1	86.923	390	51	0	8	397	2	391	1.81e-140	514
sampleC_part3	KR023696.1	86.616	396	53	0	2	397	24	419	1.81e-140	514
sampleC_part3	GU256526.1	86.616	396	53	0	2	397	7391	7786	1.81e-140	514
sampleC_part3	KR023713.1	86.111	396	55	0	2	397	24	419	2.34e-139	510
sampleC_part3	KR023733.1	86.472	377	51	0	21	397	1	377	3.05e-133	490
sampleC_part3	NC_005313.1	82.828	396	68	0	2	397	7367	7762	1.87e-115	431
sampleC_part3	MK548578.1	82.071	396	71	0	2	397	7395	7790	1.89e-110	414
sampleC_part3	PX070027.1	82.071	396	71	0	2	397	6528	6923	1.89e-110	414
sampleC_part3	KM651784.1	82.071	396	71	0	2	397	6528	6923	1.89e-110	414
sampleC_part3	MW232425.1	82.071	396	71	0	2	397	6528	6923	1.89e-110	414
sampleC_part3	MW232421.1	82.071	396	71	0	2	397	6528	6923	1.89e-110	414
sampleC_part3	AB105165.1	82.071	396	71	0	2	397	7369	7764	1.89e-110	414
sampleC_part3	AB103468.1	82.071	396	71	0	2	397	7369	7764	1.89e-110	414
sampleC_part3	KP259548.1	81.818	396	72	0	2	397	7371	7766	8.78e-109	409
sampleC_part3	DQ874757.1	87.544	281	35	0	1	281	367	647	1.92e-100	381
sampleC_part3	PX070013.1	80.253	395	78	0	2	396	6526	6920	3.20e-98	374
sampleC_part3	PP033005.1	80.253	395	78	0	2	396	6526	6920	3.20e-98	374
sampleC_part3	NC_052756.1	80.253	395	78	0	2	396	6526	6920	3.20e-98	374
sampleC_part3	AP012949.1	79.898	393	78	1	5	396	6525	6917	6.94e-95	363
sampleC_part3	NC_060588.1	79.898	393	78	1	5	396	6525	6917	6.94e-95	363
sampleC_part3	PP437201.1	79.093	397	83	0	1	397	8687	9083	5.40e-91	350
sampleC_part3	NC_016420.1	79.040	396	83	0	2	397	6530	6925	1.94e-90	348
sampleC_part3	KY228987.1	78.788	396	84	0	2	397	6530	6925	9.04e-89	342
sampleC_part3	NC_034651.1	78.788	396	82	2	2	396	6527	6921	3.25e-88	340
sampleC_part3	OP404122.1	78.589	397	85	0	1	397	6548	6944	1.17e-87	339
sampleC_part3	NC_013151.1	78.827	392	82	1	6	396	6571	6962	1.17e-87	339
sampleC_part3	NC_021392.1	78.626	393	84	0	1	393	8670	9062	4.20e-87	337
sampleC_part3	KU315124.1	78.338	397	86	0	1	397	6548	6944	5.44e-86	333
sampleC_part3	OP404123.1	78.338	397	86	0	1	397	6548	6944	5.44e-86	333
sampleC_part3	OP404120.1	78.338	397	86	0	1	397	6548	6944	5.44e-86	333
sampleC_part3	OP404118.1	78.338	397	86	0	1	397	6548	6944	5.44e-86	333
sampleC_part3	OP404114.1	78.338	397	86	0	1	397	6548	6944	5.44e-86	333
sampleC_part3	OP404112.1	78.338	397	86	0	1	397	6548	6944	5.44e-86	333
sampleC_part3	OP404111.1	78.338	397	86	0	1	397	6548	6944	5.44e-86	333
sampleC_part3	OP404110.1	78.338	397	86	0	1	397	6548	6944	5.44e-86	333
sampleC_part3	OP404108.1	78.338	397	86	0	1	397	6548	6944	5.44e-86	333
sampleC_part3	OP404106.1	78.338	397	86	0	1	397	6548	6944	5.44e-86	333
sampleC_part3	OP404105.1	78.338	397	86	0	1	397	6548	6944	5.44e-86	333
sampleC_part3	OP404104.1	78.338	397	86	0	1	397	6548	6944	5.44e-86	333
sampleC_part3	OP404103.1	78.338	397	86	0	1	397	6548	6944	5.44e-86	333
sampleC_part3	OP404102.1	78.338	397	86	0	1	397	6548	6944	5.44e-86	333
sampleC_part3	OP404101.1	78.338	397	86	0	1	397	6548	6944	5.44e-86	333
sampleC_part3	OP404100.1	78.338	397	86	0	1	397	6548	6944	5.44e-86	333
sampleC_part3	OP404099.1	78.338	397	86	0	1	397	6548	6944	5.44e-86	333
sampleC_part3	OP404098.1	78.338	397	86	0	1	397	6548	6944	5.44e-86	333
sampleC_part3	OP404097.1	78.338	397	86	0	1	397	6548	6944	5.44e-86	333
sampleC_part3	OP404096.1	78.338	397	86	0	1	397	6548	6944	5.44e-86	333
sampleC_part3	OP404095.1	78.338	397	86	0	1	397	6548	6944	5.44e-86	333
sampleC_part3	OP404093.1	78.338	397	86	0	1	397	6548	6944	5.44e-86	333
sampleC_part3	OP404092.1	78.338	397	86	0	1	397	6548	6944	5.44e-86	333
sampleC_part3	NC_022478.1	78.338	397	86	0	1	397	6541	6937	5.44e-86	333
sampleC_part3	HM071013.1	78.338	397	86	0	1	397	1050	1446	5.44e-86	333
sampleC_part3	OP056955.1	78.283	396	86	0	2	397	6532	6927	1.96e-85	331
sampleC_part3	OM460829.1	78.283	396	86	0	2	397	9822	9427	1.96e-85	331
sampleC_part3	NC_021391.1	78.372	393	85	0	1	393	8670	9062	1.96e-85	331
sampleC_part3	JX559744.1	78.372	393	85	0	1	393	8435	8827	1.96e-85	331
sampleC_part3	JX559743.1	78.372	393	85	0	1	393	8670	9062	1.96e-85	331
sampleC_part3	NC_045927.1	78.283	396	84	2	2	396	6528	6922	7.04e-85	329
sampleC_part3	OP057054.2	78.086	397	87	0	1	397	6548	6944	2.53e-84	327
sampleC_part3	OR482451.1	78.141	398	85	2	1	397	6520	6916	2.53e-84	327
sampleC_part3	OP404151.1	78.086	397	87	0	1	397	6548	6944	2.53e-84	327
sampleC_part3	OP404150.1	78.086	397	87	0	1	397	6548	6944	2.53e-84	327
sampleC_part3	OP404149.1	78.086	397	87	0	1	397	6548	6944	2.53e-84	327
sampleC_part3	OP404148.1	78.086	397	87	0	1	397	6548	6944	2.53e-84	327
sampleC_part3	OP404147.1	78.086	397	87	0	1	397	6548	6944	2.53e-84	327
sampleC_part3	OP404146.1	78.086	397	87	0	1	397	6548	6944	2.53e-84	327
sampleC_part3	OP404145.1	78.086	397	87	0	1	397	6548	6944	2.53e-84	327
sampleC_part3	OP404144.1	78.086	397	87	0	1	397	6548	6944	2.53e-84	327
sampleC_part3	OP404143.1	78.086	397	87	0	1	397	6548	6944	2.53e-84	327
sampleC_part3	OP404142.1	78.086	397	87	0	1	397	6548	6944	2.53e-84	327
sampleC_part3	OP404141.1	78.086	397	87	0	1	397	6548	6944	2.53e-84	327
sampleC_part3	OP404140.1	78.086	397	87	0	1	397	6548	6944	2.53e-84	327
sampleC_part3	OP404138.1	78.086	397	87	0	1	397	6548	6944	2.53e-84	327
sampleC_part3	OP404137.1	78.086	397	87	0	1	397	6548	6944	2.53e-84	327
sampleC_part3	OP404136.1	78.086	397	87	0	1	397	6548	6944	2.53e-84	327
sampleC_part3	OP404135.1	78.086	397	87	0	1	397	6548	6944	2.53e-84	327
sampleC_part3	OP404134.1	78.086	397	87	0	1	397	6548	6944	2.53e-84	327
sampleC_part3	OP404133.1	78.086	397	87	0	1	397	6548	6944	2.53e-84	327
sampleC_part3	OP404132.1	78.086	397	87	0	1	397	6548	6944	2.53e-84	327
sampleC_part3	OP404131.1	78.086	397	87	0	1	397	6548	6944	2.53e-84	327
sampleC_part3	OP404130.1	78.086	397	87	0	1	397	6548	6944	2.53e-84	327
sampleC_part3	OP404129.1	78.086	397	87	0	1	397	6548	6944	2.53e-84	327
sampleC_part3	OP404128.1	78.086	397	87	0	1	397	6548	6944	2.53e-84	327
sampleC_part3	OP404127.1	78.086	397	87	0	1	397	6548	6944	2.53e-84	327
sampleC_part3	OP404126.1	78.086	397	87	0	1	397	6548	6944	2.53e-84	327
sampleC_part3	OP404125.1	78.086	397	87	0	1	397	6548	6944	2.53e-84	327
sampleC_part3	OP404124.1	78.086	397	87	0	1	397	6548	6944	2.53e-84	327
sampleC_part3	OP404121.1	78.086	397	87	0	1	397	6548	6944	2.53e-84	327
sampleC_part3	OP404119.1	78.086	397	87	0	1	397	6548	6944	2.53e-84	327
sampleC_part3	OP404117.1	78.086	397	87	0	1	397	6548	6944	2.53e-84	327
sampleC_part3	OP404116.1	78.086	397	87	0	1	397	6548	6944	2.53e-84	327
sampleC_part3	OP404115.1	78.086	397	87	0	1	397	6548	6944	2.53e-84	327
sampleC_part3	OP404113.1	78.086	397	87	0	1	397	6548	6944	2.53e-84	327
sampleC_part3	OP404094.1	78.086	397	87	0	1	397	6548	6944	2.53e-84	327
sampleC_part3	OP414774.1	78.086	397	87	0	1	397	6548	6944	2.53e-84	327
sampleC_part3	NC_022500.1	78.086	397	87	0	1	397	6514	6910	2.53e-84	327
sampleC_part3	NC_012680.1	78.086	397	87	0	1	397	6548	6944	2.53e-84	327
sampleC_part3	NC_012676.1	78.086	397	87	0	1	397	6548	6944	2.53e-84	327
sampleC_part3	AP012948.1	78.030	396	87	0	2	397	6558	6953	9.10e-84	326
sampleC_part3	OP056902.2	78.030	396	87	0	2	397	7527	7922	9.10e-84	326
sampleC_part3	NC_030006.1	78.030	396	87	0	2	397	6549	6944	9.10e-84	326
sampleC_part3	OM460828.1	78.030	396	87	0	2	397	6787	7182	9.10e-84	326
sampleC_part3	NC_020435.1	78.030	396	87	0	2	397	6544	6939	9.10e-84	326
sampleC_part3	NC_019624.1	78.030	396	87	0	2	397	7401	7796	9.10e-84	326
sampleC_part3	NC_013485.1	78.030	396	87	0	2	397	7403	7798	9.10e-84	326
sampleC_part3	NC_003164.1	78.117	393	85	1	5	396	6718	7110	3.27e-83	324
sampleC_part3	NC_037474.1	77.834	397	88	0	1	397	6526	6922	1.18e-82	322
sampleC_part3	OR482449.1	77.834	397	88	0	1	397	6514	6910	1.18e-82	322
sampleC_part3	OP404139.1	77.834	397	88	0	1	397	6548	6944	1.18e-82	322
sampleC_part3	OP404109.1	77.834	397	88	0	1	397	6548	6944	1.18e-82	322
sampleC_part3	OP404107.1	77.834	397	88	0	1	397	6548	6944	1.18e-82	322
sampleC_part3	NC_022499.1	77.889	398	86	2	1	397	6520	6916	1.18e-82	322
sampleC_part3	NC_031424.1	77.778	396	88	0	2	397	6547	6942	4.23e-82	320
sampleC_part3	KX373635.1	77.778	396	88	0	2	397	6555	6950	4.23e-82	320
sampleC_part3	AB355921.1	77.722	395	88	0	2	396	6533	6927	1.52e-81	318
sampleC_part3	OP035177.1	77.835	388	86	0	9	396	6547	6934	5.48e-81	316
sampleC_part3	AB205451.1	77.638	398	87	2	1	397	1050	1446	5.48e-81	316
sampleC_part3	OP035147.1	77.665	394	87	1	5	397	6534	6927	1.97e-80	315
sampleC_part3	NC_082787.1	77.582	397	87	2	2	397	6526	6921	1.97e-80	315
sampleC_part3	KT239009.1	77.525	396	89	0	2	397	6498	6893	1.97e-80	315
sampleC_part3	KT239008.1	77.525	396	89	0	2	397	6498	6893	1.97e-80	315
sampleC_part3	OP749989.1	77.525	396	89	0	1	396	6510	6905	1.97e-80	315
sampleC_part3	OP749986.1	77.525	396	89	0	1	396	6510	6905	1.97e-80	315
sampleC_part3	OP820449.1	77.525	396	89	0	1	396	6510	6905	1.97e-80	315
sampleC_part3	OP820447.1	77.525	396	89	0	1	396	6510	6905	1.97e-80	315
sampleC_part3	NC_073148.1	77.525	396	89	0	1	396	6510	6905	1.97e-80	315
sampleC_part3	OP787979.1	77.525	396	89	0	1	396	1050	1445	1.97e-80	315
sampleC_part3	AP012502.1	77.665	394	87	1	5	397	6534	6927	1.97e-80	315
sampleC_part3	AP012254.1	77.525	396	89	0	1	396	6824	7219	1.97e-80	315
sampleC_part3	NC_036740.1	77.635	389	87	0	9	397	6552	6940	7.09e-80	313
sampleC_part3	KT361083.1	77.635	389	87	0	9	397	6553	6941	7.09e-80	313
sampleC_part3	OP035089.1	77.468	395	89	0	2	396	6532	6926	7.09e-80	313
sampleC_part3	NC_082777.1	77.468	395	89	0	2	396	6526	6920	7.09e-80	313
sampleC_part3	KT239010.1	77.468	395	89	0	2	396	6498	6892	7.09e-80	313
sampleC_part3	NC_068843.1	77.468	395	89	0	2	396	6651	7045	7.09e-80	313
sampleC_part3	KF956522.1	77.635	389	87	0	9	397	6552	6940	7.09e-80	313
sampleC_part3	MZ521000.1	77.635	389	87	0	9	397	6552	6940	7.09e-80	313
sampleC_part3	NC_085256.1	77.577	388	87	0	9	396	1058	1445	2.55e-79	311
sampleC_part3	NC_085254.1	77.330	397	90	0	1	397	1050	1446	2.55e-79	311
sampleC_part3	NC_057285.1	77.551	392	87	1	6	396	6536	6927	2.55e-79	311
sampleC_part3	MH638324.1	77.273	396	90	0	1	396	6523	6918	9.17e-79	309
sampleC_part3	PV590088.1	77.273	396	90	0	2	397	6558	6953	9.17e-79	309
sampleC_part3	NC_034650.1	77.273	396	90	0	1	396	6528	6923	9.17e-79	309
sampleC_part3	OP035316.2	77.273	396	90	0	2	397	7253	7648	9.17e-79	309
sampleC_part3	NC_082810.1	77.330	397	88	2	1	396	6530	6925	9.17e-79	309
sampleC_part3	OP750003.1	77.273	396	90	0	1	396	6511	6906	9.17e-79	309
sampleC_part3	OP750001.1	77.273	396	90	0	1	396	6510	6905	9.17e-79	309
sampleC_part3	OP749998.1	77.273	396	90	0	1	396	6510	6905	9.17e-79	309
sampleC_part3	OP749997.1	77.273	396	90	0	1	396	6510	6905	9.17e-79	309
sampleC_part3	OP749994.1	77.273	396	90	0	1	396	6510	6905	9.17e-79	309
sampleC_part3	OP749990.1	77.273	396	90	0	1	396	6510	6905	9.17e-79	309
sampleC_part3	OP749987.1	77.273	396	90	0	1	396	6510	6905	9.17e-79	309
sampleC_part3	OP749985.1	77.273	396	90	0	1	396	6510	6905	9.17e-79	309
sampleC_part3	OP820446.1	77.273	396	90	0	1	396	6510	6905	9.17e-79	309
sampleC_part3	OP820445.1	77.273	396	90	0	1	396	6510	6905	9.17e-79	309
sampleC_part3	MT897993.1	77.273	396	90	0	1	396	6522	6917	9.17e-79	309
sampleC_part3	NC_024739.1	77.273	396	90	0	1	396	6522	6917	9.17e-79	309
sampleC_part3	MT363637.1	77.273	396	88	2	2	396	6530	6924	3.30e-78	307
sampleC_part3	PV276238.1	77.215	395	90	0	2	396	6635	7029	3.30e-78	307
sampleC_part3	NC_087987.1	77.215	395	90	0	2	396	6635	7029	3.30e-78	307
sampleC_part3	AP011334.1	77.378	389	88	0	9	397	6550	6938	3.30e-78	307
sampleC_part3	NC_083057.1	77.215	395	90	0	2	396	7591	7985	3.30e-78	307
sampleC_part3	NC_029388.1	77.378	389	88	0	9	397	6552	6940	3.30e-78	307
sampleC_part3	NC_063704.1	77.215	395	90	0	2	396	7375	7769	3.30e-78	307
sampleC_part3	AB890091.1	77.354	393	88	1	5	396	1053	1445	3.30e-78	307
sampleC_part3	NC_022929.1	77.378	389	88	0	9	397	6553	6941	3.30e-78	307
sampleC_part3	AP012245.1	77.215	395	90	0	2	396	6650	7044	3.30e-78	307
sampleC_part3	AP012234.1	77.215	395	90	0	2	396	6608	7002	3.30e-78	307
sampleC_part3	FJ346785.1	77.354	393	88	1	5	396	1023	1415	3.30e-78	307
sampleC_part3	NC_085252.1	77.078	397	91	0	1	397	1050	1446	1.19e-77	305
sampleC_part3	PQ766760.1	77.020	396	91	0	2	397	6535	6930	4.26e-77	303
sampleC_part3	LC341245.1	77.020	396	91	0	1	396	6635	7030	4.26e-77	303
sampleC_part3	PP079470.1	77.136	398	87	4	1	396	1050	1445	4.26e-77	303
sampleC_part3	PP796836.1	77.020	396	91	0	1	396	6529	6924	4.26e-77	303
sampleC_part3	AP011333.1	77.020	396	91	0	2	397	6545	6940	4.26e-77	303
sampleC_part3	OP035162.1	77.078	397	89	2	1	396	6534	6929	4.26e-77	303
sampleC_part3	NC_082789.1	77.020	396	91	0	1	396	6524	6919	4.26e-77	303
sampleC_part3	NC_029348.1	77.020	396	91	0	2	397	6544	6939	4.26e-77	303
sampleC_part3	OP575311.1	77.136	398	87	4	1	396	6508	6903	4.26e-77	303
sampleC_part3	NC_073503.1	77.136	398	87	4	1	396	6508	6903	4.26e-77	303
sampleC_part3	OP750002.1	77.020	396	91	0	1	396	6510	6905	4.26e-77	303
sampleC_part3	OP750000.1	77.020	396	91	0	1	396	6510	6905	4.26e-77	303
sampleC_part3	OP749999.1	77.020	396	91	0	1	396	6510	6905	4.26e-77	303
sampleC_part3	OP749996.1	77.020	396	91	0	1	396	6510	6905	4.26e-77	303
sampleC_part3	OP749993.1	77.020	396	91	0	1	396	6510	6905	4.26e-77	303
sampleC_part3	OP749991.1	77.020	396	91	0	1	396	6510	6905	4.26e-77	303
sampleC_part3	OP749988.1	77.020	396	91	0	1	396	6510	6905	4.26e-77	303
sampleC_part3	OP820448.1	77.020	396	91	0	1	396	6510	6905	4.26e-77	303
sampleC_part3	OP787977.1	77.020	396	91	0	1	396	1050	1445	4.26e-77	303
sampleC_part3	MT954104.1	77.020	396	91	0	1	396	6529	6924	4.26e-77	303
sampleC_part3	NC_011599.1	77.020	396	91	0	1	396	6615	7010	4.26e-77	303
sampleC_part3	NC_009064.1	77.020	396	91	0	1	396	6529	6924	4.26e-77	303
sampleC_part3	MK421554.1	77.121	389	89	0	9	397	6554	6942	1.53e-76	302
sampleC_part3	LC493907.1	76.962	395	91	0	2	396	6725	7119	1.53e-76	302
sampleC_part3	AP006786.1	77.020	396	89	2	2	396	6531	6925	1.53e-76	302
sampleC_part3	PV637424.1	76.962	395	91	0	2	396	6516	6910	1.53e-76	302
sampleC_part3	PV637420.1	76.962	395	91	0	2	396	6516	6910	1.53e-76	302
sampleC_part3	LC387779.1	76.962	395	91	0	2	396	6682	7076	1.53e-76	302
sampleC_part3	AP017443.1	77.020	396	89	2	2	396	6531	6925	1.53e-76	302
sampleC_part3	OP035125.1	77.099	393	89	1	5	396	6548	6940	1.53e-76	302
sampleC_part3	NC_028630.1	77.020	396	89	2	2	396	6531	6925	1.53e-76	302
sampleC_part3	NC_068864.1	77.121	389	89	0	9	397	6549	6937	1.53e-76	302
sampleC_part3	KF857485.1	77.121	389	89	0	9	397	7492	7880	1.53e-76	302
sampleC_part3	NC_022143.1	76.962	395	91	0	2	396	6566	6960	1.53e-76	302
sampleC_part3	NC_021459.1	77.020	396	89	2	2	396	6532	6926	1.53e-76	302
sampleC_part3	PV720032.1	76.826	397	92	0	1	397	6687	7083	5.52e-76	300
sampleC_part3	PV720030.1	76.826	397	92	0	1	397	6685	7081	5.52e-76	300
sampleC_part3	OP035218.2	78.470	353	76	0	44	396	6570	6922	5.52e-76	300
sampleC_part3	OP035114.2	78.470	353	76	0	44	396	6570	6922	5.52e-76	300
sampleC_part3	OP035091.1	76.826	397	92	0	1	397	6688	7084	5.52e-76	300
sampleC_part3	NC_030009.1	76.826	397	92	0	1	397	6547	6943	5.52e-76	300
sampleC_part3	HM071009.1	76.826	397	92	0	1	397	1050	1446	5.52e-76	300
sampleC_part3	AP006775.1	76.768	396	92	0	1	396	6496	6891	1.98e-75	298
sampleC_part3	AP006774.1	76.768	396	92	0	1	396	6571	6966	1.98e-75	298
sampleC_part3	PV276240.1	76.768	396	92	0	1	396	6542	6937	1.98e-75	298
sampleC_part3	PP796834.1	76.768	396	92	0	1	396	6533	6928	1.98e-75	298
sampleC_part3	NC_036147.1	76.768	396	92	0	1	396	6525	6920	1.98e-75	298
sampleC_part3	NC_036146.1	76.768	396	92	0	1	396	6523	6918	1.98e-75	298
sampleC_part3	NC_034337.1	76.768	396	92	0	1	396	6496	6891	1.98e-75	298
sampleC_part3	OP035112.1	76.768	396	92	0	1	396	6529	6924	1.98e-75	298
sampleC_part3	OP575312.1	76.884	398	88	4	1	396	6508	6903	1.98e-75	298
sampleC_part3	OP575310.1	76.884	398	88	4	1	396	6508	6903	1.98e-75	298
sampleC_part3	OP787978.1	76.768	396	92	0	1	396	1050	1445	1.98e-75	298
sampleC_part3	OP035303.1	76.904	394	90	1	5	397	6529	6922	1.98e-75	298
sampleC_part3	NC_022177.1	76.826	397	91	1	1	396	6543	6939	1.98e-75	298
sampleC_part3	NC_011180.1	76.768	396	92	0	1	396	6571	6966	1.98e-75	298
sampleC_part3	NC_009589.1	76.768	396	92	0	1	396	6519	6914	1.98e-75	298
sampleC_part3	AP006787.1	76.845	393	90	1	5	396	6529	6921	7.14e-75	296
sampleC_part3	NC_044104.1	76.768	396	90	2	2	396	6538	6932	7.14e-75	296
sampleC_part3	MZ567025.1	76.904	394	88	3	5	396	6531	6923	7.14e-75	296
sampleC_part3	NC_085738.1	76.904	394	88	3	5	396	6532	6924	7.14e-75	296
sampleC_part3	MZ567018.1	76.904	394	88	3	5	396	6531	6923	7.14e-75	296
sampleC_part3	NC_085737.1	76.904	394	88	3	5	396	6532	6924	7.14e-75	296
sampleC_part3	OR641527.1	76.709	395	92	0	2	396	6532	6926	7.14e-75	296
sampleC_part3	OR641526.1	76.709	395	92	0	2	396	6532	6926	7.14e-75	296
sampleC_part3	OP035262.1	76.709	395	92	0	2	396	6540	6934	7.14e-75	296
sampleC_part3	OR499739.1	76.709	395	92	0	2	396	7247	7641	7.14e-75	296
sampleC_part3	OR499728.1	76.709	395	92	0	2	396	7536	7930	7.14e-75	296
sampleC_part3	NC_082764.1	76.709	395	92	0	2	396	6532	6926	7.14e-75	296
sampleC_part3	NC_082531.1	76.709	395	92	0	2	396	6540	6934	7.14e-75	296
sampleC_part3	AB770486.1	76.768	396	90	2	2	396	6536	6930	7.14e-75	296
sampleC_part3	MW376909.1	76.709	395	92	0	2	396	6525	6919	7.14e-75	296
sampleC_part3	OK172094.1	76.845	393	90	1	5	396	1053	1445	7.14e-75	296
sampleC_part3	NC_022678.1	76.864	389	90	0	9	397	7491	7879	7.14e-75	296
sampleC_part3	NC_018816.1	76.864	389	90	0	9	397	6554	6942	7.14e-75	296
sampleC_part3	JQ596867.1	76.709	395	92	0	2	396	948	1342	7.14e-75	296
sampleC_part3	JQ596862.1	76.709	395	92	0	2	396	948	1342	7.14e-75	296
sampleC_part3	JQ596861.1	76.709	395	92	0	2	396	948	1342	7.14e-75	296
sampleC_part3	AP009612.1	76.709	395	92	0	2	396	6583	6977	7.14e-75	296
sampleC_part3	NC_012705.1	76.709	395	92	0	2	396	6582	6976	7.14e-75	296
sampleC_part3	PP060933.1	76.804	388	90	0	9	396	6549	6936	2.57e-74	294
sampleC_part3	NC_083025.1	76.574	397	93	0	1	397	6682	7078	2.57e-74	294
sampleC_part3	NC_030010.1	76.574	397	93	0	1	397	6549	6945	2.57e-74	294
sampleC_part3	KU315126.1	76.574	397	93	0	1	397	6548	6944	2.57e-74	294
sampleC_part3	OP414775.1	76.574	397	93	0	1	397	6548	6944	2.57e-74	294
sampleC_part3	KJ510417.1	76.574	397	93	0	1	397	6548	6944	2.57e-74	294
sampleC_part3	KJ510416.1	76.574	397	93	0	1	397	6548	6944	2.57e-74	294
sampleC_part3	HM071012.1	76.574	397	93	0	1	397	1050	1446	2.57e-74	294
sampleC_part3	HM071010.1	76.574	397	93	0	1	397	1050	1446	2.57e-74	294
sampleC_part3	HM071008.1	76.574	397	93	0	1	397	1050	1446	2.57e-74	294
sampleC_part3	GQ202124.2	76.574	397	93	0	1	397	1050	1446	2.57e-74	294
sampleC_part3	GQ202125.2	76.574	397	93	0	1	397	1050	1446	2.57e-74	294
sampleC_part3	NC_012678.1	76.574	397	93	0	1	397	6548	6944	2.57e-74	294
sampleC_part3	NC_012675.1	76.574	397	93	0	1	397	6547	6943	2.57e-74	294
sampleC_part3	MK430069.1	76.515	396	93	0	2	397	6527	6922	9.23e-74	292
sampleC_part3	MK034755.1	76.515	396	93	0	1	396	6496	6891	9.23e-74	292
sampleC_part3	PP928743.1	76.515	396	93	0	1	396	1050	1445	9.23e-74	292
sampleC_part3	MZ618237.1	76.574	397	91	2	1	396	6528	6923	9.23e-74	292
sampleC_part3	OP057083.2	76.515	396	93	0	1	396	6664	7059	9.23e-74	292
sampleC_part3	NC_083004.1	76.515	396	93	0	1	396	6535	6930	9.23e-74	292
sampleC_part3	KU049658.1	76.515	396	93	0	2	397	1051	1446	9.23e-74	292
sampleC_part3	KU049657.1	76.515	396	93	0	2	397	1051	1446	9.23e-74	292
sampleC_part3	KU049655.1	76.515	396	93	0	2	397	1051	1446	9.23e-74	292
sampleC_part3	KU049654.1	76.515	396	93	0	2	397	1051	1446	9.23e-74	292
sampleC_part3	NC_082283.1	76.515	396	93	0	1	396	6524	6919	9.23e-74	292
sampleC_part3	OP749992.1	76.515	396	93	0	1	396	6510	6905	9.23e-74	292
sampleC_part3	OK326863.1	76.515	396	93	0	1	396	6533	6928	9.23e-74	292
sampleC_part3	NC_024433.1	76.515	396	93	0	2	397	6528	6923	9.23e-74	292
sampleC_part3	NC_009065.1	76.515	396	93	0	1	396	6532	6927	9.23e-74	292
sampleC_part3	LC493910.1	76.456	395	93	0	2	396	6533	6927	3.32e-73	291
sampleC_part3	MH409959.1	76.456	395	93	0	2	396	6528	6922	3.32e-73	291
sampleC_part3	PV170625.1	76.590	393	91	1	5	396	6548	6940	3.32e-73	291
sampleC_part3	PV170597.1	76.590	393	91	1	5	396	6553	6945	3.32e-73	291
sampleC_part3	PV170596.1	76.590	393	91	1	5	396	6554	6946	3.32e-73	291
sampleC_part3	PV170542.1	76.590	393	91	1	5	396	6554	6946	3.32e-73	291
sampleC_part3	PQ858634.1	76.456	395	93	0	2	396	7339	7733	3.32e-73	291
sampleC_part3	PQ858633.1	76.456	395	93	0	2	396	1473	1867	3.32e-73	291
sampleC_part3	PQ858632.1	76.456	395	93	0	2	396	6786	7180	3.32e-73	291
sampleC_part3	PQ858631.1	76.456	395	93	0	2	396	7340	7734	3.32e-73	291
sampleC_part3	PQ858630.1	76.456	395	93	0	2	396	7340	7734	3.32e-73	291
sampleC_part3	PQ858629.1	76.456	395	93	0	2	396	6450	6844	3.32e-73	291
sampleC_part3	NC_036048.1	76.456	395	93	0	2	396	6533	6927	3.32e-73	291
sampleC_part3	OR641502.1	76.456	395	93	0	2	396	6532	6926	3.32e-73	291
sampleC_part3	OR641501.1	76.456	395	93	0	2	396	6532	6926	3.32e-73	291
sampleC_part3	OP056927.1	76.590	393	91	1	5	396	6548	6940	3.32e-73	291
sampleC_part3	OP056844.1	76.607	389	91	0	2	390	6677	7065	3.32e-73	291
sampleC_part3	NC_083058.1	76.607	389	91	0	2	390	6676	7064	3.32e-73	291
sampleC_part3	NC_082817.1	76.590	393	91	1	5	396	6526	6918	3.32e-73	291
sampleC_part3	NC_082790.1	76.456	395	93	0	2	396	6537	6931	3.32e-73	291
sampleC_part3	NC_082763.1	76.456	395	93	0	2	396	6533	6927	3.32e-73	291
sampleC_part3	NC_082757.1	76.456	395	93	0	2	396	6532	6926	3.32e-73	291
sampleC_part3	NC_082547.1	76.590	393	91	1	5	396	6531	6923	3.32e-73	291
sampleC_part3	NC_029474.1	76.456	395	93	0	2	396	6510	6904	3.32e-73	291
sampleC_part3	OQ581450.1	76.590	393	91	1	5	396	6553	6945	3.32e-73	291
sampleC_part3	KT357695.1	76.456	395	93	0	2	396	6532	6926	3.32e-73	291
sampleC_part3	OP035073.1	76.590	393	91	1	5	396	6553	6945	3.32e-73	291
sampleC_part3	OK323243.1	77.966	354	78	0	43	396	6574	6927	3.32e-73	291
sampleC_part3	MW448544.1	76.456	395	93	0	2	396	6521	6915	3.32e-73	291
sampleC_part3	NC_017898.1	76.456	395	93	0	2	396	6529	6923	3.32e-73	291
sampleC_part3	JQ060612.1	76.574	397	89	3	2	396	948	1342	3.32e-73	291
sampleC_part3	NC_008680.1	76.590	393	91	1	5	396	6522	6914	3.32e-73	291
sampleC_part3	NC_084077.1	76.546	388	91	0	9	396	6531	6918	1.19e-72	289
sampleC_part3	NC_083066.1	76.607	389	89	2	9	396	6913	7300	1.19e-72	289
sampleC_part3	NC_030008.1	76.322	397	94	0	1	397	6548	6944	1.19e-72	289
sampleC_part3	NC_030007.1	76.322	397	94	0	1	397	6548	6944	1.19e-72	289
sampleC_part3	NC_082530.1	76.531	392	91	1	6	396	6538	6929	1.19e-72	289
sampleC_part3	OL688779.1	76.546	388	91	0	9	396	6533	6920	1.19e-72	289
sampleC_part3	NC_053270.1	76.702	382	89	0	9	390	6531	6912	1.19e-72	289
sampleC_part3	HM071011.1	76.322	397	94	0	1	397	1050	1446	1.19e-72	289
sampleC_part3	HM071007.1	76.322	397	94	0	1	397	1050	1446	1.19e-72	289
sampleC_part3	NC_003189.1	76.322	397	94	0	1	397	6525	6921	1.19e-72	289
sampleC_part3	MN641875.1	76.263	396	94	0	2	397	6501	6896	4.29e-72	287
sampleC_part3	NC_043916.1	76.263	396	94	0	1	396	6534	6929	4.29e-72	287
sampleC_part3	NC_036149.1	76.263	396	94	0	1	396	6526	6921	4.29e-72	287
sampleC_part3	NC_036148.1	76.263	396	94	0	1	396	6527	6922	4.29e-72	287
sampleC_part3	NC_088021.1	76.263	396	94	0	2	397	6533	6928	4.29e-72	287
sampleC_part3	AP012110.1	76.263	396	94	0	2	397	6546	6941	4.29e-72	287
sampleC_part3	OP056871.2	76.263	396	94	0	2	397	6533	6928	4.29e-72	287
sampleC_part3	OP035151.1	76.263	396	94	0	1	396	6507	6902	4.29e-72	287
sampleC_part3	OP035065.1	76.396	394	92	1	5	397	6532	6925	4.29e-72	287
sampleC_part3	OP056958.1	76.322	397	92	2	1	396	6611	7006	4.29e-72	287
sampleC_part3	OP056950.1	76.263	396	94	0	1	396	6535	6930	4.29e-72	287
sampleC_part3	OP056940.1	76.322	397	92	2	1	396	6611	7006	4.29e-72	287
sampleC_part3	OP056934.1	76.263	396	94	0	1	396	6534	6929	4.29e-72	287
sampleC_part3	OP056816.1	76.322	397	93	1	1	396	6555	6951	4.29e-72	287
sampleC_part3	KU049656.1	76.263	396	94	0	2	397	1051	1446	4.29e-72	287
sampleC_part3	AB980197.1	76.263	396	94	0	1	396	6643	7038	4.29e-72	287
sampleC_part3	NC_027228.1	76.263	396	94	0	2	397	6524	6919	4.29e-72	287
sampleC_part3	KF746198.1	76.263	396	94	0	2	397	6529	6924	4.29e-72	287
sampleC_part3	NC_025317.1	76.263	396	94	0	2	397	6526	6921	4.29e-72	287
sampleC_part3	NC_024876.1	76.263	396	94	0	2	397	6528	6923	4.29e-72	287
sampleC_part3	MW532122.1	76.336	393	93	0	1	393	6533	6925	4.29e-72	287
sampleC_part3	MW732165.1	76.263	396	94	0	1	396	6523	6918	4.29e-72	287
sampleC_part3	MW732163.1	76.263	396	94	0	1	396	6523	6918	4.29e-72	287
sampleC_part3	JQ060622.1	76.263	396	94	0	1	396	947	1342	4.29e-72	287
sampleC_part3	NC_015822.1	76.263	396	94	0	2	397	6529	6924	4.29e-72	287
sampleC_part3	NC_014851.1	76.322	397	92	2	1	396	6517	6912	4.29e-72	287
sampleC_part3	NC_005960.1	76.336	393	93	0	2	394	6331	6723	4.29e-72	287
sampleC_part3	LC493909.1	76.203	395	94	0	2	396	6533	6927	1.54e-71	285
sampleC_part3	NC_044649.1	76.203	395	94	0	2	396	6532	6926	1.54e-71	285
sampleC_part3	PV170541.1	76.336	393	92	1	5	396	6553	6945	1.54e-71	285
sampleC_part3	PV170539.1	76.336	393	92	1	5	396	6548	6940	1.54e-71	285
sampleC_part3	MG784718.1	76.276	392	93	0	2	393	6523	6914	1.54e-71	285
sampleC_part3	MZ567031.1	76.396	394	90	3	5	396	6531	6923	1.54e-71	285
sampleC_part3	MZ567030.1	76.396	394	90	3	5	396	6531	6923	1.54e-71	285
sampleC_part3	MZ567029.1	76.396	394	90	3	5	396	6531	6923	1.54e-71	285
sampleC_part3	MZ567028.1	76.396	394	90	3	5	396	6531	6923	1.54e-71	285
sampleC_part3	MZ567026.1	76.396	394	90	3	5	396	6531	6923	1.54e-71	285
sampleC_part3	MZ567024.1	76.396	394	90	3	5	396	6531	6923	1.54e-71	285
sampleC_part3	MZ567023.1	76.396	394	90	3	5	396	6531	6923	1.54e-71	285
sampleC_part3	MZ567022.1	76.396	394	90	3	5	396	6530	6922	1.54e-71	285
sampleC_part3	MZ567020.1	76.396	394	90	3	5	396	6531	6923	1.54e-71	285
sampleC_part3	OR641525.1	76.203	395	94	0	2	396	6535	6929	1.54e-71	285
sampleC_part3	OR641524.1	76.203	395	94	0	2	396	6533	6927	1.54e-71	285
sampleC_part3	OR641523.1	76.203	395	94	0	2	396	6534	6928	1.54e-71	285
sampleC_part3	OR641522.1	76.203	395	94	0	2	396	6534	6928	1.54e-71	285
sampleC_part3	OR641521.1	76.203	395	94	0	2	396	6534	6928	1.54e-71	285
sampleC_part3	OR641510.1	76.203	395	94	0	2	396	6532	6926	1.54e-71	285
sampleC_part3	OR641507.1	76.203	395	94	0	2	396	6532	6926	1.54e-71	285
sampleC_part3	OP057028.1	76.396	394	90	3	5	396	6531	6923	1.54e-71	285
sampleC_part3	NC_082996.1	76.336	393	92	1	5	396	6517	6909	1.54e-71	285
sampleC_part3	NC_082814.1	76.203	395	94	0	2	396	6525	6919	1.54e-71	285
sampleC_part3	NC_082788.1	76.203	395	94	0	2	396	6532	6926	1.54e-71	285
sampleC_part3	OR482534.1	76.203	395	94	0	2	396	6533	6927	1.54e-71	285
sampleC_part3	NC_082767.1	76.203	395	94	0	2	396	6534	6928	1.54e-71	285
sampleC_part3	NC_029472.1	76.203	395	94	0	2	396	6509	6903	1.54e-71	285
sampleC_part3	OP179302.1	76.336	393	92	1	5	396	7022	7414	1.54e-71	285
sampleC_part3	KF999847.1	76.203	395	94	0	2	396	1051	1445	1.54e-71	285
sampleC_part3	MN920430.1	76.203	395	94	0	2	396	6576	6970	1.54e-71	285
sampleC_part3	NC_060710.1	76.203	395	94	0	2	396	6533	6927	1.54e-71	285
sampleC_part3	NC_024184.1	77.809	356	75	2	44	397	6605	6958	1.54e-71	285
sampleC_part3	NC_056783.1	76.203	395	94	0	2	396	6533	6927	1.54e-71	285
sampleC_part3	NC_018770.1	76.276	392	93	0	2	393	6522	6913	1.54e-71	285
sampleC_part3	NC_056114.1	76.203	395	94	0	2	396	6576	6970	1.54e-71	285
sampleC_part3	JQ596864.1	76.203	395	94	0	2	396	948	1342	1.54e-71	285
sampleC_part3	JQ596863.1	76.203	395	94	0	2	396	948	1342	1.54e-71	285
sampleC_part3	NC_052754.1	76.203	395	94	0	2	396	6533	6927	1.54e-71	285
sampleC_part3	NC_014889.1	76.203	395	94	0	2	396	6510	6904	1.54e-71	285
sampleC_part3	NC_011571.1	76.203	395	94	0	2	396	6512	6906	1.54e-71	285
sampleC_part3	NC_085253.1	76.071	397	95	0	1	397	1050	1446	5.56e-71	283
sampleC_part3	OP057070.2	76.071	397	95	0	1	397	6548	6944	5.56e-71	283
sampleC_part3	OP035317.1	76.071	397	95	0	1	397	6525	6921	5.56e-71	283
sampleC_part3	KU315125.1	76.071	397	95	0	1	397	6548	6944	5.56e-71	283
sampleC_part3	OP414776.1	76.071	397	95	0	1	397	6548	6944	5.56e-71	283
sampleC_part3	NC_012679.1	76.071	397	95	0	1	397	6548	6944	5.56e-71	283
sampleC_part3	PV699396.1	76.142	394	93	1	5	397	6626	7019	2.00e-70	281
sampleC_part3	PV699391.1	76.142	394	93	1	5	397	6626	7019	2.00e-70	281
sampleC_part3	PV710556.1	76.010	396	95	0	2	397	6521	6916	2.00e-70	281
sampleC_part3	MF346885.1	76.010	396	95	0	1	396	6526	6921	2.00e-70	281
sampleC_part3	KX829024.1	76.010	396	95	0	2	397	6546	6941	2.00e-70	281
sampleC_part3	KX829023.1	76.010	396	95	0	2	397	6546	6941	2.00e-70	281
sampleC_part3	KT001153.1	76.071	397	93	2	2	397	6514	6909	2.00e-70	281
sampleC_part3	NC_068747.1	76.010	396	95	0	2	397	6549	6944	2.00e-70	281
sampleC_part3	OL688781.1	76.010	396	95	0	1	396	6524	6919	2.00e-70	281
sampleC_part3	NC_026693.1	76.010	396	95	0	2	397	6545	6940	2.00e-70	281
sampleC_part3	MH120410.1	76.010	396	95	0	2	397	1021	1416	2.00e-70	281
sampleC_part3	MH120400.1	76.010	396	95	0	2	397	1043	1438	2.00e-70	281
sampleC_part3	NC_024277.1	76.010	396	95	0	2	397	6546	6941	2.00e-70	281
sampleC_part3	MW732164.1	76.010	396	95	0	1	396	6523	6918	2.00e-70	281
sampleC_part3	NC_020013.1	76.010	396	95	0	2	397	6549	6944	2.00e-70	281
sampleC_part3	MN653734.1	76.010	396	95	0	2	397	1043	1438	2.00e-70	281
sampleC_part3	MN653724.1	76.010	396	95	0	2	397	1043	1438	2.00e-70	281
sampleC_part3	NC_011928.1	76.010	396	95	0	1	396	6613	7008	2.00e-70	281
sampleC_part3	NC_010963.1	76.010	396	95	0	1	396	6531	6926	2.00e-70	281
sampleC_part3	PV170626.1	76.081	393	93	1	5	396	6553	6945	7.19e-70	279
sampleC_part3	PV170615.1	76.081	393	93	1	5	396	6553	6945	7.19e-70	279
sampleC_part3	NC_009588.1	77.586	348	78	0	43	390	6553	6900	7.19e-70	279
sampleC_part3	PV742848.1	77.119	354	81	0	44	397	6580	6933	3.34e-68	274
sampleC_part3	PV276247.1	77.119	354	81	0	44	397	6580	6933	3.34e-68	274
sampleC_part3	PV276246.1	77.119	354	81	0	44	397	6580	6933	3.34e-68	274
sampleC_part3	PP032964.1	77.119	354	81	0	44	397	6580	6933	3.34e-68	274
sampleC_part3	NC_082750.1	77.119	354	81	0	44	397	6580	6933	3.34e-68	274
sampleC_part3	NC_063781.1	77.299	348	79	0	50	397	6546	6893	3.34e-68	274
sampleC_part3	AP012233.1	77.119	354	81	0	43	396	6687	7040	3.34e-68	274
sampleC_part3	DQ874754.1	82.114	246	44	0	2	247	368	613	7.29e-60	246
