sampleA_part1	OP056803	61865	76.437	522	117	6	7	525	5467	5985	7.59e-79	302
sampleA_part1	NC_027081	263685	76.437	522	117	6	7	525	5467	5985	7.59e-79	302
sampleA_part1	NC_024269	38578	76.311	515	122	0	7	521	5465	5979	2.73e-78	300
sampleA_part1	PV919171	38578	76.117	515	123	0	7	521	5465	5979	1.27e-76	294
sampleA_part1	KJ146038	57983	76.613	496	112	3	25	518	6	499	1.27e-76	29465
sampleA_part1	KJ146034	57983	76.613	496	112	3	25	518	6	499	1.27e-76	294
sampleA_part1	NC_019641	651724	75.692	506	123	0	7	512	5525	6030	1.28e-71	278
sampleA_part1	OQ386037	263685	76.282	468	106	5	60	525	11	475	7.70e-69	268
sampleA_part1	KJ749656	3362936	76.059	472	112	1	50	521	1	471	7.70e-69	268
sampleA_part1	FJ519029	38578	76.059	472	112	1	50	521	1	471	7.70e-69	268
sampleA_part1	FJ519024	38578	76.059	472	112	1	50	521	1	471	7.70e-69	268
sampleA_part1	MT025511	651724	75.840	476	115	0	37	512	1	476	2.77e-68	267
sampleA_part1	KF918878	38578	75.840	476	115	0	46	521	1	476	2.77e-68	267
sampleA_part1	JQ365260	61865	76.068	468	107	5	60	525	11	475	3.58e-67	263
sampleA_part1	HQ171633	263685	76.068	468	107	5	60	525	11	475	3.58e-67	263
sampleA_part1	FJ519070	263685	76.068	468	107	5	60	525	11	475	3.58e-67	263
sampleA_part1	FJ519030	38578	75.847	472	113	1	50	521	1	471	3.58e-67	263
sampleA_part1	FJ519027	38578	75.847	472	113	1	50	521	1	471	3.58e-67	263
sampleA_part1	FJ519026	38578	75.847	472	113	1	50	521	1	471	3.58e-67	263
sampleA_part1	FJ519022	38578	75.847	472	113	1	50	521	1	471	3.58e-67	263
sampleA_part1	FJ519023	38578	75.847	472	113	1	50	521	1	471	3.58e-67	263
sampleA_part1	FJ519020	38578	75.847	472	113	1	50	521	1	471	3.58e-67	263
sampleA_part1	KP193307	263685	75.783	479	109	7	50	525	1	475	4.63e-66	259
sampleA_part1	PP940125	263685	75.855	468	108	5	60	525	11	475	1.67e-65	257
sampleA_part1	PP940123	263685	75.855	468	108	5	60	525	11	475	1.67e-65	257
sampleA_part1	PP940121	263685	75.855	468	108	5	60	525	11	475	1.67e-65	257
sampleA_part1	MH119961	263685	75.855	468	108	5	60	525	10	474	1.67e-65	257
sampleA_part1	MG594049	263685	75.855	468	108	5	60	525	10	474	1.67e-65	257
sampleA_part1	MG837899	263685	75.855	468	108	5	60	525	3	467	1.67e-65	257
sampleA_part1	MG837898	263685	75.855	468	108	5	60	525	3	467	1.67e-65	257
sampleA_part1	MG837897	263685	75.855	468	108	5	60	525	11	475	1.67e-65	257
sampleA_part1	MG837896	263685	75.855	468	108	5	60	525	3	467	1.67e-65	257
sampleA_part1	MG837895	263685	75.855	468	108	5	60	525	11	475	1.67e-65	257
sampleA_part1	MG837894	263685	75.855	468	108	5	60	525	3	467	1.67e-65	257
sampleA_part1	MG837893	263685	75.855	468	108	5	60	525	11	475	1.67e-65	257
sampleA_part1	OR227126	651724	75.810	463	111	1	50	512	1	462	1.67e-65	257
sampleA_part1	OQ385012	263685	75.855	468	108	5	60	525	10	474	1.67e-65	257
sampleA_part1	OQ385011	263685	75.855	468	108	5	60	525	10	474	1.67e-65	257
sampleA_part1	KP193378	263685	75.855	468	108	5	60	525	11	475	1.67e-65	257
sampleA_part1	KP193327	263685	75.855	468	108	5	60	525	10	474	1.67e-65	257
sampleA_part1	KP193324	263685	75.855	468	108	5	60	525	11	475	1.67e-65	257
sampleA_part1	KP193267	263685	75.855	468	108	5	60	525	11	475	1.67e-65	257
sampleA_part1	KP193188	1629650	75.855	468	108	5	60	525	9	473	1.67e-65	257
sampleA_part1	KP193144	263685	75.855	468	108	5	60	525	11	475	1.67e-65	257
sampleA_part1	KF461149	263685	75.855	468	108	5	60	525	11	475	1.67e-65	257
sampleA_part1	KC840951	263685;280671	75.855	468	108	5	60	525	10	474	1.67e-65	257
sampleA_part1	KF793760	263685	75.855	468	108	5	60	525	10	474	1.67e-65	257
sampleA_part1	KC840953	202609;263685	75.855	468	108	5	60	525	10	474	1.67e-65	257
sampleA_part1	JF493055	263685	75.855	468	108	5	60	525	11	475	1.67e-65	257
sampleA_part1	HQ171638	263685	75.855	468	108	5	60	525	11	475	1.67e-65	257
sampleA_part1	HQ171636	263685	75.855	468	108	5	60	525	11	475	1.67e-65	257
sampleA_part1	GU804990	263685	75.855	468	108	5	60	525	11	475	1.67e-65	257
sampleA_part1	HQ171634	263685	75.855	468	108	5	60	525	11	475	1.67e-65	257
sampleA_part1	HQ171616	263685	75.855	468	108	5	60	525	11	475	1.67e-65	257
sampleA_part1	FJ519067	263685	75.855	468	108	5	60	525	11	475	1.67e-65	257
sampleA_part1	FJ519062	263685;1977434;2578766	75.855	468	108	5	60	525	11	475	1.67e-65	257
sampleA_part1	FJ519021	38578	75.636	472	114	1	50	521	1	471	1.67e-65	257
sampleA_part1	EU398602	263685	75.855	468	108	5	60	525	11	475	1.67e-65	257
sampleA_part1	EU398601	263685	75.855	468	108	5	60	525	11	475	1.67e-65	257
sampleA_part1	HQ171641	263685	75.647	464	109	4	64	525	1	462	2.16e-64	254
sampleA_part1	KP193374	263685	75.641	468	109	5	60	525	11	475	7.76e-64	252
sampleA_part1	KF899825	651724	75.594	463	112	1	50	512	1	462	7.76e-64	252
sampleA_part1	KC175450	263685	75.705	461	108	4	67	525	1	459	7.76e-64	252
sampleA_part1	JF493059	263685	75.641	468	109	5	60	525	11	475	7.76e-64	252
sampleA_part1	HQ712511	38578	75.424	472	115	1	50	521	1	471	7.76e-64	252
sampleA_part1	GU673424	651724	75.594	463	112	1	50	512	1	462	7.76e-64	252
sampleA_part1	FJ519606	263685	75.641	468	109	5	60	525	11	475	7.76e-64	252
sampleA_part1	MG774907	651724	75.541	462	112	1	51	512	1	461	2.79e-63	250
sampleA_part1	KX063635	263685	75.664	452	106	4	76	525	1	450	3.61e-62	246
sampleA_part1	KM073019	651724	75.378	463	113	1	50	512	1	462	3.61e-62	246
sampleA_part1	KF899827	651724	75.378	463	113	1	50	512	1	462	3.61e-62	246
sampleA_part1	PX401728	651724	75.501	449	110	0	64	512	1	449	1.30e-61	244
sampleA_part1	PX393715	3362936	75.806	434	105	0	88	521	2	435	1.30e-61	244
sampleA_part1	OQ385125	651724	75.325	462	113	1	51	512	1	461	1.30e-61	244
sampleA_part1	MK422127	2599772	75.551	454	107	3	70	521	3	454	4.67e-61	243
sampleA_part1	LC163979	263685	75.561	446	105	4	82	525	3	446	1.68e-60	241
sampleA_part1	KU936199	3362936	75.758	429	104	0	93	521	1	429	1.68e-60	241
sampleA_part1	KM396945	263685	75.561	446	105	4	82	525	3	446	1.68e-60	241
sampleA_part1	PX401730	651724	75.278	449	111	0	64	512	1	449	6.04e-60	239
sampleA_part1	PX401729	651724	75.278	449	111	0	64	512	1	449	6.04e-60	239
sampleA_part1	PX401727	651724	75.278	449	111	0	64	512	1	449	6.04e-60	239
sampleA_part1	PX393716	3362936	75.576	434	106	0	88	521	2	435	6.04e-60	239
sampleA_part1	MF508673	263685	75.506	445	105	4	83	525	1	443	6.04e-60	239
sampleA_part1	HM467797	651724	75.336	446	110	0	67	512	1	446	6.04e-60	239
sampleA_part1	PV716652	263685	75.694	432	101	4	96	525	6	435	2.17e-59	237
sampleA_part1	MH841978	263685	75.694	432	101	4	96	525	12	441	2.17e-59	237
sampleA_part1	KM973099	263685	75.962	416	98	2	111	525	1	415	2.17e-59	237
sampleA_part1	PV716677	263685	75.837	418	99	2	109	525	12	428	7.81e-59	235
sampleA_part1	PV716644	263685	75.837	418	99	2	109	525	11	427	7.81e-59	235
sampleA_part1	OR395274	436291	74.486	486	122	2	40	524	1	485	2.81e-58	233
sampleA_part1	OQ385086	1188028	74.946	463	113	3	60	521	10	470	2.81e-58	233
sampleA_part1	KM973101	263685	75.721	416	99	2	111	525	1	415	1.01e-57	231
sampleA_part1	KM973100	263685	75.721	416	99	2	111	525	1	415	1.01e-57	231
sampleA_part1	KM973098	263685	75.721	416	99	2	111	525	1	415	1.01e-57	231
sampleA_part1	KM973097	263685	75.721	416	99	2	111	525	1	415	1.01e-57	231
sampleA_part1	KF899760	1455694	74.684	474	117	3	52	524	3	474	1.01e-57	231
sampleA_part1	KF899759	1455694	74.684	474	117	3	52	524	3	474	1.01e-57	231
sampleA_part1	EU398530	1053713	81.752	274	47	3	60	332	11	282	4.70e-56	226
sampleA_part1	MK422147	651724	74.718	443	112	0	70	512	3	445	6.08e-55	222
sampleA_part1	EU339347	195326	74.409	465	118	1	57	521	10	473	6.08e-55	222
sampleA_part1	MW339366	263693	81.387	274	48	3	60	332	13	284	2.19e-54	220
sampleA_part1	MW339365	263693	81.387	274	48	3	60	332	13	284	2.19e-54	220
sampleA_part1	MW339364	263693	81.387	274	48	3	60	332	13	284	2.19e-54	220
sampleA_part1	MW339363	263693	81.387	274	48	3	60	332	13	284	2.19e-54	220
sampleA_part1	MW339362	263693	81.387	274	48	3	60	332	13	284	2.19e-54	220
sampleA_part1	MT895765	164748	81.387	274	48	3	60	332	11	282	2.19e-54	220
sampleA_part1	MT895764	164748	81.387	274	48	3	60	332	11	282	2.19e-54	220
sampleA_part1	JN312720	1053713	81.387	274	48	3	60	332	3	274	2.19e-54	220
sampleA_part1	GU805932	1053713	81.387	274	48	3	60	332	11	282	2.19e-54	220
sampleA_part1	EU398528	1053713	81.387	274	48	3	60	332	11	282	2.19e-54	220
sampleA_part1	MT152414	263685	75.916	382	90	2	145	525	7	387	7.87e-54	219
sampleA_part1	PV715977	263685	76.152	369	86	2	158	525	4	371	2.83e-53	217
sampleA_part1	JQ765550	86377;651724	75.184	407	101	0	106	512	4	410	2.83e-53	217
sampleA_part1	JN312757	1213673	80.345	290	54	3	57	345	4	291	2.83e-53	217
sampleA_part1	OR227127	651724	75.190	395	98	0	118	512	4	398	1.32e-51	211
sampleA_part1	DQ108201	335007	76.149	348	81	2	175	521	3	349	1.70e-50	207
sampleA_part1	KP719473	263685	75.706	354	84	2	173	525	8	360	2.85e-48	200
sampleA_part1	OK092571	661137	82.051	234	39	3	96	327	9	241	3.69e-47	196
sampleA_part1	PV606570	661137	81.897	232	39	3	98	327	1	231	4.77e-46	193
sampleA_part1	KJ202075	263693	81.250	224	42	0	109	332	1	224	1.03e-42	182
sampleA_part1	MF686575	661137	84.239	184	28	1	145	327	13	196	1.34e-41	178
sampleA_part1	MG644347	263685	74.534	322	80	2	205	525	1	321	3.74e-37	163
sampleA_part1	MG644275	263685	74.534	322	80	2	205	525	1	321	3.74e-37	163
sampleA_part1	MG644274	280671	74.534	322	80	2	205	525	1	321	3.74e-37	163
sampleA_part1	MG594062	263685	74.534	322	80	2	205	525	1	321	3.74e-37	163
sampleA_part1	MG594055	263685	74.534	322	80	2	205	525	1	321	3.74e-37	163
sampleA_part1	MG644276	263685	74.224	322	81	2	205	525	1	321	1.74e-35	158
sampleA_part2	PV651716	7782	81.992	472	81	4	7	476	6009	6478	9.41e-108	398
sampleA_part2	PV651715	7782	81.992	472	81	4	7	476	6009	6478	9.41e-108	398
sampleA_part2	NC_016429	7782	81.992	472	81	4	7	476	6009	6478	9.41e-108	398
sampleA_part2	MF278976	1051904	80.851	470	90	0	7	476	6006	6475	2.05e-99	370
sampleA_part2	NC_037974	1051904	80.851	470	90	0	7	476	6007	6476	2.05e-99	370
sampleA_part2	NC_056291	315322	80.851	470	90	0	7	476	6008	6477	2.05e-99	370
sampleA_part2	NC_017882	586796	81.416	452	84	0	7	458	6004	6455	2.05e-99	370
sampleA_part2	PQ043202	2492913	80.638	470	91	0	7	476	5992	6461	9.55e-98	364
sampleA_part2	PQ043201	2492912	81.004	458	87	0	7	464	5992	6449	9.55e-98	364
sampleA_part2	OR812981	386614	80.638	470	91	0	7	476	6007	6476	9.55e-98	364
sampleA_part2	NC_057047	762856	80.802	474	83	7	7	476	6164	6633	9.55e-98	364
sampleA_part2	PQ043204	2492915	80.426	470	92	0	7	476	5991	6460	4.44e-96	359
sampleA_part2	JN184073	417956	80.426	470	92	0	7	476	2753	3222	4.44e-96	359
sampleA_part2	PQ043206	2492917	79.400	500	103	0	7	506	5992	6491	5.75e-95	355
sampleA_part2	KT698056	1739092	79.482	502	97	6	5	503	5992	6490	2.07e-94	353
sampleA_part2	NC_014292	765186	79.093	507	104	2	1	506	5966	6471	2.67e-93	350
sampleA_part2	PQ043205	2492916	80.000	470	94	0	7	476	5991	6460	9.62e-93	348
sampleA_part2	KT698063	1739091	79.242	501	100	4	5	503	5992	6490	9.62e-93	348
sampleA_part2	NC_028343	1739091	79.242	501	100	4	5	503	5992	6490	9.62e-93	348
sampleA_part2	NC_028339	1739092	79.242	501	100	4	5	503	5992	6490	9.62e-93	348
sampleA_part2	NC_025578	55142	79.958	474	91	4	5	476	5987	6458	3.46e-92	346
sampleA_part2	NC_025328	495881	79.958	474	91	4	5	476	5983	6454	3.46e-92	346
sampleA_part2	AP019519	137246	79.084	502	101	4	7	506	5993	6492	1.24e-91	344
sampleA_part2	NC_031811	1214693	79.042	501	103	2	7	506	5987	6486	1.24e-91	344
sampleA_part2	NC_044745	170820	78.800	500	106	0	7	506	5992	6491	5.79e-90	339
sampleA_part2	PQ043209	2492919	78.800	500	106	0	7	506	5991	6490	5.79e-90	339
sampleA_part2	PQ043207	170820	78.800	500	106	0	7	506	5992	6491	5.79e-90	339
sampleA_part2	PQ043203	2492914	78.800	500	106	0	7	506	5991	6490	5.79e-90	339
sampleA_part2	NC_016686	137246	78.884	502	102	4	7	506	5994	6493	5.79e-90	339
sampleA_part2	NC_028341	496092	79.618	471	94	2	7	476	5994	6463	2.08e-89	337
sampleA_part2	JQ654706	7852	79.449	472	97	0	5	476	530	1001	7.49e-89	335
sampleA_part2	MF125278	7852	79.493	473	91	6	7	476	5990	6459	9.68e-88	331
sampleA_part2	MF374733	7852	79.281	473	92	6	7	476	5990	6459	4.51e-86	326
sampleA_part2	OP057080	7852	79.281	473	92	6	7	476	5990	6459	4.51e-86	326
sampleA_part2	NC_049866	7852	79.281	473	92	6	7	476	5990	6459	4.51e-86	326
sampleA_part2	JQ654708	57982	79.070	473	97	2	5	476	530	1001	1.62e-85	324
sampleA_part2	KY039268	571825	78.313	498	106	2	7	503	5989	6485	5.83e-85	322
sampleA_part2	KY039267	571825	78.313	498	106	2	7	503	5989	6485	5.83e-85	322
sampleA_part2	KY039266	571825	78.313	498	106	2	7	503	5989	6485	5.83e-85	322
sampleA_part2	KY039265	571825	78.313	498	106	2	7	503	5989	6485	5.83e-85	322
sampleA_part2	KY039264	571825	78.313	498	106	2	7	503	5989	6485	5.83e-85	322
sampleA_part2	KY039263	571825	78.313	498	106	2	7	503	5989	6485	5.83e-85	322
sampleA_part2	KY039262	571825	78.313	498	106	2	7	503	5989	6485	5.83e-85	322
sampleA_part2	KY039261	571825	78.313	498	106	2	7	503	5989	6485	5.83e-85	322
sampleA_part2	KY039260	571825	78.313	498	106	2	7	503	5989	6485	5.83e-85	322
sampleA_part2	KY039259	571825	78.313	498	106	2	7	503	5989	6485	5.83e-85	322
sampleA_part2	KY039258	571825	78.313	498	106	2	7	503	5989	6485	5.83e-85	322
sampleA_part2	KY039257	571825	78.313	498	106	2	7	503	5989	6485	5.83e-85	322
sampleA_part2	KY039256	571825	78.313	498	106	2	7	503	5989	6485	5.83e-85	322
sampleA_part2	KY039255	571825	78.313	498	106	2	7	503	5989	6485	5.83e-85	322
sampleA_part2	KY039254	571825	78.313	498	106	2	7	503	5989	6485	5.83e-85	322
sampleA_part2	KY039253	571825	78.313	498	106	2	7	503	5989	6485	5.83e-85	322
sampleA_part2	KY039252	571825	78.313	498	106	2	7	503	5989	6485	5.83e-85	322
sampleA_part2	KY039251	571825	78.313	498	106	2	7	503	5989	6485	5.83e-85	322
sampleA_part2	KY039250	571825	78.313	498	106	2	7	503	5989	6485	5.83e-85	322
sampleA_part2	KY039249	571825	78.313	498	106	2	7	503	5989	6485	5.83e-85	322
sampleA_part2	KY039248	571825	78.313	498	106	2	7	503	5989	6485	5.83e-85	322
sampleA_part2	KY039247	571825	78.313	498	106	2	7	503	5989	6485	5.83e-85	322
sampleA_part2	KY039246	571825	78.313	498	106	2	7	503	5989	6485	5.83e-85	322
sampleA_part2	KY039245	571825	78.313	498	106	2	7	503	5989	6485	5.83e-85	322
sampleA_part2	KY039244	571825	78.313	498	106	2	7	503	5989	6485	5.83e-85	322
sampleA_part2	KY039243	571825	78.313	498	106	2	7	503	5989	6485	5.83e-85	322
sampleA_part2	KY039242	571825	78.313	498	106	2	7	503	5989	6485	5.83e-85	322
sampleA_part2	KY039241	571825	78.313	498	106	2	7	503	5989	6485	5.83e-85	322
sampleA_part2	KY039240	571825	78.313	498	106	2	7	503	5989	6485	5.83e-85	322
sampleA_part2	KY039239	571825	78.313	498	106	2	7	503	5989	6485	5.83e-85	322
sampleA_part2	KY039238	571825	78.313	498	106	2	7	503	5989	6485	5.83e-85	322
sampleA_part2	KY039237	571825	78.313	498	106	2	7	503	5989	6485	5.83e-85	322
sampleA_part2	KY039236	571825	78.313	498	106	2	7	503	5989	6485	5.83e-85	322
sampleA_part2	KY039235	571825	78.313	498	106	2	7	503	5989	6485	5.83e-85	322
sampleA_part2	KY039234	571825	78.313	498	106	2	7	503	5989	6485	5.83e-85	322
sampleA_part2	KY039233	571825	78.313	498	106	2	7	503	5989	6485	5.83e-85	322
sampleA_part2	KY039232	571825	78.313	498	106	2	7	503	5989	6485	5.83e-85	322
sampleA_part2	KY039231	571825	78.313	498	106	2	7	503	5989	6485	5.83e-85	322
sampleA_part2	KY039230	571825	78.313	498	106	2	7	503	5989	6485	5.83e-85	322
sampleA_part2	KY039229	571825	78.313	498	106	2	7	503	5989	6485	5.83e-85	322
sampleA_part2	KY039228	571825	78.313	498	106	2	7	503	5989	6485	5.83e-85	322
sampleA_part2	KY039227	571825	78.313	498	106	2	7	503	5989	6485	5.83e-85	322
sampleA_part2	KY039226	571825	78.313	498	106	2	7	503	5989	6485	5.83e-85	322
sampleA_part2	KY039225	571825	78.313	498	106	2	7	503	5989	6485	5.83e-85	322
sampleA_part2	KY039224	571825	78.313	498	106	2	7	503	5989	6485	5.83e-85	322
sampleA_part2	KY039223	571825	78.313	498	106	2	7	503	5989	6485	5.83e-85	322
sampleA_part2	KY039222	571825	78.313	498	106	2	7	503	5989	6485	5.83e-85	322
sampleA_part2	KY039221	571825	78.313	498	106	2	7	503	5989	6485	5.83e-85	322
sampleA_part2	KY039220	571825	78.313	498	106	2	7	503	5989	6485	5.83e-85	322
sampleA_part2	KY039219	571825	78.313	498	106	2	7	503	5989	6485	5.83e-85	322
sampleA_part2	KY039218	571825	78.313	498	106	2	7	503	5989	6485	5.83e-85	322
sampleA_part2	KY039217	571825	78.313	498	106	2	7	503	5989	6485	5.83e-85	322
sampleA_part2	KY039216	571825	78.313	498	106	2	7	503	5989	6485	5.83e-85	322
sampleA_part2	KY039215	571825	78.313	498	106	2	7	503	5989	6485	5.83e-85	322
sampleA_part2	KY039214	571825	78.313	498	106	2	7	503	5989	6485	5.83e-85	322
sampleA_part2	KY039213	571825	78.313	498	106	2	7	503	5989	6485	5.83e-85	322
sampleA_part2	KY039212	571825	78.313	498	106	2	7	503	5989	6485	5.83e-85	322
sampleA_part2	KY039211	571825	78.313	498	106	2	7	503	5989	6485	5.83e-85	322
sampleA_part2	KY039210	571825	78.313	498	106	2	7	503	5989	6485	5.83e-85	322
sampleA_part2	KY039209	571825	78.313	498	106	2	7	503	5989	6485	5.83e-85	322
sampleA_part2	KY039208	571825	78.313	498	106	2	7	503	5989	6485	5.83e-85	322
sampleA_part2	KY039207	571825	78.313	498	106	2	7	503	5989	6485	5.83e-85	322
sampleA_part2	KY039206	571825	78.313	498	106	2	7	503	5989	6485	5.83e-85	322
sampleA_part2	KY039205	571825	78.313	498	106	2	7	503	5989	6485	5.83e-85	322
sampleA_part2	KY039204	571825	78.313	498	106	2	7	503	5989	6485	5.83e-85	322
sampleA_part2	KY039203	571825	78.313	498	106	2	7	503	5989	6485	5.83e-85	322
sampleA_part2	KY039202	571825	78.313	498	106	2	7	503	5989	6485	5.83e-85	322
sampleA_part2	KY039201	571825	78.313	498	106	2	7	503	5989	6485	5.83e-85	322
sampleA_part2	KY039200	571825	78.313	498	106	2	7	503	5989	6485	5.83e-85	322
sampleA_part2	KY039199	571825	78.313	498	106	2	7	503	5989	6485	5.83e-85	322
sampleA_part2	KY039198	571825	78.313	498	106	2	7	503	5989	6485	5.83e-85	322
sampleA_part2	KY039197	571825	78.313	498	106	2	7	503	5989	6485	5.83e-85	322
sampleA_part2	KY039196	571825	78.313	498	106	2	7	503	5989	6485	5.83e-85	322
sampleA_part2	KY039195	571825	78.313	498	106	2	7	503	5989	6485	5.83e-85	322
sampleA_part2	KY039194	571825	78.313	498	106	2	7	503	5989	6485	5.83e-85	322
sampleA_part2	KY039193	571825	78.313	498	106	2	7	503	5989	6485	5.83e-85	322
sampleA_part2	KY039192	571825	78.313	498	106	2	7	503	5989	6485	5.83e-85	322
sampleA_part2	KY039191	571825	78.313	498	106	2	7	503	5989	6485	5.83e-85	322
sampleA_part2	KY039190	571825	78.313	498	106	2	7	503	5989	6485	5.83e-85	322
sampleA_part2	KY039189	571825	78.313	498	106	2	7	503	5989	6485	5.83e-85	322
sampleA_part2	KY039188	571825	78.313	498	106	2	7	503	5989	6485	5.83e-85	322
sampleA_part2	KT698055	571825	78.313	498	106	2	7	503	5989	6485	5.83e-85	322
sampleA_part2	KT698051	571825	78.313	498	106	2	7	503	5989	6485	5.83e-85	322
sampleA_part2	OZ360259	7788	78.981	471	97	2	7	476	4763	5232	2.10e-84	320
sampleA_part2	MW653247	496093	79.025	472	95	4	7	476	5989	6458	2.10e-84	320
sampleA_part2	MW653246	496093	79.025	472	95	4	7	476	5989	6458	2.10e-84	320
sampleA_part2	MW653245	496093	79.025	472	95	4	7	476	5989	6458	2.10e-84	320
sampleA_part2	MW653244	496093	79.025	472	95	4	7	476	5989	6458	2.10e-84	320
sampleA_part2	MW653243	496093	79.025	472	95	4	7	476	5989	6458	2.10e-84	320
sampleA_part2	MW653242	496093	79.025	472	95	4	7	476	5989	6458	2.10e-84	320
sampleA_part2	MW653241	496093	79.025	472	95	4	7	476	5989	6458	2.10e-84	320
sampleA_part2	MW653240	496093	79.025	472	95	4	7	476	5989	6458	2.10e-84	320
sampleA_part2	MW653239	496093	79.025	472	95	4	7	476	5989	6458	2.10e-84	320
sampleA_part2	MW653238	496093	79.025	472	95	4	7	476	5989	6458	2.10e-84	320
sampleA_part2	MW653237	496093	79.025	472	95	4	7	476	5989	6458	2.10e-84	320
sampleA_part2	MW653236	496093	79.025	472	95	4	7	476	5989	6458	2.10e-84	320
sampleA_part2	MW653235	496093	79.025	472	95	4	7	476	5989	6458	2.10e-84	320
sampleA_part2	MW653234	496093	79.025	472	95	4	7	476	5989	6458	2.10e-84	320
sampleA_part2	MW653233	496093	79.025	472	95	4	7	476	5989	6458	2.10e-84	320
sampleA_part2	MW653232	496093	79.025	472	95	4	7	476	5989	6458	2.10e-84	320
sampleA_part2	MW653231	496093	79.025	472	95	4	7	476	5989	6458	2.10e-84	320
sampleA_part2	MW653230	496093	79.025	472	95	4	7	476	5989	6458	2.10e-84	320
sampleA_part2	MW653229	496093	79.025	472	95	4	7	476	5989	6458	2.10e-84	320
sampleA_part2	MW653228	496093	79.025	472	95	4	7	476	5989	6458	2.10e-84	320
sampleA_part2	MW653227	496093	79.025	472	95	4	7	476	5989	6458	2.10e-84	320
sampleA_part2	MW653226	496093	79.025	472	95	4	7	476	5989	6458	2.10e-84	320
sampleA_part2	MW653225	496093	79.025	472	95	4	7	476	5989	6458	2.10e-84	320
sampleA_part2	MW653224	496093	79.025	472	95	4	7	476	5989	6458	2.10e-84	320
sampleA_part2	MW653223	496093	79.025	472	95	4	7	476	5989	6458	2.10e-84	320
sampleA_part2	MW653222	496093	79.025	472	95	4	7	476	5989	6458	2.10e-84	320
sampleA_part2	MW653221	496093	79.025	472	95	4	7	476	5989	6458	2.10e-84	320
sampleA_part2	MW653220	496093	79.025	472	95	4	7	476	5989	6458	2.10e-84	320
sampleA_part2	MW653219	496093	79.025	472	95	4	7	476	5989	6458	2.10e-84	320
sampleA_part2	MW653218	496093	79.025	472	95	4	7	476	5989	6458	2.10e-84	320
sampleA_part2	MW653217	496093	79.025	472	95	4	7	476	5989	6458	2.10e-84	320
sampleA_part2	MW653216	496093	79.025	472	95	4	7	476	5989	6458	2.10e-84	320
sampleA_part2	MW653215	496093	79.025	472	95	4	7	476	5989	6458	2.10e-84	320
sampleA_part2	MW653214	496093	79.025	472	95	4	7	476	5989	6458	2.10e-84	320
sampleA_part2	MW653213	496093	79.025	472	95	4	7	476	5989	6458	2.10e-84	320
sampleA_part2	MW653212	496093	79.025	472	95	4	7	476	5989	6458	2.10e-84	320
sampleA_part2	MW653211	496093	79.025	472	95	4	7	476	5989	6458	2.10e-84	320
sampleA_part2	MW653210	496093	79.025	472	95	4	7	476	5989	6458	2.10e-84	320
sampleA_part2	MW653209	496093	79.025	472	95	4	7	476	5989	6458	2.10e-84	320
sampleA_part2	MW653208	496093	79.025	472	95	4	7	476	5989	6458	2.10e-84	320
sampleA_part2	MW653207	496093	79.025	472	95	4	7	476	5989	6458	2.10e-84	320
sampleA_part2	MW653206	496093	79.025	472	95	4	7	476	5989	6458	2.10e-84	320
sampleA_part2	MW653205	496093	79.025	472	95	4	7	476	5989	6458	2.10e-84	320
sampleA_part2	MW653204	496093	79.025	472	95	4	7	476	5989	6458	2.10e-84	320
sampleA_part2	MW653203	496093	79.025	472	95	4	7	476	5989	6458	2.10e-84	320
sampleA_part2	MW653202	496093	79.025	472	95	4	7	476	5989	6458	2.10e-84	320
sampleA_part2	MW653201	496093	79.025	472	95	4	7	476	5989	6458	2.10e-84	320
sampleA_part2	MW653200	496093	79.025	472	95	4	7	476	5989	6458	2.10e-84	320
sampleA_part2	MW653199	496093	79.025	472	95	4	7	476	5989	6458	2.10e-84	320
sampleA_part2	MW653198	496093	79.025	472	95	4	7	476	5989	6458	2.10e-84	320
sampleA_part2	MW653197	496093	79.025	472	95	4	7	476	5989	6458	2.10e-84	320
sampleA_part2	MW653196	496093	79.025	472	95	4	7	476	5989	6458	2.10e-84	320
sampleA_part2	MW653195	496093	79.025	472	95	4	7	476	5989	6458	2.10e-84	320
sampleA_part2	MW653194	496093	79.025	472	95	4	7	476	5989	6458	2.10e-84	320
sampleA_part2	MW653193	496093	79.025	472	95	4	7	476	5989	6458	2.10e-84	320
sampleA_part2	MW653192	496093	79.025	472	95	4	7	476	5989	6458	2.10e-84	320
sampleA_part2	MW653191	496093	79.025	472	95	4	7	476	5989	6458	2.10e-84	320
sampleA_part2	MW653190	496093	79.025	472	95	4	7	476	5989	6458	2.10e-84	320
sampleA_part2	MW653189	496093	79.025	472	95	4	7	476	5989	6458	2.10e-84	320
sampleA_part2	MW653188	496093	79.025	472	95	4	7	476	5989	6458	2.10e-84	320
sampleA_part2	MW653187	496093	79.025	472	95	4	7	476	5989	6458	2.10e-84	320
sampleA_part2	MW653186	496093	79.025	472	95	4	7	476	5989	6458	2.10e-84	320
sampleA_part2	MW653185	496093	79.025	472	95	4	7	476	5989	6458	2.10e-84	320
sampleA_part2	MW653184	496093	79.025	472	95	4	7	476	5989	6458	2.10e-84	320
sampleA_part2	MW653183	496093	79.025	472	95	4	7	476	5989	6458	2.10e-84	320
sampleA_part2	MW653182	496093	79.025	472	95	4	7	476	5989	6458	2.10e-84	320
sampleA_part2	MW653181	496093	79.025	472	95	4	7	476	5989	6458	2.10e-84	320
sampleA_part2	MW653180	496093	79.025	472	95	4	7	476	5989	6458	2.10e-84	320
sampleA_part2	MW653179	496093	79.025	472	95	4	7	476	5989	6458	2.10e-84	320
sampleA_part2	MW653178	496093	79.025	472	95	4	7	476	5989	6458	2.10e-84	320
sampleA_part2	MW653177	496093	79.025	472	95	4	7	476	5989	6458	2.10e-84	320
sampleA_part2	MW653176	496093	79.025	472	95	4	7	476	5989	6458	2.10e-84	320
sampleA_part2	MW653175	496093	79.025	472	95	4	7	476	5989	6458	2.10e-84	320
sampleA_part2	MW653174	496093	79.025	472	95	4	7	476	5989	6458	2.10e-84	320
sampleA_part2	MW653173	496093	79.025	472	95	4	7	476	5989	6458	2.10e-84	320
sampleA_part2	MW653172	496093	79.025	472	95	4	7	476	5989	6458	2.10e-84	320
sampleA_part2	MW653171	496093	79.025	472	95	4	7	476	5989	6458	2.10e-84	320
sampleA_part2	MW653170	496093	79.025	472	95	4	7	476	5989	6458	2.10e-84	320
sampleA_part2	MW653169	496093	79.025	472	95	4	7	476	5989	6458	2.10e-84	320
sampleA_part2	MW653168	496093	79.025	472	95	4	7	476	5989	6458	2.10e-84	320
sampleA_part2	MW653167	496093	79.025	472	95	4	7	476	5989	6458	2.10e-84	320
sampleA_part2	MW653166	496093	79.025	472	95	4	7	476	5989	6458	2.10e-84	320
sampleA_part2	MW653165	496093	79.025	472	95	4	7	476	5989	6458	2.10e-84	320
sampleA_part2	MW653164	496093	79.025	472	95	4	7	476	5989	6458	2.10e-84	320
sampleA_part2	MW653163	496093	79.025	472	95	4	7	476	5989	6458	2.10e-84	320
sampleA_part2	MW653162	496093	79.025	472	95	4	7	476	5989	6458	2.10e-84	320
sampleA_part2	MW653161	496093	79.025	472	95	4	7	476	5989	6458	2.10e-84	320
sampleA_part2	MW653160	496093	79.025	472	95	4	7	476	5989	6458	2.10e-84	320
sampleA_part2	MW653159	496093	79.025	472	95	4	7	476	5989	6458	2.10e-84	320
sampleA_part2	MW653158	496093	79.025	472	95	4	7	476	5989	6458	2.10e-84	320
sampleA_part2	MW653157	496093	79.025	472	95	4	7	476	5989	6458	2.10e-84	320
sampleA_part2	MW653156	496093	79.025	472	95	4	7	476	5989	6458	2.10e-84	320
sampleA_part2	MW653155	496093	79.025	472	95	4	7	476	5989	6458	2.10e-84	320
sampleA_part2	MW653154	496093	79.025	472	95	4	7	476	5989	6458	2.10e-84	320
sampleA_part2	MW653153	496093	79.025	472	95	4	7	476	5989	6458	2.10e-84	320
sampleA_part2	MW653152	496093	79.025	472	95	4	7	476	5989	6458	2.10e-84	320
sampleA_part2	MW653151	496093	79.025	472	95	4	7	476	5989	6458	2.10e-84	320
sampleA_part2	MW653150	496093	79.025	472	95	4	7	476	5989	6458	2.10e-84	320
sampleA_part2	MW653149	496093	79.025	472	95	4	7	476	5989	6458	2.10e-84	320
sampleA_part2	MW653148	496093	79.025	472	95	4	7	476	5989	6458	2.10e-84	320
sampleA_part2	MW653147	496093	79.025	472	95	4	7	476	5989	6458	2.10e-84	320
sampleA_part2	MW653146	496093	79.025	472	95	4	7	476	5989	6458	2.10e-84	320
sampleA_part2	MW653145	496093	79.025	472	95	4	7	476	5989	6458	2.10e-84	320
sampleA_part2	MW653144	496093	79.025	472	95	4	7	476	5989	6458	2.10e-84	320
sampleA_part2	MW653143	496093	79.025	472	95	4	7	476	5989	6458	2.10e-84	320
sampleA_part2	MW653142	496093	79.025	472	95	4	7	476	5989	6458	2.10e-84	320
sampleA_part2	MW653141	496093	79.025	472	95	4	7	476	5989	6458	2.10e-84	320
sampleA_part2	MW653140	496093	79.025	472	95	4	7	476	5989	6458	2.10e-84	320
sampleA_part2	MW653139	496093	79.025	472	95	4	7	476	5989	6458	2.10e-84	320
sampleA_part2	MW653138	496093	79.025	472	95	4	7	476	5989	6458	2.10e-84	320
sampleA_part2	MW653137	496093	79.025	472	95	4	7	476	5989	6458	2.10e-84	320
sampleA_part2	MW653136	496093	79.025	472	95	4	7	476	5989	6458	2.10e-84	320
sampleA_part2	MW653135	496093	79.025	472	95	4	7	476	5989	6458	2.10e-84	320
sampleA_part2	MW653134	496093	79.025	472	95	4	7	476	5989	6458	2.10e-84	320
sampleA_part2	MW653133	496093	79.025	472	95	4	7	476	5989	6458	2.10e-84	320
sampleA_part2	MW653132	496093	79.025	472	95	4	7	476	5989	6458	2.10e-84	320
sampleA_part2	MW653131	496093	79.025	472	95	4	7	476	5989	6458	2.10e-84	320
sampleA_part2	MW653130	496093	79.025	472	95	4	7	476	5989	6458	2.10e-84	320
sampleA_part2	MW653129	496093	79.025	472	95	4	7	476	5989	6458	2.10e-84	320
sampleA_part2	MW653128	496093	79.025	472	95	4	7	476	5989	6458	2.10e-84	320
sampleA_part2	MW653127	496093	79.025	472	95	4	7	476	5989	6458	2.10e-84	320
sampleA_part2	MW653126	496093	79.025	472	95	4	7	476	5989	6458	2.10e-84	320
sampleA_part2	MW653125	496093	79.025	472	95	4	7	476	5989	6458	2.10e-84	320
sampleA_part2	MW653124	496093	79.025	472	95	4	7	476	5989	6458	2.10e-84	320
sampleA_part2	MW653123	496093	79.025	472	95	4	7	476	5989	6458	2.10e-84	320
sampleA_part2	MW653122	496093	79.025	472	95	4	7	476	5989	6458	2.10e-84	320
sampleA_part2	MW653121	496093	79.025	472	95	4	7	476	5989	6458	2.10e-84	320
sampleA_part2	MW653120	496093	79.025	472	95	4	7	476	5989	6458	2.10e-84	320
sampleA_part2	MW653119	496093	79.025	472	95	4	7	476	5989	6458	2.10e-84	320
sampleA_part2	MW653118	496093	79.025	472	95	4	7	476	5989	6458	2.10e-84	320
sampleA_part2	MW653117	496093	79.025	472	95	4	7	476	5989	6458	2.10e-84	320
sampleA_part2	MW653116	496093	79.025	472	95	4	7	476	5989	6458	2.10e-84	320
sampleA_part2	MW653115	496093	79.025	472	95	4	7	476	5989	6458	2.10e-84	320
sampleA_part2	MW653114	496093	79.025	472	95	4	7	476	5988	6457	2.10e-84	320
sampleA_part2	MW653113	496093	79.025	472	95	4	7	476	5989	6458	2.10e-84	320
sampleA_part2	MW653112	496093	79.025	472	95	4	7	476	5989	6458	2.10e-84	320
sampleA_part2	MW653111	496093	79.025	472	95	4	7	476	5989	6458	2.10e-84	320
sampleA_part2	MW653110	496093	79.025	472	95	4	7	476	5989	6458	2.10e-84	320
sampleA_part2	MW653109	496093	79.025	472	95	4	7	476	5989	6458	2.10e-84	320
sampleA_part2	MW653108	496093	79.025	472	95	4	7	476	5989	6458	2.10e-84	320
sampleA_part2	MW653107	496093	79.025	472	95	4	7	476	5989	6458	2.10e-84	320
sampleA_part2	MW653106	496093	79.025	472	95	4	7	476	5989	6458	2.10e-84	320
sampleA_part2	MW653105	496093	79.025	472	95	4	7	476	5989	6458	2.10e-84	320
sampleA_part2	MW653104	496093	79.025	472	95	4	7	476	5989	6458	2.10e-84	320
sampleA_part2	MW653103	496093	79.025	472	95	4	7	476	5989	6458	2.10e-84	320
sampleA_part2	MW653102	496093	79.025	472	95	4	7	476	5989	6458	2.10e-84	320
sampleA_part2	MW653101	496093	79.025	472	95	4	7	476	5989	6458	2.10e-84	320
sampleA_part2	MW653100	496093	79.025	472	95	4	7	476	5989	6458	2.10e-84	320
sampleA_part2	MW653099	496093	79.025	472	95	4	7	476	5989	6458	2.10e-84	320
sampleA_part2	MW653098	496093	79.025	472	95	4	7	476	5989	6458	2.10e-84	320
sampleA_part2	MW653097	496093	79.025	472	95	4	7	476	5989	6458	2.10e-84	320
sampleA_part2	MW653096	496093	79.025	472	95	4	7	476	5989	6458	2.10e-84	320
sampleA_part2	MW653095	496093	79.025	472	95	4	7	476	5989	6458	2.10e-84	320
sampleA_part2	MW653094	496093	79.025	472	95	4	7	476	5989	6458	2.10e-84	320
sampleA_part2	MW653093	496093	79.025	472	95	4	7	476	5989	6458	2.10e-84	320
sampleA_part2	MW653092	496093	79.025	472	95	4	7	476	5989	6458	2.10e-84	320
sampleA_part2	MW653091	496093	79.025	472	95	4	7	476	5989	6458	2.10e-84	320
sampleA_part2	MW653090	496093	79.025	472	95	4	7	476	5989	6458	2.10e-84	320
sampleA_part2	MW653089	496093	79.025	472	95	4	7	476	5989	6458	2.10e-84	320
sampleA_part2	MW653088	496093	79.025	472	95	4	7	476	5989	6458	2.10e-84	320
sampleA_part2	MW653087	496093	79.025	472	95	4	7	476	5989	6458	2.10e-84	320
sampleA_part2	MW653086	496093	79.025	472	95	4	7	476	5989	6458	2.10e-84	320
sampleA_part2	MW653085	496093	79.025	472	95	4	7	476	5989	6458	2.10e-84	320
sampleA_part2	MW653084	496093	79.025	472	95	4	7	476	5989	6458	2.10e-84	320
sampleA_part2	MW653083	496093	79.025	472	95	4	7	476	5989	6458	2.10e-84	320
sampleA_part2	MW653082	496093	79.025	472	95	4	7	476	5989	6458	2.10e-84	320
sampleA_part2	MW653081	496093	79.025	472	95	4	7	476	5989	6458	2.10e-84	320
sampleA_part2	MW653080	496093	79.025	472	95	4	7	476	5989	6458	2.10e-84	320
sampleA_part2	MW653079	496093	79.025	472	95	4	7	476	5989	6458	2.10e-84	320
sampleA_part2	MW653078	496093	79.025	472	95	4	7	476	5989	6458	2.10e-84	320
sampleA_part2	MW653077	496093	79.025	472	95	4	7	476	5989	6458	2.10e-84	320
sampleA_part2	MW653076	496093	79.025	472	95	4	7	476	5989	6458	2.10e-84	320
sampleA_part2	MW653075	496093	79.025	472	95	4	7	476	5989	6458	2.10e-84	320
sampleA_part2	MW653074	496093	79.025	472	95	4	7	476	5989	6458	2.10e-84	320
sampleA_part2	MW653073	496093	79.025	472	95	4	7	476	5989	6458	2.10e-84	320
sampleA_part2	MW653072	496093	79.025	472	95	4	7	476	5989	6458	2.10e-84	320
sampleA_part2	MW653071	496093	79.025	472	95	4	7	476	5989	6458	2.10e-84	320
sampleA_part2	MW653070	496093	79.025	472	95	4	7	476	5989	6458	2.10e-84	320
sampleA_part2	MW653069	496093	79.025	472	95	4	7	476	5989	6458	2.10e-84	320
sampleA_part2	MW653068	496093	79.025	472	95	4	7	476	5989	6458	2.10e-84	320
sampleA_part2	MW653067	496093	79.025	472	95	4	7	476	5989	6458	2.10e-84	320
sampleA_part2	MW653066	496093	79.025	472	95	4	7	476	5989	6458	2.10e-84	320
sampleA_part2	MW653065	496093	79.025	472	95	4	7	476	5989	6458	2.10e-84	320
sampleA_part2	MW653064	496093	79.025	472	95	4	7	476	5989	6458	2.10e-84	320
sampleA_part2	MW653063	496093	79.025	472	95	4	7	476	5989	6458	2.10e-84	320
sampleA_part2	MW653062	496093	79.025	472	95	4	7	476	5989	6458	2.10e-84	320
sampleA_part2	MW653061	496093	79.025	472	95	4	7	476	5989	6458	2.10e-84	320
sampleA_part2	MW653060	496093	79.025	472	95	4	7	476	5989	6458	2.10e-84	320
sampleA_part2	MW653059	496093	79.025	472	95	4	7	476	5989	6458	2.10e-84	320
sampleA_part2	MW653058	496093	79.025	472	95	4	7	476	5989	6458	2.10e-84	320
sampleA_part2	MW653057	496093	79.025	472	95	4	7	476	5989	6458	2.10e-84	320
sampleA_part2	MW653056	496093	79.025	472	95	4	7	476	5989	6458	2.10e-84	320
sampleA_part2	MW653055	496093	79.025	472	95	4	7	476	5989	6458	2.10e-84	320
sampleA_part2	MW653054	496093	79.025	472	95	4	7	476	5989	6458	2.10e-84	320
sampleA_part2	MW653053	496093	79.025	472	95	4	7	476	5989	6458	2.10e-84	320
sampleA_part2	MW653052	496093	79.025	472	95	4	7	476	5989	6458	2.10e-84	320
sampleA_part2	MW653051	496093	79.025	472	95	4	7	476	5989	6458	2.10e-84	320
sampleA_part2	MW653050	496093	79.025	472	95	4	7	476	5989	6458	2.10e-84	320
sampleA_part2	MW653049	496093	79.025	472	95	4	7	476	5989	6458	2.10e-84	320
sampleA_part2	MW653048	496093	79.025	472	95	4	7	476	5989	6458	2.10e-84	320
sampleA_part2	MW653047	496093	79.025	472	95	4	7	476	5989	6458	2.10e-84	320
sampleA_part2	MW653046	496093	79.025	472	95	4	7	476	5989	6458	2.10e-84	320
sampleA_part2	MW653045	496093	79.025	472	95	4	7	476	5989	6458	2.10e-84	320
sampleA_part2	MW653044	496093	79.025	472	95	4	7	476	5989	6458	2.10e-84	320
sampleA_part2	MW653043	496093	79.025	472	95	4	7	476	5989	6458	2.10e-84	320
sampleA_part2	MW653042	496093	79.025	472	95	4	7	476	5989	6458	2.10e-84	320
sampleA_part2	MW653041	496093	79.025	472	95	4	7	476	5989	6458	2.10e-84	320
sampleA_part2	MW653040	496093	79.025	472	95	4	7	476	5989	6458	2.10e-84	320
sampleA_part2	MW653039	496093	79.025	472	95	4	7	476	5989	6458	2.10e-84	320
sampleA_part2	MW653038	496093	79.025	472	95	4	7	476	5989	6458	2.10e-84	320
sampleA_part2	MW653037	496093	79.025	472	95	4	7	476	5989	6458	2.10e-84	320
sampleA_part2	MW653036	496093	79.025	472	95	4	7	476	5989	6458	2.10e-84	320
sampleA_part2	MW653035	496093	79.025	472	95	4	7	476	5989	6458	2.10e-84	320
sampleA_part2	MW653034	496093	79.025	472	95	4	7	476	5989	6458	2.10e-84	320
sampleA_part2	MW653033	496093	79.025	472	95	4	7	476	5989	6458	2.10e-84	320
sampleA_part2	MW653032	496093	79.025	472	95	4	7	476	5989	6458	2.10e-84	320
sampleA_part2	MW653031	496093	79.025	472	95	4	7	476	5989	6458	2.10e-84	320
sampleA_part2	MW653030	496093	79.025	472	95	4	7	476	5989	6458	2.10e-84	320
sampleA_part2	MW653029	496093	79.025	472	95	4	7	476	5989	6458	2.10e-84	320
sampleA_part2	MW653028	496093	79.025	472	95	4	7	476	5989	6458	2.10e-84	320
sampleA_part2	MW653027	496093	79.025	472	95	4	7	476	5989	6458	2.10e-84	320
sampleA_part2	MW653026	496093	79.025	472	95	4	7	476	5989	6458	2.10e-84	320
sampleA_part2	MW653025	496093	79.025	472	95	4	7	476	5989	6458	2.10e-84	320
sampleA_part2	MW653024	496093	79.025	472	95	4	7	476	5989	6458	2.10e-84	320
sampleA_part2	MW653023	496093	79.025	472	95	4	7	476	5989	6458	2.10e-84	320
sampleA_part2	MW653022	496093	79.025	472	95	4	7	476	5989	6458	2.10e-84	320
sampleA_part2	MW653021	496093	79.025	472	95	4	7	476	5989	6458	2.10e-84	320
sampleA_part2	MW653020	496093	79.025	472	95	4	7	476	5989	6458	2.10e-84	320
sampleA_part2	MW653019	496093	79.025	472	95	4	7	476	5989	6458	2.10e-84	320
sampleA_part2	MW653018	496093	79.025	472	95	4	7	476	5989	6458	2.10e-84	320
sampleA_part2	MW653017	496093	79.025	472	95	4	7	476	5989	6458	2.10e-84	320
sampleA_part2	MW653016	496093	79.025	472	95	4	7	476	5989	6458	2.10e-84	320
sampleA_part2	MW653015	496093	79.025	472	95	4	7	476	5989	6458	2.10e-84	320
sampleA_part2	MW653014	496093	79.025	472	95	4	7	476	5989	6458	2.10e-84	320
sampleA_part2	MW653013	496093	79.025	472	95	4	7	476	5989	6458	2.10e-84	320
sampleA_part2	MW653012	496093	79.025	472	95	4	7	476	5989	6458	2.10e-84	320
sampleA_part2	MW653011	496093	79.025	472	95	4	7	476	5989	6458	2.10e-84	320
sampleA_part2	MW653010	496093	79.025	472	95	4	7	476	5989	6458	2.10e-84	320
sampleA_part2	MW653009	496093	79.025	472	95	4	7	476	5989	6458	2.10e-84	320
sampleA_part2	MW653008	496093	79.025	472	95	4	7	476	5989	6458	2.10e-84	320
sampleA_part2	MW653007	496093	79.025	472	95	4	7	476	5989	6458	2.10e-84	320
sampleA_part2	MW653006	496093	79.025	472	95	4	7	476	5989	6458	2.10e-84	320
sampleA_part2	MW653005	496093	79.025	472	95	4	7	476	5989	6458	2.10e-84	320
sampleA_part2	MW653004	496093	79.025	472	95	4	7	476	5989	6458	2.10e-84	320
sampleA_part2	MW653003	496093	79.025	472	95	4	7	476	5989	6458	2.10e-84	320
sampleA_part2	MW653002	496093	79.025	472	95	4	7	476	5989	6458	2.10e-84	320
sampleA_part2	MW653001	496093	79.025	472	95	4	7	476	5989	6458	2.10e-84	320
sampleA_part2	MW653000	496093	79.025	472	95	4	7	476	5989	6458	2.10e-84	320
sampleA_part2	MW652999	496093	79.025	472	95	4	7	476	5989	6458	2.10e-84	320
sampleA_part2	MW652998	496093	79.025	472	95	4	7	476	5989	6458	2.10e-84	320
sampleA_part2	MW652997	496093	79.025	472	95	4	7	476	5989	6458	2.10e-84	320
sampleA_part2	MW652996	496093	79.025	472	95	4	7	476	5989	6458	2.10e-84	320
sampleA_part2	MW652995	496093	79.025	472	95	4	7	476	5989	6458	2.10e-84	320
sampleA_part2	MW652994	496093	79.025	472	95	4	7	476	5989	6458	2.10e-84	320
sampleA_part2	MW652993	496093	79.025	472	95	4	7	476	5989	6458	2.10e-84	320
sampleA_part2	MW652992	496093	79.025	472	95	4	7	476	5989	6458	2.10e-84	320
sampleA_part2	MW652991	496093	79.025	472	95	4	7	476	5989	6458	2.10e-84	320
sampleA_part2	MW652990	496093	79.025	472	95	4	7	476	5989	6458	2.10e-84	320
sampleA_part2	MW652989	496093	79.025	472	95	4	7	476	5989	6458	2.10e-84	320
sampleA_part2	MW652988	496093	79.025	472	95	4	7	476	5989	6458	2.10e-84	320
sampleA_part2	MW652987	496093	79.025	472	95	4	7	476	5989	6458	2.10e-84	320
sampleA_part2	MW652986	496093	79.025	472	95	4	7	476	5989	6458	2.10e-84	320
sampleA_part2	MW652985	496093	79.025	472	95	4	7	476	5989	6458	2.10e-84	320
sampleA_part2	MW652984	496093	79.025	472	95	4	7	476	5989	6458	2.10e-84	320
sampleA_part2	MW652983	496093	79.025	472	95	4	7	476	5989	6458	2.10e-84	320
sampleA_part2	MW652982	496093	79.025	472	95	4	7	476	5989	6458	2.10e-84	320
sampleA_part2	MW652981	496093	79.025	472	95	4	7	476	5989	6458	2.10e-84	320
sampleA_part2	MW652980	496093	79.025	472	95	4	7	476	5989	6458	2.10e-84	320
sampleA_part2	MW652979	496093	79.025	472	95	4	7	476	5989	6458	2.10e-84	320
sampleA_part2	MW652978	496093	79.025	472	95	4	7	476	5989	6458	2.10e-84	320
sampleA_part2	MW652977	496093	79.025	472	95	4	7	476	5989	6458	2.10e-84	320
sampleA_part2	MW652976	496093	79.025	472	95	4	7	476	5989	6458	2.10e-84	320
sampleA_part2	MW652975	496093	79.025	472	95	4	7	476	5989	6458	2.10e-84	320
sampleA_part2	MW652974	496093	79.025	472	95	4	7	476	5989	6458	2.10e-84	320
sampleA_part2	MW652973	496093	79.025	472	95	4	7	476	5989	6458	2.10e-84	320
sampleA_part2	MW652972	496093	79.025	472	95	4	7	476	5989	6458	2.10e-84	320
sampleA_part2	MW652971	496093	79.025	472	95	4	7	476	5989	6458	2.10e-84	320
sampleA_part2	MW652970	496093	79.025	472	95	4	7	476	5989	6458	2.10e-84	320
sampleA_part2	MW652969	496093	79.025	472	95	4	7	476	5989	6458	2.10e-84	320
sampleA_part2	MW652968	496093	79.025	472	95	4	7	476	5989	6458	2.10e-84	320
sampleA_part2	MW652967	496093	79.025	472	95	4	7	476	5989	6458	2.10e-84	320
sampleA_part2	MW652966	496093	79.025	472	95	4	7	476	5989	6458	2.10e-84	320
sampleA_part2	MW652965	496093	79.025	472	95	4	7	476	5989	6458	2.10e-84	320
sampleA_part2	MW652964	496093	79.025	472	95	4	7	476	5989	6458	2.10e-84	320
sampleA_part2	MW652963	496093	79.025	472	95	4	7	476	5989	6458	2.10e-84	320
sampleA_part2	MW652962	496093	79.025	472	95	4	7	476	5989	6458	2.10e-84	320
sampleA_part2	MW652961	496093	79.025	472	95	4	7	476	5990	6459	2.10e-84	320
sampleA_part2	MW652960	496093	79.025	472	95	4	7	476	5990	6459	2.10e-84	320
sampleA_part2	MW652959	496093	79.025	472	95	4	7	476	5990	6459	2.10e-84	320
sampleA_part2	MW652958	496093	79.025	472	95	4	7	476	5990	6459	2.10e-84	320
sampleA_part2	MW652957	496093	79.025	472	95	4	7	476	5989	6458	2.10e-84	320
sampleA_part2	MW652956	496093	79.025	472	95	4	7	476	5989	6458	2.10e-84	320
sampleA_part2	MW652955	496093	79.025	472	95	4	7	476	5989	6458	2.10e-84	320
sampleA_part2	MW652954	496093	79.025	472	95	4	7	476	5989	6458	2.10e-84	320
sampleA_part2	MW652953	496093	79.025	472	95	4	7	476	5989	6458	2.10e-84	320
sampleA_part2	MW652952	496093	79.025	472	95	4	7	476	5989	6458	2.10e-84	320
sampleA_part2	MW652951	496093	79.025	472	95	4	7	476	5989	6458	2.10e-84	320
sampleA_part2	MW652950	496093	79.025	472	95	4	7	476	5989	6458	2.10e-84	320
sampleA_part2	MW652949	496093	79.025	472	95	4	7	476	5989	6458	2.10e-84	320
sampleA_part2	MW652948	496093	79.025	472	95	4	7	476	5989	6458	2.10e-84	320
sampleA_part2	MW652947	496093	79.025	472	95	4	7	476	5989	6458	2.10e-84	320
sampleA_part2	MW652946	496093	79.025	472	95	4	7	476	5989	6458	2.10e-84	320
sampleA_part2	MW652945	496093	79.025	472	95	4	7	476	5989	6458	2.10e-84	320
sampleA_part2	MW652944	496093	79.025	472	95	4	7	476	5989	6458	2.10e-84	320
sampleA_part2	MW652943	496093	79.025	472	95	4	7	476	5989	6458	2.10e-84	320
sampleA_part2	MW652942	496093	79.025	472	95	4	7	476	5989	6458	2.10e-84	320
sampleA_part2	MW652941	496093	79.025	472	95	4	7	476	5989	6458	2.10e-84	320
sampleA_part2	MW652940	496093	79.025	472	95	4	7	476	5989	6458	2.10e-84	320
sampleA_part2	MW652939	496093	79.025	472	95	4	7	476	5989	6458	2.10e-84	320
sampleA_part2	MW652938	496093	79.025	472	95	4	7	476	5989	6458	2.10e-84	320
sampleA_part2	MW652937	496093	79.025	472	95	4	7	476	5989	6458	2.10e-84	320
sampleA_part2	MW652936	496093	79.025	472	95	4	7	476	5989	6458	2.10e-84	320
sampleA_part2	MW652935	496093	79.025	472	95	4	7	476	5989	6458	2.10e-84	320
sampleA_part2	MW652934	496093	79.025	472	95	4	7	476	5989	6458	2.10e-84	320
sampleA_part2	MW652933	496093	79.025	472	95	4	7	476	5989	6458	2.10e-84	320
sampleA_part2	MW652932	496093	79.025	472	95	4	7	476	5989	6458	2.10e-84	320
sampleA_part2	MW652931	496093	79.025	472	95	4	7	476	5989	6458	2.10e-84	320
sampleA_part2	MW652930	496093	79.025	472	95	4	7	476	5989	6458	2.10e-84	320
sampleA_part2	MW652929	496093	79.025	472	95	4	7	476	5989	6458	2.10e-84	320
sampleA_part2	MW652928	496093	79.025	472	95	4	7	476	5989	6458	2.10e-84	320
sampleA_part2	MW652927	496093	79.025	472	95	4	7	476	5989	6458	2.10e-84	320
sampleA_part2	MW652926	496093	79.025	472	95	4	7	476	5989	6458	2.10e-84	320
sampleA_part2	MW652925	496093	79.025	472	95	4	7	476	5989	6458	2.10e-84	320
sampleA_part2	MW652924	496093	79.025	472	95	4	7	476	5989	6458	2.10e-84	320
sampleA_part2	MW652923	496093	79.025	472	95	4	7	476	5989	6458	2.10e-84	320
sampleA_part2	MW652922	496093	79.025	472	95	4	7	476	5989	6458	2.10e-84	320
sampleA_part2	MW652921	496093	79.025	472	95	4	7	476	5989	6458	2.10e-84	320
sampleA_part2	MW652920	496093	79.025	472	95	4	7	476	5989	6458	2.10e-84	320
sampleA_part2	MW652919	496093	79.025	472	95	4	7	476	5989	6458	2.10e-84	320
sampleA_part2	MW652918	496093	79.025	472	95	4	7	476	5989	6458	2.10e-84	320
sampleA_part2	MW652917	496093	79.025	472	95	4	7	476	5989	6458	2.10e-84	320
sampleA_part2	MW652916	496093	79.025	472	95	4	7	476	5989	6458	2.10e-84	320
sampleA_part2	MW652915	496093	79.025	472	95	4	7	476	5989	6458	2.10e-84	320
sampleA_part2	MW652914	496093	79.025	472	95	4	7	476	5989	6458	2.10e-84	320
sampleA_part2	MW652913	496093	79.025	472	95	4	7	476	5989	6458	2.10e-84	320
sampleA_part2	MW652912	496093	79.025	472	95	4	7	476	5989	6458	2.10e-84	320
sampleA_part2	MW652911	496093	79.025	472	95	4	7	476	5989	6458	2.10e-84	320
sampleA_part2	MW652910	496093	79.025	472	95	4	7	476	5989	6458	2.10e-84	320
sampleA_part2	MW652909	496093	79.025	472	95	4	7	476	5989	6458	2.10e-84	320
sampleA_part2	MW652908	496093	79.025	472	95	4	7	476	5989	6458	2.10e-84	320
sampleA_part2	MW652907	496093	79.025	472	95	4	7	476	5989	6458	2.10e-84	320
sampleA_part2	MW652906	496093	79.025	472	95	4	7	476	5989	6458	2.10e-84	320
sampleA_part2	MW652905	496093	79.025	472	95	4	7	476	5989	6458	2.10e-84	320
sampleA_part2	MW652904	496093	79.025	472	95	4	7	476	5989	6458	2.10e-84	320
sampleA_part2	MW652903	496093	79.025	472	95	4	7	476	5989	6458	2.10e-84	320
sampleA_part2	MW652902	496093	79.025	472	95	4	7	476	5989	6458	2.10e-84	320
sampleA_part2	MW652901	496093	79.025	472	95	4	7	476	5989	6458	2.10e-84	320
sampleA_part2	MW652900	496093	79.025	472	95	4	7	476	5989	6458	2.10e-84	320
sampleA_part2	MW652899	496093	79.025	472	95	4	7	476	5989	6458	2.10e-84	320
sampleA_part2	MW652898	496093	79.025	472	95	4	7	476	5989	6458	2.10e-84	320
sampleA_part2	MW652897	496093	79.025	472	95	4	7	476	5989	6458	2.10e-84	320
sampleA_part2	MW652896	496093	79.025	472	95	4	7	476	5989	6458	2.10e-84	320
sampleA_part2	MW652895	496093	79.025	472	95	4	7	476	5989	6458	2.10e-84	320
sampleA_part2	MW652894	496093	79.025	472	95	4	7	476	5989	6458	2.10e-84	320
sampleA_part2	MW652893	496093	79.025	472	95	4	7	476	5989	6458	2.10e-84	320
sampleA_part2	MW652892	496093	79.025	472	95	4	7	476	5989	6458	2.10e-84	320
sampleA_part2	MW652891	496093	79.025	472	95	4	7	476	5989	6458	2.10e-84	320
sampleA_part2	MW652890	496093	79.025	472	95	4	7	476	5989	6458	2.10e-84	320
sampleA_part2	MW652889	496093	79.025	472	95	4	7	476	5989	6458	2.10e-84	320
sampleA_part2	MW652888	496093	79.025	472	95	4	7	476	5989	6458	2.10e-84	320
sampleA_part2	MW652887	496093	79.025	472	95	4	7	476	5989	6458	2.10e-84	320
sampleA_part2	MW652886	496093	79.025	472	95	4	7	476	5989	6458	2.10e-84	320
sampleA_part2	MW652885	496093	79.025	472	95	4	7	476	5989	6458	2.10e-84	320
sampleA_part2	MW652884	496093	79.025	472	95	4	7	476	5989	6458	2.10e-84	320
sampleA_part2	MW652883	496093	79.025	472	95	4	7	476	5989	6458	2.10e-84	320
sampleA_part2	MW652882	496093	79.025	472	95	4	7	476	5989	6458	2.10e-84	320
sampleA_part2	MW652881	496093	79.025	472	95	4	7	476	5989	6458	2.10e-84	320
sampleA_part2	MW652880	496093	79.025	472	95	4	7	476	5989	6458	2.10e-84	320
sampleA_part2	MW652879	496093	79.025	472	95	4	7	476	5989	6458	2.10e-84	320
sampleA_part2	MW652878	496093	79.025	472	95	4	7	476	5989	6458	2.10e-84	320
sampleA_part2	MW652877	496093	79.025	472	95	4	7	476	5989	6458	2.10e-84	320
sampleA_part2	MW652876	496093	79.025	472	95	4	7	476	5989	6458	2.10e-84	320
sampleA_part2	MW652875	496093	79.025	472	95	4	7	476	5989	6458	2.10e-84	320
sampleA_part2	MW652874	496093	79.025	472	95	4	7	476	5989	6458	2.10e-84	320
sampleA_part2	MW652873	496093	79.025	472	95	4	7	476	5989	6458	2.10e-84	320
sampleA_part2	MW652872	496093	79.025	472	95	4	7	476	5989	6458	2.10e-84	320
sampleA_part2	MW652871	496093	79.025	472	95	4	7	476	5989	6458	2.10e-84	320
sampleA_part2	KT698059	496093	79.025	472	95	4	7	476	5989	6458	2.10e-84	320
sampleA_part2	KT698053	496093	79.025	472	95	4	7	476	5989	6458	2.10e-84	320
sampleA_part2	KT698044	496093	79.025	472	95	4	7	476	5989	6458	2.10e-84	320
