sampleB_part1	KR019777	651721	76.744	516	118	2	7	521	5525	6039	4.51e-86	326
sampleB_part1	MZ489598	651721	76.108	519	122	2	7	524	5526	6043	4.54e-81	309
sampleB_part1	KU497938	651721	76.687	489	112	2	37	524	1	488	4.54e-81	309
sampleB_part1	KU497937	651721	76.687	489	112	2	37	524	1	488	4.54e-81	309
sampleB_part1	KU497936	651721	76.687	489	112	2	37	524	1	488	4.54e-81	309
sampleB_part1	KU497933	651721	76.687	489	112	2	37	524	1	488	4.54e-81	309
sampleB_part1	KU497932	651721	76.687	489	112	2	37	524	1	488	4.54e-81	309
sampleB_part1	KJ202183	651721	76.506	498	115	2	25	521	1	497	4.54e-81	309
sampleB_part1	JN184065	651721	76.108	519	122	2	7	524	2234	2751	4.54e-81	309
sampleB_part1	KU497935	651721	76.483	489	113	2	37	524	1	488	2.11e-79	303
sampleB_part1	NC_068141	2060314	75.922	515	124	0	7	521	5521	6035	2.11e-79	303
sampleB_part1	MT308606	651721	76.305	498	116	2	25	521	1	497	2.11e-79	303
sampleB_part1	MF374733	7852	75.922	515	124	0	7	521	5465	5979	7.59e-79	302
sampleB_part1	OP057080	7852	75.922	515	124	0	7	521	5465	5979	7.59e-79	302
sampleB_part1	MF125278	7852	75.922	515	124	0	7	521	5465	5979	7.59e-79	302
sampleB_part1	NC_049866	7852	75.922	515	124	0	7	521	5465	5979	7.59e-79	302
sampleB_part1	KU497939	651721	76.278	489	114	2	37	524	1	488	9.82e-78	298
sampleB_part1	KU497934	651721	76.278	489	114	2	37	524	1	488	9.82e-78	298
sampleB_part1	KU497931	651721	76.337	486	113	2	37	521	1	485	9.82e-78	298
sampleB_part1	KU497930	651721	76.386	487	112	3	36	521	1	485	9.82e-78	298
sampleB_part1	KU497928	651721	76.386	487	112	3	36	521	1	485	9.82e-78	298
sampleB_part1	KU497927	651721	76.337	486	113	2	37	521	1	485	9.82e-78	298
sampleB_part1	KU497926	651721	76.337	486	113	2	37	521	1	485	9.82e-78	298
sampleB_part1	KU497925	651721	76.337	486	113	2	37	521	1	485	9.82e-78	298
sampleB_part1	MT308607	651721	76.104	498	117	2	25	521	1	497	9.82e-78	298
sampleB_part1	PQ151400	3025900	76.190	483	113	2	40	521	3	484	4.57e-76	292
sampleB_part1	PQ151397	3025900	76.190	483	113	2	40	521	3	484	4.57e-76	292
sampleB_part1	NC_031818	1443580	75.624	521	123	3	7	525	5473	5991	4.57e-76	292
sampleB_part1	KU498028	651721	76.132	486	114	2	37	521	1	485	4.57e-76	292
sampleB_part1	KU498027	651721	76.132	486	114	2	37	521	1	485	4.57e-76	292
sampleB_part1	KU498026	651721	76.132	486	114	2	37	521	1	485	4.57e-76	292
sampleB_part1	KU498025	651721	76.132	486	114	2	37	521	1	485	4.57e-76	292
sampleB_part1	KU498024	651721	76.132	486	114	2	37	521	1	485	4.57e-76	292
sampleB_part1	KU498023	651721	76.132	486	114	2	37	521	1	485	4.57e-76	292
sampleB_part1	KU498020	651721	76.132	486	114	2	37	521	1	485	4.57e-76	292
sampleB_part1	KU498019	651721	76.132	486	114	2	37	521	1	485	4.57e-76	292
sampleB_part1	KU498010	651721	76.074	489	115	2	37	524	1	488	4.57e-76	292
sampleB_part1	KU498008	651721	76.074	489	115	2	37	524	1	488	4.57e-76	292
sampleB_part1	KU498006	651721	76.074	489	115	2	37	524	1	488	4.57e-76	292
sampleB_part1	KU498003	651721	76.074	489	115	2	37	524	1	488	4.57e-76	292
sampleB_part1	KU497997	651721	76.074	489	115	2	37	524	1	488	4.57e-76	292
sampleB_part1	KU497995	651721	76.074	489	115	2	37	524	1	488	4.57e-76	292
sampleB_part1	KU497986	651721	76.074	489	115	2	37	524	1	488	4.57e-76	292
sampleB_part1	KU497977	651721	76.074	489	115	2	37	524	1	488	4.57e-76	292
sampleB_part1	KU497976	651721	76.074	489	115	2	37	524	1	488	4.57e-76	292
sampleB_part1	KU497975	651721	76.074	489	115	2	37	524	1	488	4.57e-76	292
sampleB_part1	KU497974	651721	76.074	489	115	2	37	524	1	488	4.57e-76	292
sampleB_part1	KU497972	651721	76.074	489	115	2	37	524	1	488	4.57e-76	292
sampleB_part1	KU497971	651721	76.074	489	115	2	37	524	1	488	4.57e-76	292
sampleB_part1	KU497970	651721	76.074	489	115	2	37	524	1	488	4.57e-76	292
sampleB_part1	KU497969	651721	76.074	489	115	2	37	524	1	488	4.57e-76	292
sampleB_part1	KU497967	651721	76.074	489	115	2	37	524	1	488	4.57e-76	292
sampleB_part1	KU497963	651721	76.074	489	115	2	37	524	1	488	4.57e-76	292
sampleB_part1	KU497962	651721	76.074	489	115	2	37	524	1	488	4.57e-76	292
sampleB_part1	KU497961	651721	76.074	489	115	2	37	524	1	488	4.57e-76	292
sampleB_part1	KU497945	651721	76.132	486	114	2	37	521	1	485	4.57e-76	292
sampleB_part1	KU497944	651721	76.132	486	114	2	37	521	1	485	4.57e-76	292
sampleB_part1	KU497943	651721	76.132	486	114	2	37	521	1	485	4.57e-76	292
sampleB_part1	KU497942	651721	76.132	486	114	2	37	521	1	485	4.57e-76	292
sampleB_part1	KU497941	651721	76.132	486	114	2	37	521	1	485	4.57e-76	292
sampleB_part1	KU497940	651721	76.132	486	114	2	37	521	1	485	4.57e-76	292
sampleB_part1	KU497929	651721	76.132	486	114	2	37	521	1	485	4.57e-76	292
sampleB_part1	OQ628395	2060314	75.960	495	117	2	28	521	3	496	4.57e-76	292
sampleB_part1	OQ628387	2060314	76.016	492	116	2	31	521	1	491	4.57e-76	292
sampleB_part1	OQ628379	2060314	76.016	492	116	2	31	521	1	491	4.57e-76	292
sampleB_part1	MT308594	651721	75.855	497	120	0	25	521	1	497	4.57e-76	292
sampleB_part1	LC649805	134996	75.624	521	123	3	7	525	5474	5992	4.57e-76	292
sampleB_part1	OQ628383	2060314	75.967	491	116	2	32	521	1	490	1.64e-75	291
sampleB_part1	OQ387043	651721	76.271	472	110	2	51	521	1	471	5.91e-75	289
sampleB_part1	PQ151399	3025900	75.983	483	114	2	40	521	3	484	2.13e-74	287
sampleB_part1	PQ151395	3025900	75.983	483	114	2	40	521	3	484	2.13e-74	287
sampleB_part1	KU498038	651721	75.926	486	115	2	37	521	1	485	2.13e-74	287
sampleB_part1	KU498037	651721	75.926	486	115	2	37	521	1	485	2.13e-74	287
sampleB_part1	KU498036	651721	75.926	486	115	2	37	521	1	485	2.13e-74	287
sampleB_part1	KU498031	651721	75.926	486	115	2	37	521	1	485	2.13e-74	287
sampleB_part1	KU498029	651721	75.926	486	115	2	37	521	1	485	2.13e-74	287
sampleB_part1	KU498022	651721	75.926	486	115	2	37	521	1	485	2.13e-74	287
sampleB_part1	KU498021	651721	75.926	486	115	2	37	521	1	485	2.13e-74	287
sampleB_part1	KU498018	651721	75.926	486	115	2	37	521	1	485	2.13e-74	287
sampleB_part1	KU498017	651721	75.869	489	116	2	37	524	1	488	2.13e-74	287
sampleB_part1	KU498016	651721	75.869	489	116	2	37	524	1	488	2.13e-74	287
sampleB_part1	KU498015	651721	75.869	489	116	2	37	524	1	488	2.13e-74	287
sampleB_part1	KU498014	651721	75.869	489	116	2	37	524	1	488	2.13e-74	287
sampleB_part1	KU498013	651721	75.869	489	116	2	37	524	1	488	2.13e-74	287
sampleB_part1	KU497990	651721	75.869	489	116	2	37	524	1	488	2.13e-74	287
sampleB_part1	KU497989	651721	75.869	489	116	2	37	524	1	488	2.13e-74	287
sampleB_part1	KU497988	651721	75.869	489	116	2	37	524	1	488	2.13e-74	287
sampleB_part1	KU497981	651721	75.926	486	115	2	37	521	1	485	2.13e-74	287
sampleB_part1	KU497980	651721	75.926	486	115	2	37	521	1	485	2.13e-74	287
sampleB_part1	KU497979	651721	75.926	486	115	2	37	521	1	485	2.13e-74	287
sampleB_part1	KU497978	651721	75.926	486	115	2	37	521	1	485	2.13e-74	287
sampleB_part1	KU497951	651721	75.926	486	115	2	37	521	1	485	2.13e-74	287
sampleB_part1	KU497950	651721	75.926	486	115	2	37	521	1	485	2.13e-74	287
sampleB_part1	KU497949	651721	75.926	486	115	2	37	521	1	485	2.13e-74	287
sampleB_part1	KU497948	651721	75.926	486	115	2	37	521	1	485	2.13e-74	287
sampleB_part1	KU497947	651721	75.926	486	115	2	37	521	1	485	2.13e-74	287
sampleB_part1	KU497946	651721	75.926	486	115	2	37	521	1	485	2.13e-74	287
sampleB_part1	MN783017	1281648	75.435	517	124	3	7	522	5505	6019	7.65e-74	285
sampleB_part1	PQ074154	651721	75.934	482	114	2	44	524	1	481	7.65e-74	285
sampleB_part1	PQ047653	651721	75.934	482	114	2	44	524	1	481	7.65e-74	285
sampleB_part1	KT794001	651721	76.000	475	112	2	48	521	1	474	2.75e-73	283
sampleB_part1	KR003770	651721	76.000	475	112	2	48	521	1	474	2.75e-73	283
sampleB_part1	EU398693	36176	76.471	459	106	2	64	521	14	471	2.75e-73	283
sampleB_part1	PQ151402	3025900	75.776	483	115	2	40	521	3	484	9.89e-73	281
sampleB_part1	PQ151401	3025900	75.776	483	115	2	40	521	3	484	9.89e-73	281
sampleB_part1	PQ151398	3025900	75.776	483	115	2	40	521	3	484	9.89e-73	281
sampleB_part1	PQ151396	3025900	75.776	483	115	2	40	521	3	484	9.89e-73	281
sampleB_part1	PQ151394	3025900	75.776	483	115	2	40	521	3	484	9.89e-73	281
sampleB_part1	KU498035	651721	75.720	486	116	2	37	521	1	485	9.89e-73	281
sampleB_part1	KU498030	651721	75.720	486	116	2	37	521	1	485	9.89e-73	281
sampleB_part1	KU497982	651721	75.720	486	116	2	37	521	1	485	9.89e-73	281
sampleB_part1	MT776895	2060314	75.776	483	115	2	40	521	1	482	9.89e-73	281
sampleB_part1	MK548361	2060314	75.840	476	113	2	47	521	1	475	3.56e-72	279
sampleB_part1	MK548360	2060314	75.840	476	113	2	47	521	1	475	3.56e-72	279
sampleB_part1	MK548359	2060314	75.840	476	113	2	47	521	1	475	3.56e-72	279
sampleB_part1	MK548358	2060314	75.840	476	113	2	47	521	1	475	3.56e-72	279
sampleB_part1	MK548357	2060314	75.840	476	113	2	47	521	1	475	3.56e-72	279
sampleB_part1	OR614465	2797475	76.253	459	107	2	64	521	1	458	3.56e-72	279
sampleB_part1	MG017604	2060314	76.253	459	107	2	64	521	1	458	3.56e-72	279
sampleB_part1	OP057034	57985	75.194	516	126	2	7	521	5457	5971	3.56e-72	279
sampleB_part1	MT317247	1281648	75.551	499	119	3	25	522	1	497	3.56e-72	279
sampleB_part1	LC647029	57985	75.194	516	126	2	7	521	5453	5967	3.56e-72	279
sampleB_part1	NC_021442	57985	75.194	516	126	2	7	521	5453	5967	3.56e-72	279
sampleB_part1	MK005130	42864	75.556	495	117	3	33	525	602	110	1.28e-71	278
sampleB_part1	MK005128	42864	75.556	495	117	3	33	525	602	110	1.28e-71	278
sampleB_part1	KC250639	651721	75.847	472	112	2	51	521	1	471	1.28e-71	278
sampleB_part1	KC250630	651721	75.847	472	112	2	51	521	1	471	1.28e-71	278
sampleB_part1	HM902481	2212482	75.847	472	112	2	51	521	1	471	1.28e-71	278
sampleB_part1	GU673429	651721	75.847	472	112	2	51	521	1	471	1.28e-71	278
sampleB_part1	FJ518988	7852	76.201	458	109	0	64	521	14	471	1.28e-71	278
sampleB_part1	EU398742	651721	75.847	472	112	2	51	521	1	471	1.28e-71	278
sampleB_part1	EU398736	651721	75.899	473	111	3	50	521	1	471	1.28e-71	278
sampleB_part1	PV651710	2316476	75.048	521	126	3	7	525	5473	5991	4.60e-71	276
sampleB_part1	MG792168	134996	75.560	491	116	3	37	525	3	491	4.60e-71	276
sampleB_part1	MG792167	134996	75.560	491	116	3	37	525	3	491	4.60e-71	276
sampleB_part1	MG792166	134996	75.560	491	116	3	37	525	3	491	4.60e-71	276
sampleB_part1	KU497960	651721	75.514	486	117	2	37	521	1	485	4.60e-71	276
sampleB_part1	KU497959	651721	75.514	486	117	2	37	521	1	485	4.60e-71	276
sampleB_part1	KU497958	651721	75.514	486	117	2	37	521	1	485	4.60e-71	276
sampleB_part1	KU497957	651721	75.514	486	117	2	37	521	1	485	4.60e-71	276
sampleB_part1	KU497956	651721	75.514	486	117	2	37	521	1	485	4.60e-71	276
sampleB_part1	KU497955	651721	75.514	486	117	2	37	521	1	485	4.60e-71	276
sampleB_part1	KU497954	651721	75.514	486	117	2	37	521	1	485	4.60e-71	276
sampleB_part1	KU497953	651721	75.514	486	117	2	37	521	1	485	4.60e-71	276
sampleB_part1	KU497952	651721	75.514	486	117	2	37	521	1	485	4.60e-71	276
sampleB_part1	OP860903	2060314	75.796	471	112	2	52	521	1	470	4.60e-71	276
sampleB_part1	KC249903	651721	75.796	471	112	2	52	521	1	470	4.60e-71	276
sampleB_part1	PP838262	2060314	75.569	483	116	2	40	521	2	483	1.66e-70	274
sampleB_part1	MG017603	2060314	76.035	459	108	2	64	521	1	458	1.66e-70	274
sampleB_part1	MG017602	2060314	76.035	459	108	2	64	521	1	458	1.66e-70	274
sampleB_part1	OQ459821	7852	75.687	473	115	0	49	521	1	473	1.66e-70	274
sampleB_part1	KC250629	651721	76.035	459	108	2	64	521	1	458	1.66e-70	274
sampleB_part1	EF609342	651721	75.636	472	113	2	51	521	1	471	1.66e-70	274
sampleB_part1	PP967956	3025900	75.636	472	113	2	51	521	1	471	5.95e-70	272
sampleB_part1	MK005140	335032	75.354	495	118	3	33	525	602	110	5.95e-70	272
sampleB_part1	MK005131	2316477	75.354	495	118	3	33	525	602	110	5.95e-70	272
sampleB_part1	MK005127	42864	75.354	495	118	3	33	525	602	110	5.95e-70	272
sampleB_part1	KT307159	7852	75.983	458	110	0	64	521	14	471	5.95e-70	272
sampleB_part1	KT307158	7852	75.983	458	110	0	64	521	14	471	5.95e-70	272
sampleB_part1	KX060791	495869	75.636	472	113	2	51	521	1	471	5.95e-70	272
sampleB_part1	KC250626	651721	75.636	472	113	2	51	521	1	471	5.95e-70	272
sampleB_part1	JN312837	2797474	75.636	472	113	2	51	521	1	471	5.95e-70	272
sampleB_part1	GU673709	2797475	75.579	475	114	2	51	524	1	474	5.95e-70	272
sampleB_part1	GU673441	651721	75.636	472	113	2	51	521	1	471	5.95e-70	272
sampleB_part1	GU673426	651721	75.636	472	113	2	51	521	1	471	5.95e-70	272
sampleB_part1	FJ518987	7852	75.983	458	110	0	64	521	14	471	5.95e-70	272
sampleB_part1	EU398739	651721	75.579	475	114	2	51	524	1	474	5.95e-70	272
sampleB_part1	EU398522	7852	75.983	458	110	0	64	521	14	471	5.95e-70	272
sampleB_part1	DQ108184	651721;2797474	75.636	472	113	2	51	521	1	471	5.95e-70	272
sampleB_part1	MG792170	134996	75.356	491	117	3	37	525	3	491	2.14e-69	270
sampleB_part1	KU497973	651721	75.309	486	118	2	37	521	1	485	2.14e-69	270
sampleB_part1	KU497968	651721	75.309	486	118	2	37	521	1	485	2.14e-69	270
sampleB_part1	MG017601	2060314	75.817	459	109	2	64	521	1	458	7.70e-69	268
sampleB_part1	OP579194	1281648	75.202	496	120	3	28	522	3	496	7.70e-69	268
sampleB_part1	KF899613	651721	75.817	459	109	2	64	521	9	466	7.70e-69	268
sampleB_part1	KF899609	651721	75.817	459	109	2	64	521	9	466	7.70e-69	268
sampleB_part1	JN313295	335033	75.862	464	108	3	64	525	14	475	7.70e-69	268
sampleB_part1	EF539330	436292	75.862	464	108	3	64	525	14	475	7.70e-69	268
sampleB_part1	PP967953	3025900	75.424	472	114	2	51	521	1	471	2.77e-68	267
sampleB_part1	MH235682	2212482	75.424	472	114	2	51	521	1	471	2.77e-68	267
sampleB_part1	KM073025	651721	75.368	475	115	2	51	524	1	474	2.77e-68	267
sampleB_part1	KM073024	651721	75.368	475	115	2	51	524	1	474	2.77e-68	267
sampleB_part1	GU673427	651721	75.424	472	114	2	51	521	1	471	2.77e-68	267
sampleB_part1	MG792164	2316476	75.153	491	118	3	37	525	3	491	9.96e-68	265
sampleB_part1	OR707053	134996	75.205	488	117	3	40	525	2	487	9.96e-68	265
sampleB_part1	OR707052	134996	75.205	488	117	3	40	525	3	488	9.96e-68	265
sampleB_part1	OR707045	134996	75.205	488	117	3	40	525	3	488	9.96e-68	265
sampleB_part1	KU216044	42864	75.365	479	114	3	49	525	1	477	9.96e-68	265
sampleB_part1	OQ385114	3025900	75.372	471	114	2	52	521	1	470	9.96e-68	265
sampleB_part1	OQ385113	3025900	75.372	471	114	2	52	521	1	470	9.96e-68	265
sampleB_part1	ON827484	134996	75.258	485	116	3	43	525	3	485	9.96e-68	265
sampleB_part1	ON827483	134996	75.258	485	116	3	43	525	3	485	9.96e-68	265
sampleB_part1	ON827482	134996	75.258	485	116	3	43	525	3	485	9.96e-68	265
sampleB_part1	ON827481	134996	75.258	485	116	3	43	525	3	485	9.96e-68	265
sampleB_part1	ON827480	134996	75.258	485	116	3	43	525	3	485	9.96e-68	265
sampleB_part1	ON827479	134996	75.258	485	116	3	43	525	3	485	9.96e-68	265
sampleB_part1	ON827478	134996	75.258	485	116	3	43	525	3	485	9.96e-68	265
sampleB_part1	HM467799	651721	75.372	471	114	2	52	521	1	470	9.96e-68	265
sampleB_part1	MH841995	2060314	75.778	450	107	2	73	521	1	449	3.58e-67	263
sampleB_part1	MG017600	2060314	75.599	459	110	2	64	521	1	458	3.58e-67	263
sampleB_part1	KU216043	42864	75.647	464	109	3	64	525	14	475	3.58e-67	263
sampleB_part1	KU216042	42864	75.647	464	109	3	64	525	11	472	3.58e-67	263
sampleB_part1	KU216041	42864	75.647	464	109	3	64	525	11	472	3.58e-67	263
sampleB_part1	JN313183	335032	75.647	464	109	3	64	525	14	475	3.58e-67	263
sampleB_part1	HQ956292	335033	75.647	464	109	3	64	525	3	464	3.58e-67	263
sampleB_part1	EF539331	436292	75.647	464	109	3	64	525	14	475	3.58e-67	263
sampleB_part1	DQ108255	335033;2579102	75.647	464	109	3	64	525	14	475	3.58e-67	263
sampleB_part1	MK422131	2603163;2603164	75.604	455	109	2	68	521	1	454	1.29e-66	261
sampleB_part1	PP967955	3025900	75.212	472	115	2	51	521	1	471	1.29e-66	261
sampleB_part1	PP967952	3025900	75.212	472	115	2	51	521	1	471	1.29e-66	261
sampleB_part1	KU521523	651721	75.212	472	115	2	51	521	1	471	1.29e-66	261
sampleB_part1	KF899557	7852	75.546	458	112	0	64	521	14	471	1.29e-66	261
sampleB_part1	KC295416	651721	75.212	472	115	2	51	521	1	471	1.29e-66	261
sampleB_part1	MZ051733	2803083	75.546	458	112	0	67	524	1	458	1.29e-66	261
sampleB_part1	MZ051604	2803083	75.546	458	112	0	67	524	1	458	1.29e-66	261
sampleB_part1	GU673430	651721	75.158	475	116	2	51	524	1	474	1.29e-66	261
sampleB_part1	GU673423	651721	75.212	472	115	2	51	521	1	471	1.29e-66	261
sampleB_part1	MG792165	2316476	74.949	491	119	3	37	525	3	491	4.63e-66	259
sampleB_part1	OR524529	651721	75.000	480	118	2	43	521	1	479	4.63e-66	259
sampleB_part1	OR707047	134996	75.000	488	118	3	40	525	2	487	4.63e-66	259
sampleB_part1	OQ385116	2797475	75.105	474	116	2	52	524	1	473	4.63e-66	259
sampleB_part1	OQ385115	3025900	75.159	471	115	2	52	521	1	470	4.63e-66	259
sampleB_part1	ON827486	134996	75.052	485	117	3	43	525	3	485	4.63e-66	259
sampleB_part1	KC249906	651721	75.159	471	115	2	52	521	1	470	4.63e-66	259
sampleB_part1	KC249904	651721	75.105	474	116	2	52	524	1	473	4.63e-66	259
sampleB_part1	ON827485	134996	75.052	485	117	3	43	525	3	485	1.67e-65	257
sampleB_part1	NC_022148	582428	74.374	519	133	0	7	525	5468	5986	1.67e-65	257
sampleB_part1	HQ010081	57985	75.052	477	117	2	46	521	1	476	1.67e-65	257
sampleB_part1	EU074611	134996	75.431	464	110	3	64	525	14	475	1.67e-65	257
sampleB_part1	PQ299142	57985	75.381	459	111	2	64	521	11	468	6.00e-65	255
sampleB_part1	PQ299137	57985	75.381	459	111	2	64	521	7	464	6.00e-65	255
sampleB_part1	KY392958	57985	75.325	462	112	2	64	524	614	154	6.00e-65	255
sampleB_part1	MZ051694	2803083	75.328	458	113	0	67	524	1	458	6.00e-65	255
sampleB_part1	HQ956147	57985	75.381	459	111	2	64	521	14	471	6.00e-65	255
sampleB_part1	EU398905	57985	75.381	459	111	2	64	521	14	471	6.00e-65	255
sampleB_part1	OR707054	134996	74.795	488	119	3	40	525	3	488	2.16e-64	254
sampleB_part1	OR707051	134996	74.795	488	119	3	40	525	2	487	2.16e-64	254
sampleB_part1	OR707050	134996	74.795	488	119	3	40	525	1	486	2.16e-64	254
sampleB_part1	OR707049	134996	74.696	494	121	3	34	525	1	492	2.16e-64	254
sampleB_part1	OR707048	134996	74.745	491	120	3	37	525	1	489	2.16e-64	254
sampleB_part1	OR707046	134996	74.795	488	119	3	40	525	1	486	2.16e-64	254
sampleB_part1	ON827477	134996	74.845	485	118	3	43	525	3	485	2.16e-64	254
sampleB_part1	ON827476	134996	74.845	485	118	3	43	525	3	485	2.16e-64	254
sampleB_part1	ON827475	134996	74.845	485	118	3	43	525	3	485	2.16e-64	254
sampleB_part1	ON827474	134996	74.845	485	118	3	43	525	3	485	2.16e-64	254
sampleB_part1	ON827473	134996	74.845	485	118	3	43	525	3	485	2.16e-64	254
sampleB_part1	ON827472	134996	74.845	485	118	3	43	525	3	485	2.16e-64	254
sampleB_part1	ON827471	134996	74.845	485	118	3	43	525	3	485	2.16e-64	254
sampleB_part1	ON827470	134996	74.845	485	118	3	43	525	3	485	2.16e-64	254
sampleB_part1	ON827469	134996	74.845	485	118	3	43	525	3	485	2.16e-64	254
sampleB_part1	MH841988	2060314	75.510	441	106	2	82	521	1	440	7.76e-64	252
sampleB_part1	KR003774	1281648	74.947	475	116	3	49	522	2	474	7.76e-64	252
sampleB_part1	JF494592	134996	75.216	464	111	3	64	525	14	475	7.76e-64	252
sampleB_part1	JF494589	134996	75.216	464	111	3	64	525	14	475	7.76e-64	252
sampleB_part1	EU399021	335031	75.108	462	115	0	64	525	1	462	7.76e-64	252
sampleB_part1	DQ108247	335031	75.108	462	115	0	64	525	14	475	7.76e-64	252
sampleB_part1	PV361868	2060314	75.110	454	113	0	68	521	1	454	2.79e-63	250
sampleB_part1	OQ387191	651721	74.788	472	117	2	51	521	1	471	2.79e-63	250
sampleB_part1	MZ363907	2060314	75.455	440	106	2	83	521	1	439	2.79e-63	250
sampleB_part1	EU398944	408093	75.108	462	115	0	64	525	12	473	2.79e-63	250
sampleB_part1	EU398943	408093	75.108	462	115	0	64	525	3	464	2.79e-63	250
sampleB_part1	MH793269	651721	75.281	445	108	2	78	521	1	444	1.00e-62	248
sampleB_part1	OR707044	134996	74.590	488	120	3	40	525	3	488	1.00e-62	248
sampleB_part1	MT456102	7852	75.342	438	108	0	84	521	1	438	3.61e-62	246
sampleB_part1	MH618674	651721	75.283	441	107	2	82	521	1	440	3.61e-62	246
sampleB_part1	MZ363908	2060314	75.342	438	106	2	85	521	1	437	3.61e-62	246
sampleB_part1	MZ363906	2060314	75.402	435	105	2	88	521	1	434	3.61e-62	246
sampleB_part1	EU398966	582427	74.946	463	114	2	64	525	14	475	3.61e-62	246
sampleB_part1	EU398963	582427	74.946	463	114	2	64	525	14	475	3.61e-62	246
sampleB_part1	MH714451	651721	75.227	440	107	2	83	521	1	439	1.30e-61	244
sampleB_part1	OR976149	3097492	74.946	459	113	2	64	521	4	461	1.30e-61	244
sampleB_part1	EU399022	335031	74.675	462	117	0	64	525	14	475	1.30e-61	244
sampleB_part1	EU398942	408093	74.892	462	116	0	64	525	12	473	1.30e-61	244
sampleB_part1	MN013424	651721	75.229	436	106	2	87	521	1	435	4.67e-61	243
sampleB_part1	KF009636	651721	75.229	436	106	2	87	521	1	435	4.67e-61	243
sampleB_part1	MN013426	651721	75.802	405	96	2	118	521	5	408	1.68e-60	241
sampleB_part1	KY909334	7852	75.352	426	105	0	96	521	4	429	1.68e-60	241
sampleB_part1	OR271945	651721	75.291	429	104	2	73	500	3	430	1.68e-60	241
sampleB_part1	JX978329	651721	75.172	435	106	2	88	521	1	434	1.68e-60	241
sampleB_part1	EU399024	335031	74.459	462	118	0	64	525	14	475	1.68e-60	241
sampleB_part1	EU399019	335031	74.459	462	118	0	64	525	14	475	1.68e-60	241
sampleB_part1	PQ299136	57985	74.944	447	110	2	76	521	1	446	6.04e-60	239
sampleB_part1	KU936203	651721	75.057	437	107	2	86	521	1	436	6.04e-60	239
sampleB_part1	KF899440	1072483	74.783	460	113	3	64	522	14	471	6.04e-60	239
sampleB_part1	JX263421	651721	74.888	446	110	2	77	521	1	445	6.04e-60	239
sampleB_part1	GU440268	740693	74.473	474	118	3	51	523	1	472	6.04e-60	239
sampleB_part1	FN431717	170825	74.481	482	115	5	48	525	1	478	6.04e-60	239
sampleB_part1	FN431700	170825	74.481	482	115	5	48	525	1	478	6.04e-60	239
sampleB_part1	PQ299138	57985	74.888	446	110	2	77	521	1	445	2.17e-59	237
sampleB_part1	LC545582	42864	74.889	450	109	3	78	525	1	448	2.17e-59	237
sampleB_part1	AB485685	651721	74.943	439	108	2	84	521	1	438	2.17e-59	237
sampleB_part1	NC_026208	2599772	73.956	503	125	5	22	521	5543	6042	7.81e-59	235
sampleB_part1	MT048391	2908029	74.678	466	110	5	64	525	14	475	7.81e-59	235
sampleB_part1	MT048390	2908029	74.678	466	110	5	64	525	3	464	7.81e-59	235
sampleB_part1	JX304860	651721	75.058	429	105	2	94	521	3	430	7.81e-59	235
sampleB_part1	EU398569	496081	74.459	462	118	0	64	525	14	475	7.81e-59	235
sampleB_part1	EU398568	496081	74.459	462	118	0	64	525	3	464	7.81e-59	235
sampleB_part1	MH911073	7810	74.454	458	117	0	64	521	13	470	2.81e-58	233
sampleB_part1	KX162721	1843246	74.834	453	106	5	77	525	1	449	2.81e-58	233
sampleB_part1	JX304822	651721	75.628	398	95	2	125	521	34	430	2.81e-58	233
sampleB_part1	JN312836	994806	74.459	462	118	0	64	525	14	475	2.81e-58	233
sampleB_part1	FN431701	170825	74.274	482	116	5	48	525	1	478	2.81e-58	233
sampleB_part1	EU398959	994807	74.459	462	118	0	64	525	12	473	2.81e-58	233
sampleB_part1	EU398956	582429	74.459	462	118	0	64	525	3	464	2.81e-58	233
sampleB_part1	DQ108331	582429	74.459	462	118	0	64	525	14	475	2.81e-58	233
sampleB_part1	EU398954	582429	74.459	462	118	0	64	525	14	475	2.81e-58	233
sampleB_part1	EU398948	495872	74.459	462	118	0	64	525	12	473	2.81e-58	233
sampleB_part1	EU398946	495872	74.459	462	118	0	64	525	14	475	2.81e-58	233
sampleB_part1	EU398945	495872	74.459	462	118	0	64	525	14	475	2.81e-58	233
sampleB_part1	FJ895092	7852	75.181	415	103	0	107	521	8	422	1.01e-57	231
sampleB_part1	MK340668	651721	74.713	435	108	2	88	521	1	434	3.63e-57	230
sampleB_part1	MG461956	57985	74.941	427	105	2	96	521	6	431	3.63e-57	230
sampleB_part1	PQ074158	651721	74.769	432	107	2	94	524	1	431	3.63e-57	230
sampleB_part1	OR830481	651721	75.121	414	101	2	109	521	1	413	3.63e-57	230
sampleB_part1	OR830480	651721	75.309	405	98	2	118	521	10	413	3.63e-57	230
sampleB_part1	OR830455	651721	75.309	405	98	2	118	521	10	413	3.63e-57	230
sampleB_part1	OR830452	651721	75.309	405	98	2	118	521	10	413	3.63e-57	230
sampleB_part1	OR830448	651721	75.309	405	98	2	118	521	10	413	3.63e-57	230
sampleB_part1	OR830446	651721	75.309	405	98	2	118	521	10	413	3.63e-57	230
sampleB_part1	OR830444	651721	75.309	405	98	2	118	521	10	413	3.63e-57	230
sampleB_part1	LC782975	3082393	74.883	426	105	2	94	518	1	425	3.63e-57	230
sampleB_part1	LC782973	3082393	74.825	429	106	2	94	521	1	428	3.63e-57	230
sampleB_part1	KC250635	651721	75.309	405	98	2	118	521	13	416	3.63e-57	230
sampleB_part1	KC250627	651721	75.309	405	98	2	118	521	13	416	3.63e-57	230
sampleB_part1	JX304915	651721	74.825	429	106	2	94	521	3	430	3.63e-57	230
sampleB_part1	JX304908	651721	74.825	429	106	2	94	521	3	430	3.63e-57	230
sampleB_part1	JX304876	651721	74.825	429	106	2	94	521	3	430	3.63e-57	230
sampleB_part1	JX304874	651721	74.825	429	106	2	94	521	3	430	3.63e-57	230
sampleB_part1	JX304862	651721	74.769	432	107	2	94	524	3	433	3.63e-57	230
sampleB_part1	JX304861	651721	74.825	429	106	2	94	521	3	430	3.63e-57	230
sampleB_part1	JX304829	651721	74.769	432	107	2	94	524	3	433	3.63e-57	230
sampleB_part1	JQ765536	651721	75.309	405	98	2	118	521	16	419	3.63e-57	230
sampleB_part1	PV606548	7810	74.236	458	118	0	64	521	13	470	1.31e-56	228
sampleB_part1	PP940120	496083	73.950	476	122	2	51	525	1	475	1.31e-56	228
sampleB_part1	PP940119	496083	73.950	476	122	2	51	525	1	475	1.31e-56	228
sampleB_part1	MH911077	7810	74.236	458	118	0	64	521	13	470	1.31e-56	228
sampleB_part1	JX304824	651721	75.377	398	96	2	125	521	34	430	1.31e-56	228
sampleB_part1	JX304823	651721	75.377	398	96	2	125	521	34	430	1.31e-56	228
sampleB_part1	JX304816	651721	75.377	398	96	2	125	521	34	430	1.31e-56	228
sampleB_part1	FN431707	170825	74.066	482	117	5	48	525	1	478	1.31e-56	228
sampleB_part1	EU398961	994806;994807	74.242	462	119	0	64	525	12	473	1.31e-56	228
sampleB_part1	EU398960	994806	74.242	462	119	0	64	525	9	470	1.31e-56	228
sampleB_part1	DQ108254	335033	74.661	442	108	3	86	525	1	440	1.31e-56	228
sampleB_part1	OQ384993	496083	73.895	475	122	2	52	525	1	474	4.70e-56	226
sampleB_part1	PQ299143	57985	74.707	427	106	2	96	521	1	426	1.69e-55	224
sampleB_part1	PQ299139	57985	74.707	427	106	2	96	521	1	426	1.69e-55	224
sampleB_part1	PP950438	460156	74.483	435	111	0	90	524	1	435	1.69e-55	224
sampleB_part1	MG461955	57985	74.707	427	106	2	96	521	6	431	1.69e-55	224
sampleB_part1	OR830536	651721	75.062	405	99	2	118	521	10	413	1.69e-55	224
sampleB_part1	OR830526	651721	75.062	405	99	2	118	521	10	413	1.69e-55	224
sampleB_part1	OR830451	651721	75.062	405	99	2	118	521	10	413	1.69e-55	224
sampleB_part1	OR976146	3097492	74.376	441	111	2	82	521	1	440	1.69e-55	224
sampleB_part1	KX162719	1843246	74.554	448	106	5	82	525	3	446	1.69e-55	224
sampleB_part1	JX304906	651721	74.592	429	107	2	94	521	3	430	1.69e-55	224
sampleB_part1	JX304889	651721	74.592	429	107	2	94	521	3	430	1.69e-55	224
sampleB_part1	JX304865	651721	74.537	432	108	2	94	524	3	433	1.69e-55	224
sampleB_part1	JX304864	651721	74.537	432	108	2	94	524	3	433	1.69e-55	224
sampleB_part1	JX304832	651721	74.537	432	108	2	94	524	3	433	1.69e-55	224
sampleB_part1	GU673586	496083	74.082	463	118	2	64	525	3	464	1.69e-55	224
sampleB_part1	EU399023	335031	74.324	444	114	0	82	525	1	444	1.69e-55	224
sampleB_part1	EU398571	496083	74.082	463	118	2	64	525	1	462	1.69e-55	224
sampleB_part1	PX496633	1281648	74.541	436	108	3	88	522	1	434	6.08e-55	222
sampleB_part1	PQ299141	57985	74.648	426	106	2	97	521	1	425	6.08e-55	222
sampleB_part1	PV606553	7810	74.017	458	119	0	64	521	13	470	6.08e-55	222
sampleB_part1	PV606547	7810	74.017	458	119	0	64	521	13	470	6.08e-55	222
sampleB_part1	MH911088	7810	74.017	458	119	0	64	521	13	470	6.08e-55	222
sampleB_part1	MH911086	7810	74.017	458	119	0	64	521	13	470	6.08e-55	222
sampleB_part1	MH911052	7810	74.017	458	119	0	64	521	13	470	6.08e-55	222
sampleB_part1	MG644367	7810	74.017	458	119	0	64	521	13	470	6.08e-55	222
sampleB_part1	MG644366	7810	74.017	458	119	0	64	521	13	470	6.08e-55	222
sampleB_part1	MG644364	7810	74.017	458	119	0	64	521	13	470	6.08e-55	222
sampleB_part1	OR976147	3097492	74.376	441	111	2	82	521	1	440	6.08e-55	222
sampleB_part1	OR976145	3097492	74.376	441	111	2	82	521	1	440	6.08e-55	222
sampleB_part1	OR976144	3097492	74.376	441	111	2	82	521	1	440	6.08e-55	222
sampleB_part1	OR976143	3097492	74.376	441	111	2	82	521	1	440	6.08e-55	222
sampleB_part1	OQ386496	496083	73.739	476	123	2	51	525	1	475	6.08e-55	222
sampleB_part1	OQ386292	496083	73.739	476	123	2	51	525	1	475	6.08e-55	222
sampleB_part1	OQ386212	496083	73.739	476	123	2	51	525	1	475	6.08e-55	222
sampleB_part1	JX304827	651721	75.126	398	97	2	125	521	34	430	6.08e-55	222
sampleB_part1	JX304826	651721	75.126	398	97	2	125	521	34	430	6.08e-55	222
sampleB_part1	JX304825	651721	75.126	398	97	2	125	521	34	430	6.08e-55	222
sampleB_part1	MW475978	2803083	74.939	407	102	0	118	524	22	428	6.08e-55	222
sampleB_part1	MW475866	2803083	74.939	407	102	0	118	524	22	428	6.08e-55	222
sampleB_part1	MT123857	134996	74.541	436	107	3	92	525	1	434	6.08e-55	222
sampleB_part1	MT123856	134996	74.541	436	107	3	92	525	1	434	6.08e-55	222
sampleB_part1	MT123849	42864	74.541	436	107	3	92	525	1	434	6.08e-55	222
sampleB_part1	MT123846	1443580	74.541	436	107	3	92	525	1	434	6.08e-55	222
sampleB_part1	FJ519157	7810	74.017	458	119	0	64	521	14	471	6.08e-55	222
sampleB_part1	PQ299140	57985	74.699	415	105	0	107	521	7	421	2.19e-54	220
sampleB_part1	OR976148	3097492	74.150	441	112	2	82	521	1	440	2.19e-54	220
sampleB_part1	OQ384995	496083	73.684	475	123	2	52	525	1	474	2.19e-54	220
sampleB_part1	OQ384994	496083	73.684	475	123	2	52	525	1	474	2.19e-54	220
sampleB_part1	KF489504	1414470	74.026	462	117	3	62	522	2	461	2.19e-54	220
sampleB_part1	PV606552	7810	73.799	458	120	0	64	521	13	470	7.87e-54	219
sampleB_part1	PQ998246	651721	74.253	435	110	2	85	518	1	434	7.87e-54	219
sampleB_part1	OR614478	496083	73.866	463	119	2	64	525	1	462	7.87e-54	219
sampleB_part1	OR830542	651721	74.815	405	100	2	118	521	10	413	7.87e-54	219
sampleB_part1	OR830507	651721	74.815	405	100	2	118	521	10	413	7.87e-54	219
sampleB_part1	OR839855	3097492	74.260	439	111	2	84	521	1	438	7.87e-54	219
sampleB_part1	JX304891	651721	74.359	429	108	2	94	521	3	430	7.87e-54	219
sampleB_part1	JX304867	651721	75.263	380	94	0	145	524	54	433	7.87e-54	219
sampleB_part1	JX304856	651721	74.306	432	109	2	94	524	3	433	7.87e-54	219
sampleB_part1	MH911087	7810	73.799	458	120	0	64	521	13	470	2.83e-53	217
sampleB_part1	MH911070	7810	73.799	458	120	0	64	521	13	470	2.83e-53	217
sampleB_part1	MH911053	7810	73.799	458	120	0	64	521	13	470	2.83e-53	217
sampleB_part1	KP769787	1677680	73.347	484	129	0	42	525	1	484	2.83e-53	217
sampleB_part1	MW475865	2803083	74.693	407	103	0	118	524	22	428	2.83e-53	217
sampleB_part1	MW475864	2803083	74.693	407	103	0	118	524	22	428	2.83e-53	217
sampleB_part1	MT123848	1443580	74.312	436	108	3	92	525	1	434	2.83e-53	217
sampleB_part1	EU398572	496083	73.856	459	118	2	68	525	1	458	2.83e-53	217
sampleB_part1	KY909561	2039803	74.253	435	108	3	93	525	1	433	1.02e-52	215
sampleB_part1	KX162720	1843246	74.266	443	106	5	87	525	1	439	1.02e-52	215
sampleB_part1	MT048389	1843246	74.266	443	106	5	87	525	1	439	1.02e-52	215
sampleB_part1	JX304907	651721	74.811	397	98	2	126	521	35	430	1.02e-52	215
sampleB_part1	PV716691	7808	74.299	428	106	3	100	525	2	427	3.66e-52	213
sampleB_part1	OR830525	651721	74.568	405	101	2	118	521	10	413	3.66e-52	213
sampleB_part1	OR830474	651721	74.568	405	101	2	118	521	10	413	3.66e-52	213
sampleB_part1	MZ424309	495837	78.462	325	63	5	7	327	5473	5794	3.66e-52	213
sampleB_part1	JX304902	651721	74.126	429	109	2	94	521	3	430	3.66e-52	213
sampleB_part1	JX304899	651721	74.126	429	109	2	94	521	3	430	3.66e-52	213
sampleB_part1	JX304894	651721	74.126	429	109	2	94	521	3	430	3.66e-52	213
sampleB_part1	JX304892	651721	74.126	429	109	2	94	521	3	430	3.66e-52	213
sampleB_part1	JX304888	651721	74.065	428	111	0	94	521	3	430	3.66e-52	213
sampleB_part1	JX304863	651721	74.074	432	110	2	94	524	3	433	3.66e-52	213
sampleB_part1	JX304853	651721	75.000	380	95	0	145	524	54	433	3.66e-52	213
sampleB_part1	EU399020	335031	74.341	417	107	0	109	525	17	433	3.66e-52	213
sampleB_part1	PV365330	1325515	73.638	459	119	2	64	521	1	458	1.32e-51	211
sampleB_part1	MG792108	1930111	73.763	465	114	7	62	521	9	470	1.32e-51	211
sampleB_part1	KX219587	2599772	73.763	465	114	7	62	521	10	471	1.32e-51	211
sampleB_part1	KM073002	2599772	73.763	465	114	7	62	521	10	471	1.32e-51	211
sampleB_part1	MW476053	460156	74.447	407	104	0	118	524	22	428	1.32e-51	211
sampleB_part1	MW476048	86381	74.447	407	104	0	118	524	22	428	1.32e-51	211
sampleB_part1	MW475975	2803110	74.447	407	104	0	118	524	22	428	1.32e-51	211
sampleB_part1	MW475962	460156	74.447	407	104	0	118	524	22	428	1.32e-51	211
sampleB_part1	MW475957	460156	74.447	407	104	0	118	524	22	428	1.32e-51	211
sampleB_part1	MW475956	460156	74.447	407	104	0	118	524	22	428	1.32e-51	211
sampleB_part1	MW475936	460156	74.447	407	104	0	118	524	22	428	1.32e-51	211
sampleB_part1	MW475935	460156	74.447	407	104	0	118	524	22	428	1.32e-51	211
sampleB_part1	MW475926	460156	74.447	407	104	0	118	524	22	428	1.32e-51	211
sampleB_part1	MW475852	86381	74.447	407	104	0	118	524	22	428	1.32e-51	211
sampleB_part1	MW475851	86381	74.447	407	104	0	118	524	22	428	1.32e-51	211
sampleB_part1	MW475850	86381	74.447	407	104	0	118	524	22	428	1.32e-51	211
sampleB_part1	HM422375	1114294	80.755	265	49	2	64	326	10	274	1.32e-51	211
sampleB_part1	DQ108164	2599772	73.763	465	114	7	62	521	10	471	1.32e-51	211
sampleB_part1	KT307160	7852	75.000	376	94	0	146	521	1	376	4.73e-51	209
sampleB_part1	JX304890	651721	73.893	429	110	2	94	521	3	430	4.73e-51	209
sampleB_part1	DQ884979	61865	73.305	472	124	2	51	521	1	471	4.73e-51	209
sampleB_part1	JX304893	651721	73.893	429	110	2	94	521	3	430	1.70e-50	207
sampleB_part1	PQ632415	3097492	74.321	405	102	2	118	521	10	413	6.12e-50	206
sampleB_part1	PQ632414	3097492	74.321	405	102	2	118	521	10	413	6.12e-50	206
sampleB_part1	OR840698	3097492	74.321	405	102	2	118	521	21	424	6.12e-50	206
sampleB_part1	OR839861	3097492	74.321	405	102	2	118	521	21	424	6.12e-50	206
sampleB_part1	JX263423	2599772	74.623	398	95	5	127	521	51	445	6.12e-50	206
sampleB_part1	GU673583	1325515	73.420	459	120	2	64	521	3	460	6.12e-50	206
sampleB_part1	MZ303823	7810	73.976	415	108	0	107	521	11	425	2.20e-49	204
sampleB_part1	OK092570	7810	73.976	415	108	0	107	521	20	434	2.20e-49	204
sampleB_part1	JX304896	651721	74.307	397	100	2	126	521	35	430	2.20e-49	204
sampleB_part1	OQ339196	2750302	73.986	419	105	3	109	525	4	420	7.92e-49	202
sampleB_part1	MW456698	661036	74.023	435	101	8	97	525	1	429	7.92e-49	202
sampleB_part1	JX304895	651721	74.536	377	96	0	145	521	54	430	7.92e-49	202
sampleB_part1	PQ632419	3097492	74.074	405	103	2	118	521	10	413	2.85e-48	200
sampleB_part1	KX949923	1929467	74.194	403	100	3	125	525	2	402	2.85e-48	200
sampleB_part1	KX949920	1929467;2806212	74.194	403	100	3	125	525	2	402	2.85e-48	200
sampleB_part1	JX263424	2599772	74.372	398	96	5	127	521	51	445	2.85e-48	200
sampleB_part1	JX304898	651721	74.271	377	97	0	145	521	54	430	3.69e-47	196
sampleB_part1	KX949989	1929468	73.945	403	101	3	125	525	2	402	1.33e-46	195
sampleB_part1	FJ518991	7852	74.586	362	92	0	160	521	3	364	1.33e-46	195
sampleB_part1	MF686569	7810	74.026	385	100	0	137	521	5	389	4.77e-46	193
sampleB_part1	KF899743	376632	72.458	472	130	0	50	521	1	472	6.17e-45	189
sampleB_part1	MF686581	7810	73.766	385	101	0	137	521	5	389	2.22e-44	187
sampleB_part1	KX949984	1929493	73.449	403	103	3	125	525	2	402	2.87e-43	183
sampleB_part1	MW465163	7810	73.740	377	99	0	145	521	3	379	2.87e-43	183
sampleB_part1	MW537990	2806212	73.449	403	103	3	125	525	2	402	2.87e-43	183
sampleB_part1	PV717998	134996	73.797	374	94	3	154	525	3	374	3.71e-42	180
sampleB_part1	MW465127	134996	73.629	383	97	3	145	525	3	383	3.71e-42	180
sampleB_part1	MW465123	134996	73.629	383	97	3	145	525	3	383	3.71e-42	180
sampleB_part1	PQ862225	170825	74.085	355	84	5	175	525	3	353	6.21e-40	172
sampleB_part1	PQ862216	170825	74.085	355	84	5	175	525	3	353	6.21e-40	172
sampleB_part1	PQ862199	170825	74.085	355	84	5	175	525	3	353	6.21e-40	172
sampleB_part1	PQ862180	170825	74.085	355	84	5	175	525	3	353	6.21e-40	172
sampleB_part1	PQ862179	170825	74.085	355	84	5	175	525	3	353	6.21e-40	172
sampleB_part1	PQ862178	170825	74.085	355	84	5	175	525	3	353	6.21e-40	172
sampleB_part1	JN312494	990568	76.712	292	66	2	51	341	1	291	8.04e-39	169
sampleB_part1	HM909795	990568	76.712	292	66	2	51	341	1	291	8.04e-39	169
sampleB_part1	PQ862187	170825	73.803	355	85	5	175	525	3	353	2.89e-38	167
sampleB_part1	MH842004	1281648	73.067	375	100	1	148	522	1	374	2.89e-38	167
sampleB_part1	KU255185	1281648	73.067	375	100	1	148	522	1	374	2.89e-38	167
sampleB_part1	OR839860	3097492	78.175	252	53	2	79	329	1	251	1.04e-37	165
sampleB_part1	OR839865	3097492	77.912	249	53	2	82	329	3	250	4.84e-36	159
sampleB_part1	OR839864	3097492	78.333	240	50	2	73	311	2	240	4.84e-36	159
sampleB_part1	MG644337	994806	73.856	306	80	0	220	525	16	321	2.25e-34	154
sampleB_part1	OR839858	3097492	78.873	213	43	2	118	329	20	231	1.05e-32	148
sampleB_part1	OR839857	3097492	78.873	213	43	2	118	329	1	212	1.05e-32	148
sampleB_part1	OR839856	3097492	78.873	213	43	2	118	329	7	218	1.05e-32	148
sampleB_part1	OR271936	1281648	72.701	348	94	1	175	522	1	347	1.05e-32	148
sampleB_part1	MG644276	263685	72.871	317	86	0	205	521	1	317	4.87e-31	143
sampleB_part1	OR839859	3097492	79.670	182	36	1	140	320	4	185	8.15e-29	135
sampleB_part1	OR839863	3097492	77.976	168	34	3	118	283	16	182	1.78e-20	108
sampleB_part1	EU398941	408093	78.030	132	29	0	394	525	57	188	8.32e-14	86.1
sampleB_part1	MW465122	134996	77.519	129	29	0	397	525	61	189	3.87e-12	80.5
sampleB_part2	OR813029	386614	80.044	456	86	3	7	458	6007	6461	4.47e-91	342
sampleB_part2	OR813028	386614	80.044	456	86	3	7	458	6007	6461	4.47e-91	342
sampleB_part2	OR813027	386614	80.044	456	86	3	7	458	6007	6461	4.47e-91	342
sampleB_part2	OR813026	386614	80.044	456	86	3	7	458	6007	6461	4.47e-91	342
sampleB_part2	OR813025	386614	80.044	456	86	3	7	458	6007	6461	4.47e-91	342
sampleB_part2	OR813024	386614	80.044	456	86	3	7	458	6007	6461	4.47e-91	342
sampleB_part2	NC_082808	2838337	80.044	456	86	3	7	458	6007	6461	1.61e-90	340
sampleB_part2	MH899130	1885022	79.521	459	89	3	7	461	6004	6461	3.48e-87	329
sampleB_part2	MH899128	1885022	79.521	459	89	3	7	461	6004	6461	3.48e-87	329
sampleB_part2	MH844510	1885022	79.521	459	89	3	7	461	6004	6461	3.48e-87	329
sampleB_part2	KR676445	1885022	79.521	459	89	3	7	461	6004	6461	3.48e-87	329
sampleB_part2	KR676444	1885022	79.521	459	89	3	7	461	6004	6461	3.48e-87	329
sampleB_part2	NC_025498	1885022	79.521	459	89	3	7	461	6004	6461	3.48e-87	329
sampleB_part2	PV651716	7782	79.341	455	91	1	7	458	6009	6463	4.51e-86	326
sampleB_part2	PV651715	7782	79.341	455	91	1	7	458	6009	6463	4.51e-86	326
sampleB_part2	MH899131	1885022	79.348	460	90	3	7	462	6003	6461	4.51e-86	326
sampleB_part2	NC_016429	7782	79.341	455	91	1	7	458	6009	6463	4.51e-86	326
sampleB_part2	MH844509	1885022	79.386	456	89	3	7	458	6003	6457	1.62e-85	324
sampleB_part2	MH844508	1885022	79.386	456	89	3	7	458	6003	6457	1.62e-85	324
sampleB_part2	MH844507	1885022	79.386	456	89	3	7	458	6003	6457	1.62e-85	324
sampleB_part2	KR676447	1885022	79.167	456	90	3	7	458	6003	6457	7.54e-84	318
sampleB_part2	KR676446	1885022	79.167	456	90	3	7	458	6003	6457	7.54e-84	318
sampleB_part2	PV434813	3065000	78.540	452	94	1	7	455	6010	6461	7.59e-79	302
sampleB_part2	JN184064	334989	78.214	459	89	9	7	458	2753	3207	4.57e-76	292
sampleB_part2	OP418433	2838337	81.921	177	27	3	7	179	499	674	1.05e-32	148
sampleB_part2	OP418432	2838337	81.921	177	27	3	7	179	499	674	1.05e-32	148
sampleB_part2	OP418431	2838337	81.921	177	27	3	7	179	499	674	1.05e-32	148
sampleB_part2	JQ354311	2838337	81.667	180	28	3	7	182	489	667	1.05e-32	148
sampleB_part2	JQ354310	2838337	81.667	180	28	3	7	182	489	667	1.05e-32	148
sampleB_part2	OP418428	2838337	81.564	179	28	3	5	179	497	674	3.76e-32	147
sampleB_part2	OP418430	2838337	81.356	177	28	3	7	179	499	674	4.87e-31	143
sampleB_part2	OP418429	2838337	81.356	177	28	3	7	179	499	674	4.87e-31	143
sampleB_part2	OP418427	2838337	81.356	177	28	3	7	179	499	674	4.87e-31	143
sampleB_part2	OP418426	2838337	81.356	177	28	3	7	179	499	674	4.87e-31	143
sampleB_part2	MK560724	1885022	80.556	180	30	3	7	182	495	673	2.27e-29	137
sampleB_part2	MK560723	1885022	80.556	180	30	3	7	182	495	673	2.27e-29	137
sampleB_part2	MK560722	1885022	80.556	180	30	3	7	182	495	673	2.27e-29	137
sampleB_part2	MK560721	1885022	80.663	181	28	5	7	182	494	672	2.27e-29	137
sampleB_part2	MK560719	1885022	80.556	180	30	3	7	182	494	672	2.27e-29	137
sampleB_part2	MK560718	1885022	80.556	180	30	3	7	182	496	674	2.27e-29	137
sampleB_part2	MK560717	1885022	80.556	180	30	3	7	182	496	674	2.27e-29	137
sampleB_part2	KF930345	2838337	81.657	169	26	3	7	171	482	649	8.15e-29	135
sampleB_part2	JN602427	2838337	81.657	169	26	3	7	171	349	516	8.15e-29	135
sampleB_part2	JN602425	2838337	81.657	169	26	3	7	171	349	516	8.15e-29	135
sampleB_part2	GU440489	2838337	81.657	169	26	3	7	171	482	649	8.15e-29	135
sampleB_part2	FJ165081	2838337	81.657	169	26	3	7	171	482	649	8.15e-29	135
sampleB_part2	EU327174	1885022	80.473	169	28	3	7	171	485	652	1.76e-25	124
sampleB_part2	MH378547	7782	79.167	168	32	1	7	171	466	633	3.82e-22	113
sampleB_part2	JF894904	7782	79.167	168	32	1	7	171	481	648	3.82e-22	113
sampleB_part2	MT455822	7782	78.161	174	35	1	7	177	482	655	1.37e-21	111
sampleB_part2	MT455544	7782	78.161	174	35	1	7	177	482	655	1.37e-21	111
sampleB_part2	MT455425	7782	78.161	174	35	1	7	177	482	655	1.37e-21	111
sampleB_part2	MT455119	7782	78.161	174	35	1	7	177	482	655	1.37e-21	111
sampleB_part2	MH378601	7782	78.161	174	35	1	7	177	481	654	1.37e-21	111
sampleB_part2	MH378524	7782	78.571	168	33	1	7	171	481	648	1.78e-20	108
sampleB_part2	MH378503	7782	78.571	168	33	1	7	171	472	639	1.78e-20	108
sampleB_part2	KT075314	7782	78.571	168	33	1	7	171	482	649	1.78e-20	108
sampleB_part2	KF930049	7782	78.571	168	33	1	7	171	475	642	1.78e-20	108
sampleB_part2	JF894903	7782	78.571	168	33	1	7	171	481	648	1.78e-20	108
sampleB_part2	JF894899	7782	78.571	168	33	1	7	171	481	648	1.78e-20	108
sampleB_part2	JF894895	7782	78.571	168	33	1	7	171	481	648	1.78e-20	108
sampleB_part2	JF894894	7782	78.571	168	33	1	7	171	481	648	1.78e-20	108
sampleB_part2	JF894891	7782	78.571	168	33	1	7	171	451	618	1.78e-20	108
sampleB_part2	JF894885	7782	78.571	168	33	1	7	171	481	648	1.78e-20	108
sampleB_part2	JF894878	7782	78.571	168	33	1	7	171	481	648	1.78e-20	108
sampleB_part2	JF894877	7782	78.571	168	33	1	7	171	481	648	1.78e-20	108
sampleB_part2	JF894875	7782	78.571	168	33	1	7	171	481	648	1.78e-20	108
sampleB_part2	JF894871	7782	78.571	168	33	1	7	171	481	648	1.78e-20	108
sampleB_part2	JF894869	7782	78.571	168	33	1	7	171	481	648	1.78e-20	108
sampleB_part2	JF894868	7782	78.571	168	33	1	7	171	481	648	1.78e-20	108
sampleB_part2	JF894866	7782	78.571	168	33	1	7	171	481	648	1.78e-20	108
sampleB_part2	JF894863	7782	78.571	168	33	1	7	171	481	648	1.78e-20	108
sampleB_part2	JF894861	7782	78.571	168	33	1	7	171	481	648	1.78e-20	108
sampleB_part2	JF894859	7782	78.571	168	33	1	7	171	481	648	1.78e-20	108
sampleB_part2	JF894857	7782	78.571	168	33	1	7	171	481	648	1.78e-20	108
sampleB_part2	JF894856	7782	78.571	168	33	1	7	171	481	648	1.78e-20	108
sampleB_part2	JF894853	7782	78.571	168	33	1	7	171	481	648	1.78e-20	108
sampleB_part2	JF894852	7782	78.571	168	33	1	7	171	481	648	1.78e-20	108
sampleB_part2	JF894850	7782	78.571	168	33	1	7	171	481	648	1.78e-20	108
sampleB_part2	JF894848	7782	78.571	168	33	1	7	171	481	648	1.78e-20	108
sampleB_part2	JF894847	7782	78.571	168	33	1	7	171	481	648	1.78e-20	108
sampleB_part2	JF894842	7782	78.571	168	33	1	7	171	481	648	1.78e-20	108
sampleB_part2	JF894839	7782	78.571	168	33	1	7	171	481	648	1.78e-20	108
sampleB_part2	JF894837	7782	78.571	168	33	1	7	171	481	648	1.78e-20	108
sampleB_part2	KF317730	1885022	80.272	147	24	3	7	149	460	605	6.39e-20	106
sampleB_part2	KF930050	173042	79.605	152	28	1	7	155	482	633	6.39e-20	106
sampleB_part2	JN602426	2838337	81.890	127	21	2	7	132	349	474	6.39e-20	106
sampleB_part2	JF894872	7782	79.605	152	28	1	7	155	481	632	6.39e-20	106
sampleB_part2	JF894870	7782	79.605	152	28	1	7	155	481	632	6.39e-20	106
sampleB_part2	DQ104885	2838337	81.890	127	21	2	7	132	427	552	6.39e-20	106
sampleB_part2	JF894892	7782	77.976	168	34	1	7	171	481	648	8.27e-19	102
sampleB_part2	JF894851	7782	77.976	168	34	1	7	171	481	648	8.27e-19	102
sampleB_part2	KF317727	2838337	81.102	127	22	2	7	132	460	585	2.97e-18	100
sampleB_part2	KF561898	7782	79.452	146	27	1	7	149	460	605	2.97e-18	100
sampleB_part2	MG703538	2201345	77.778	171	27	7	7	170	482	648	1.38e-16	95.3
sampleB_part2	GU805255	1072470	77.778	171	27	7	7	170	482	648	1.38e-16	95.3
sampleB_part2	GU805238	1072470	77.778	171	27	7	7	170	476	642	1.38e-16	95.3
sampleB_part2	GU805233	1072470	77.778	171	27	7	7	170	482	648	1.38e-16	95.3
sampleB_part2	GU805220	1072470	77.778	171	27	7	7	170	482	648	1.38e-16	95.3
sampleB_part2	GU805218	1072470	77.778	171	27	7	7	170	482	648	1.38e-16	95.3
sampleB_part2	GU805211	1072470	77.778	171	27	7	7	170	482	648	1.38e-16	95.3
sampleB_part2	GU805210	1072470	77.778	171	27	7	7	170	473	639	1.38e-16	95.3
sampleB_part2	LC414185	1885022	79.286	140	24	3	7	142	454	592	4.97e-16	93.5
sampleB_part2	MZ661268	1072470	77.193	171	28	7	7	170	501	667	6.44e-15	89.8
sampleB_part2	MZ661266	1072470	77.193	171	28	7	7	170	501	667	6.44e-15	89.8
sampleB_part2	MZ661265	1072470	77.193	171	28	7	7	170	501	667	6.44e-15	89.8
sampleB_part2	MZ661264	1072470	77.193	171	28	7	7	170	501	667	6.44e-15	89.8
sampleB_part2	JF894888	7782	79.365	126	26	0	7	132	451	576	6.44e-15	89.8
sampleB_part2	JF894886	7782	79.365	126	26	0	7	132	457	582	6.44e-15	89.8
sampleB_part2	JF894883	7782	79.365	126	26	0	7	132	457	582	6.44e-15	89.8
sampleB_part2	JF894882	7782	79.365	126	26	0	7	132	457	582	6.44e-15	89.8
sampleB_part2	JF894881	7782	79.365	126	26	0	7	132	481	606	6.44e-15	89.8
sampleB_part2	JF894879	7782	79.365	126	26	0	7	132	457	582	6.44e-15	89.8
sampleB_part2	JF894874	7782	79.365	126	26	0	7	132	454	579	6.44e-15	89.8
sampleB_part2	JF894873	7782	79.365	126	26	0	7	132	481	606	6.44e-15	89.8
sampleB_part2	JF894860	7782	79.365	126	26	0	7	132	481	606	6.44e-15	89.8
sampleB_part2	GU805258	1072470	77.193	171	28	7	7	170	482	648	6.44e-15	89.8
sampleB_part2	GU805223	1072470	77.193	171	28	7	7	170	482	648	6.44e-15	89.8
sampleB_part2	GU805214	1072470	77.193	171	28	7	7	170	482	648	6.44e-15	89.8
sampleB_part2	KX500944	1885022	79.675	123	23	2	7	128	347	468	2.31e-14	87.9
sampleB_part2	GQ449745	2838337	84.524	84	11	2	7	89	427	509	1.08e-12	82.4
sampleB_part2	MZ661267	1072470	76.331	169	29	7	7	168	436	600	3.87e-12	80.5
sampleB_part2	DQ104884	2838337	84.337	83	11	2	7	88	427	508	3.87e-12	80.5
sampleB_part2	DQ104887	2838337	87.719	57	5	2	7	62	427	482	1.08e-07	65.8
