sampleC_part1	KF369191	1400839	81.138	334	63	0	180	513	121	454	8.05e-100	379	1400839	cellular organisms;Eukaryota;Opisthokonta;Metazoa;Eumetazoa;Bilateria;Deuterostomia;Chordata;Craniata;Vertebrata;Gnathostomata;Teleostomi;Euteleostomi;Actinopterygii;Actinopteri;Neopterygii;Teleostei;Osteoglossocephalai;Clupeocephala;Euteleosteomorpha;Neoteleostei;Eurypterygia;Ctenosquamata;Acanthomorphata;Euacanthomorphacea;Percomorphaceae;Pelagiaria;Scombriformes;Scombridae;Scombrinae;Thunnini;Thunnus;unclassified Thunnus;Thunnus sp. BOLD:AAA7352
sampleC_part1	KJ531382	1471020	81.138	334	63	0	180	513	129	462	8.05e-100	379	1471020	cellular organisms;Eukaryota;Opisthokonta;Metazoa;Eumetazoa;Bilateria;Deuterostomia;Chordata;Craniata;Vertebrata;Gnathostomata;Teleostomi;Euteleostomi;Actinopterygii;Actinopteri;Neopterygii;Teleostei;Osteoglossocephalai;Clupeocephala;Euteleosteomorpha;Neoteleostei;Eurypterygia;Ctenosquamata;Acanthomorphata;Euacanthomorphacea;Percomorphaceae;Pelagiaria;Scombriformes;Scombridae;Scombrinae;Thunnini;Thunnus;unclassified Thunnus;Thunnus sp. Tfr48
sampleC_part1	KT719293	1719343	81.138	334	63	0	180	513	69	402	8.05e-100	379	1719343	cellular organisms;Eukaryota;Opisthokonta;Metazoa;Eumetazoa;Bilateria;Deuterostomia;Chordata;Craniata;Vertebrata;Gnathostomata;Teleostomi;Euteleostomi;Actinopterygii;Actinopteri;Neopterygii;Teleostei;Osteoglossocephalai;Clupeocephala;Euteleosteomorpha;Neoteleostei;Eurypterygia;Ctenosquamata;Acanthomorphata;Euacanthomorphacea;Percomorphaceae;Pelagiaria;Scombriformes;Scombridae;Scombrinae;Thunnini;Thunnus;unclassified Thunnus;Thunnus sp. MYS-restaurant-1
sampleC_part1	KY018834	1965038	81.138	334	63	0	180	513	92	425	8.05e-100	379	1965038	cellular organisms;Eukaryota;Opisthokonta;Metazoa;Eumetazoa;Bilateria;Deuterostomia;Chordata;Craniata;Vertebrata;Gnathostomata;Teleostomi;Euteleostomi;Actinopterygii;Actinopteri;Neopterygii;Teleostei;Osteoglossocephalai;Clupeocephala;Euteleosteomorpha;Neoteleostei;Eurypterygia;Ctenosquamata;Acanthomorphata;Euacanthomorphacea;Percomorphaceae;Pelagiaria;Scombriformes;Scombridae;Scombrinae;Thunnini;Thunnus;unclassified Thunnus;Thunnus sp. MT08338
sampleC_part1	KY438800	2002828	81.737	334	61	0	180	513	79	412	3.72e-103	390	2002828	cellular organisms;Eukaryota;Opisthokonta;Metazoa;Eumetazoa;Bilateria;Deuterostomia;Chordata;Craniata;Vertebrata;Gnathostomata;Teleostomi;Euteleostomi;Actinopterygii;Actinopteri;Neopterygii;Teleostei;Osteoglossocephalai;Clupeocephala;Euteleosteomorpha;Neoteleostei;Eurypterygia;Ctenosquamata;Acanthomorphata;Euacanthomorphacea;Percomorphaceae;Pelagiaria;Scombriformes;Scombridae;environmental samples;Thunnus environmental sample
sampleC_part1	MG204905	2136786	81.138	334	63	0	180	513	58	391	8.05e-100	379	2136786	cellular organisms;Eukaryota;Opisthokonta;Metazoa;Eumetazoa;Bilateria;Deuterostomia;Chordata;Craniata;Vertebrata;Gnathostomata;Teleostomi;Euteleostomi;Actinopterygii;Actinopteri;Neopterygii;Teleostei;Osteoglossocephalai;Clupeocephala;Euteleosteomorpha;Neoteleostei;Eurypterygia;Ctenosquamata;Acanthomorphata;Euacanthomorphacea;Percomorphaceae;Pelagiaria;Scombriformes;Scombridae;Scombrinae;Thunnini;Thunnus;unclassified Thunnus;Thunnus sp. OC028
sampleC_part1	KY676041	48169	81.138	334	63	0	180	513	78	411	8.05e-100	379	48169	cellular organisms;Eukaryota;Opisthokonta;Metazoa;Eumetazoa;Bilateria;Deuterostomia;Chordata;Craniata;Vertebrata;Gnathostomata;Teleostomi;Euteleostomi;Actinopterygii;Actinopteri;Neopterygii;Teleostei;Osteoglossocephalai;Clupeocephala;Euteleosteomorpha;Neoteleostei;Eurypterygia;Ctenosquamata;Acanthomorphata;Euacanthomorphacea;Percomorphaceae;Pelagiaria;Scombriformes;Scombridae;Scombrinae;Thunnini;Thunnus;Thunnus tonggol
sampleC_part1	MZ892564	8236	81.437	334	62	0	180	513	129	462	1.73e-101	385	8236	cellular organisms;Eukaryota;Opisthokonta;Metazoa;Eumetazoa;Bilateria;Deuterostomia;Chordata;Craniata;Vertebrata;Gnathostomata;Teleostomi;Euteleostomi;Actinopterygii;Actinopteri;Neopterygii;Teleostei;Osteoglossocephalai;Clupeocephala;Euteleosteomorpha;Neoteleostei;Eurypterygia;Ctenosquamata;Acanthomorphata;Euacanthomorphacea;Percomorphaceae;Pelagiaria;Scombriformes;Scombridae;Scombrinae;Thunnini;Thunnus;Thunnus albacares
sampleC_part1	DQ107585	8237	81.737	334	61	0	180	513	129	462	3.72e-103	390	8237	cellular organisms;Eukaryota;Opisthokonta;Metazoa;Eumetazoa;Bilateria;Deuterostomia;Chordata;Craniata;Vertebrata;Gnathostomata;Teleostomi;Euteleostomi;Actinopterygii;Actinopteri;Neopterygii;Teleostei;Osteoglossocephalai;Clupeocephala;Euteleosteomorpha;Neoteleostei;Eurypterygia;Ctenosquamata;Acanthomorphata;Euacanthomorphacea;Percomorphaceae;Pelagiaria;Scombriformes;Scombridae;Scombrinae;Thunnini;Thunnus;Thunnus thynnus
sampleC_part1	JN097817	8238	81.737	334	61	0	180	513	154	487	3.72e-103	390	8238	cellular organisms;Eukaryota;Opisthokonta;Metazoa;Eumetazoa;Bilateria;Deuterostomia;Chordata;Craniata;Vertebrata;Gnathostomata;Teleostomi;Euteleostomi;Actinopterygii;Actinopteri;Neopterygii;Teleostei;Osteoglossocephalai;Clupeocephala;Euteleosteomorpha;Neoteleostei;Eurypterygia;Ctenosquamata;Acanthomorphata;Euacanthomorphacea;Percomorphaceae;Pelagiaria;Scombriformes;Scombridae;Scombrinae;Thunnini;Thunnus;Thunnus orientalis
sampleC_part1	PP661813	8239	81.138	334	63	0	180	513	20	353	8.05e-100	379	8239	cellular organisms;Eukaryota;Opisthokonta;Metazoa;Eumetazoa;Bilateria;Deuterostomia;Chordata;Craniata;Vertebrata;Gnathostomata;Teleostomi;Euteleostomi;Actinopterygii;Actinopteri;Neopterygii;Teleostei;Osteoglossocephalai;Clupeocephala;Euteleosteomorpha;Neoteleostei;Eurypterygia;Ctenosquamata;Acanthomorphata;Euacanthomorphacea;Percomorphaceae;Pelagiaria;Scombriformes;Scombridae;Scombrinae;Thunnini;Thunnus;unclassified Thunnus;Thunnus sp.
sampleC_part1	KF925362	8240	81.138	334	63	0	180	513	5654	5987	8.05e-100	379	8240	cellular organisms;Eukaryota;Opisthokonta;Metazoa;Eumetazoa;Bilateria;Deuterostomia;Chordata;Craniata;Vertebrata;Gnathostomata;Teleostomi;Euteleostomi;Actinopterygii;Actinopteri;Neopterygii;Teleostei;Osteoglossocephalai;Clupeocephala;Euteleosteomorpha;Neoteleostei;Eurypterygia;Ctenosquamata;Acanthomorphata;Euacanthomorphacea;Percomorphaceae;Pelagiaria;Scombriformes;Scombridae;Scombrinae;Thunnini;Thunnus;Thunnus maccoyii
sampleC_part1	KP975906	8241	81.138	334	63	0	180	513	128	461	8.05e-100	379	8241	cellular organisms;Eukaryota;Opisthokonta;Metazoa;Eumetazoa;Bilateria;Deuterostomia;Chordata;Craniata;Vertebrata;Gnathostomata;Teleostomi;Euteleostomi;Actinopterygii;Actinopteri;Neopterygii;Teleostei;Osteoglossocephalai;Clupeocephala;Euteleosteomorpha;Neoteleostei;Eurypterygia;Ctenosquamata;Acanthomorphata;Euacanthomorphacea;Percomorphaceae;Pelagiaria;Scombriformes;Scombridae;Scombrinae;Thunnini;Thunnus;Thunnus obesus
sampleC_part1	AB097669	8242	81.737	334	61	0	180	513	6518	6851	3.72e-103	390	8242	cellular organisms;Eukaryota;Opisthokonta;Metazoa;Eumetazoa;Bilateria;Deuterostomia;Chordata;Craniata;Vertebrata;Gnathostomata;Teleostomi;Euteleostomi;Actinopterygii;Actinopteri;Neopterygii;Teleostei;Osteoglossocephalai;Clupeocephala;Euteleosteomorpha;Neoteleostei;Eurypterygia;Ctenosquamata;Acanthomorphata;Euacanthomorphacea;Percomorphaceae;Pelagiaria;Scombriformes;Scombridae;Scombrinae;Thunnini;Thunnus;Thunnus thynnus;Thunnus thynnus thynnus
