sampleD_part2	JX454980	27787	86.667	525	70	0	1	525	5918	6442	2.02e-170	614	27787	cellular organisms;Eukaryota;Opisthokonta;Metazoa;Eumetazoa;Bilateria;Deuterostomia;Chordata;Craniata;Vertebrata;Gnathostomata;Teleostomi;Euteleostomi;Sarcopterygii;Dipnotetrapodomorpha;Tetrapoda;Amniota;Sauropsida;Sauria;Archelosauria;Testudinata;Testudines;Cryptodira;Durocryptodira;Americhelydia;Chelonioidea;Cheloniidae;Eretmochelys;Eretmochelys imbricata
sampleD_part2	JX454979	27788	84.571	525	81	0	1	525	5918	6442	4.48e-152	553	27788	cellular organisms;Eukaryota;Opisthokonta;Metazoa;Eumetazoa;Bilateria;Deuterostomia;Chordata;Craniata;Vertebrata;Gnathostomata;Teleostomi;Euteleostomi;Sarcopterygii;Dipnotetrapodomorpha;Tetrapoda;Amniota;Sauropsida;Sauria;Archelosauria;Testudinata;Testudines;Cryptodira;Durocryptodira;Americhelydia;Chelonioidea;Cheloniidae;Lepidochelys;Lepidochelys olivacea
sampleD_part2	NC_018550	27790	86.286	525	72	0	1	525	5939	6463	4.38e-167	603	27790	cellular organisms;Eukaryota;Opisthokonta;Metazoa;Eumetazoa;Bilateria;Deuterostomia;Chordata;Craniata;Vertebrata;Gnathostomata;Teleostomi;Euteleostomi;Sarcopterygii;Dipnotetrapodomorpha;Tetrapoda;Amniota;Sauropsida;Sauria;Archelosauria;Testudinata;Testudines;Cryptodira;Durocryptodira;Americhelydia;Chelonioidea;Cheloniidae;Natator;Natator depressus
sampleD_part2	JX454969	27794	96.190	525	20	0	1	525	5929	6453	0.0	891	27794	cellular organisms;Eukaryota;Opisthokonta;Metazoa;Eumetazoa;Bilateria;Deuterostomia;Chordata;Craniata;Vertebrata;Gnathostomata;Teleostomi;Euteleostomi;Sarcopterygii;Dipnotetrapodomorpha;Tetrapoda;Amniota;Sauropsida;Sauria;Archelosauria;Testudinata;Testudines;Cryptodira;Durocryptodira;Americhelydia;Chelonioidea;Dermochelyidae;Dermochelys;Dermochelys coriacea
sampleD_part2	NC_009260	571338	83.270	526	86	2	1	525	5917	6441	2.11e-140	514	571338	cellular organisms;Eukaryota;Opisthokonta;Metazoa;Eumetazoa;Bilateria;Deuterostomia;Chordata;Craniata;Vertebrata;Gnathostomata;Teleostomi;Euteleostomi;Sarcopterygii;Dipnotetrapodomorpha;Tetrapoda;Amniota;Sauropsida;Sauria;Archelosauria;Testudinata;Testudines;Cryptodira;Durocryptodira;Americhelydia;Chelydroidea;Chelydridae;Macrochelys;Macrochelys temminckii
sampleD_part2	OR253895	573971	83.270	526	84	4	1	524	5908	6431	7.60e-140	512	573971	cellular organisms;Eukaryota;Opisthokonta;Metazoa;Eumetazoa;Bilateria;Deuterostomia;Chordata;Craniata;Vertebrata;Gnathostomata;Teleostomi;Euteleostomi;Sarcopterygii;Dipnotetrapodomorpha;Tetrapoda;Amniota;Sauropsida;Sauria;Archelosauria;Testudinata;Testudines;Cryptodira;Durocryptodira;Americhelydia;Chelydroidea;Kinosternidae;Sternotherus;Sternotherus carinatus
sampleD_part2	NC_014577	641010	82.890	526	86	4	1	524	5899	6422	1.64e-136	501	641010	cellular organisms;Eukaryota;Opisthokonta;Metazoa;Eumetazoa;Bilateria;Deuterostomia;Chordata;Craniata;Vertebrata;Gnathostomata;Teleostomi;Euteleostomi;Sarcopterygii;Dipnotetrapodomorpha;Tetrapoda;Amniota;Sauropsida;Sauria;Archelosauria;Testudinata;Testudines;Cryptodira;Durocryptodira;Americhelydia;Chelydroidea;Kinosternidae;Kinosternon;Kinosternon leucostomum
sampleD_part2	FR694649	8467	84.571	525	81	0	1	525	5923	6447	4.48e-152	553	8467	cellular organisms;Eukaryota;Opisthokonta;Metazoa;Eumetazoa;Bilateria;Deuterostomia;Chordata;Craniata;Vertebrata;Gnathostomata;Teleostomi;Euteleostomi;Sarcopterygii;Dipnotetrapodomorpha;Tetrapoda;Amniota;Sauropsida;Sauria;Archelosauria;Testudinata;Testudines;Cryptodira;Durocryptodira;Americhelydia;Chelonioidea;Cheloniidae;Caretta;Caretta caretta
sampleD_part2	JX454976	8469	85.905	525	74	0	1	525	5925	6449	9.49e-164	592	8469	cellular organisms;Eukaryota;Opisthokonta;Metazoa;Eumetazoa;Bilateria;Deuterostomia;Chordata;Craniata;Vertebrata;Gnathostomata;Teleostomi;Euteleostomi;Sarcopterygii;Dipnotetrapodomorpha;Tetrapoda;Amniota;Sauropsida;Sauria;Archelosauria;Testudinata;Testudines;Cryptodira;Durocryptodira;Americhelydia;Chelonioidea;Cheloniidae;Chelonia;Chelonia mydas
sampleD_part2	JX454982	8472	84.762	525	80	0	1	525	5922	6446	9.62e-154	558	8472	cellular organisms;Eukaryota;Opisthokonta;Metazoa;Eumetazoa;Bilateria;Deuterostomia;Chordata;Craniata;Vertebrata;Gnathostomata;Teleostomi;Euteleostomi;Sarcopterygii;Dipnotetrapodomorpha;Tetrapoda;Amniota;Sauropsida;Sauria;Archelosauria;Testudinata;Testudines;Cryptodira;Durocryptodira;Americhelydia;Chelonioidea;Cheloniidae;Lepidochelys;Lepidochelys kempii
sampleD_part2	DQ256378	8475	82.667	525	91	0	1	525	5850	6374	2.13e-135	497	8475	cellular organisms;Eukaryota;Opisthokonta;Metazoa;Eumetazoa;Bilateria;Deuterostomia;Chordata;Craniata;Vertebrata;Gnathostomata;Teleostomi;Euteleostomi;Sarcopterygii;Dipnotetrapodomorpha;Tetrapoda;Amniota;Sauropsida;Sauria;Archelosauria;Testudinata;Testudines;Cryptodira;Durocryptodira;Americhelydia;Chelydroidea;Chelydridae;Chelydra;Chelydra serpentina
