sampleA_part2	DQ095155	160595	99.012	506	5	0	1	506	526	1031	0.0	909	160595	cellular organisms;Eukaryota;Opisthokonta;Metazoa;Eumetazoa;Bilateria;Deuterostomia;Chordata;Craniata;Vertebrata;Gnathostomata;Teleostomi;Euteleostomi;Sarcopterygii;Dipnotetrapodomorpha;Tetrapoda;Amniota;Mammalia;Theria;Eutheria;Boreoeutheria;Laurasiatheria;Artiodactyla;Whippomorpha;Cetacea;Mysticeti;Balaenidae;Eubalaena;Eubalaena australis
sampleA_part2	AB201257	255217	88.735	506	57	0	1	506	5887	6392	1.21e-172	621	255217	cellular organisms;Eukaryota;Opisthokonta;Metazoa;Eumetazoa;Bilateria;Deuterostomia;Chordata;Craniata;Vertebrata;Gnathostomata;Teleostomi;Euteleostomi;Sarcopterygii;Dipnotetrapodomorpha;Tetrapoda;Amniota;Mammalia;Theria;Eutheria;Boreoeutheria;Laurasiatheria;Artiodactyla;Whippomorpha;Cetacea;Mysticeti;Balaenopteridae;Balaenoptera;Balaenoptera omurai
sampleA_part2	AB201259	255365	90.258	503	49	0	1	503	5893	6395	0.0	660	255365	cellular organisms;Eukaryota;Opisthokonta;Metazoa;Eumetazoa;Bilateria;Deuterostomia;Chordata;Craniata;Vertebrata;Gnathostomata;Teleostomi;Euteleostomi;Sarcopterygii;Dipnotetrapodomorpha;Tetrapoda;Amniota;Mammalia;Theria;Eutheria;Boreoeutheria;Laurasiatheria;Artiodactyla;Whippomorpha;Cetacea;Mysticeti;Balaenopteridae;Balaenoptera;Balaenoptera brydei
sampleA_part2	PQ997938	2746895	90.060	503	50	0	1	503	5892	6394	0.0	654	2746895	cellular organisms;Eukaryota;Opisthokonta;Metazoa;Eumetazoa;Bilateria;Deuterostomia;Chordata;Craniata;Vertebrata;Gnathostomata;Teleostomi;Euteleostomi;Sarcopterygii;Dipnotetrapodomorpha;Tetrapoda;Amniota;Mammalia;Theria;Eutheria;Boreoeutheria;Laurasiatheria;Artiodactyla;Whippomorpha;Cetacea;Mysticeti;Balaenopteridae;Balaenoptera;Balaenoptera ricei
sampleA_part2	AP006472	27602	96.640	506	17	0	1	506	5890	6395	0.0	843	27602	cellular organisms;Eukaryota;Opisthokonta;Metazoa;Eumetazoa;Bilateria;Deuterostomia;Chordata;Craniata;Vertebrata;Gnathostomata;Teleostomi;Euteleostomi;Sarcopterygii;Dipnotetrapodomorpha;Tetrapoda;Amniota;Mammalia;Theria;Eutheria;Boreoeutheria;Laurasiatheria;Artiodactyla;Whippomorpha;Cetacea;Mysticeti;Balaenidae;Balaena;Balaena mysticetus
sampleA_part2	AP006475	27604	89.921	506	51	0	1	506	5885	6390	0.0	654	27604	cellular organisms;Eukaryota;Opisthokonta;Metazoa;Eumetazoa;Bilateria;Deuterostomia;Chordata;Craniata;Vertebrata;Gnathostomata;Teleostomi;Euteleostomi;Sarcopterygii;Dipnotetrapodomorpha;Tetrapoda;Amniota;Mammalia;Theria;Eutheria;Boreoeutheria;Laurasiatheria;Artiodactyla;Whippomorpha;Cetacea;Mysticeti;Neobalaenidae;Caperea;Caperea marginata
sampleA_part2	DQ095154	27606	99.209	506	4	0	1	506	526	1031	0.0	915	27606	cellular organisms;Eukaryota;Opisthokonta;Metazoa;Eumetazoa;Bilateria;Deuterostomia;Chordata;Craniata;Vertebrata;Gnathostomata;Teleostomi;Euteleostomi;Sarcopterygii;Dipnotetrapodomorpha;Tetrapoda;Amniota;Mammalia;Theria;Eutheria;Boreoeutheria;Laurasiatheria;Artiodactyla;Whippomorpha;Cetacea;Mysticeti;Balaenidae;Eubalaena;Eubalaena glacialis
sampleA_part2	NC_006931	302098	99.605	506	2	0	1	506	5886	6391	0.0	926	302098	cellular organisms;Eukaryota;Opisthokonta;Metazoa;Eumetazoa;Bilateria;Deuterostomia;Chordata;Craniata;Vertebrata;Gnathostomata;Teleostomi;Euteleostomi;Sarcopterygii;Dipnotetrapodomorpha;Tetrapoda;Amniota;Mammalia;Theria;Eutheria;Boreoeutheria;Laurasiatheria;Artiodactyla;Whippomorpha;Cetacea;Mysticeti;Balaenidae;Eubalaena;Eubalaena japonica
sampleA_part2	NC_006926	33556	89.264	503	54	0	1	503	5895	6397	5.59e-176	632	33556	cellular organisms;Eukaryota;Opisthokonta;Metazoa;Eumetazoa;Bilateria;Deuterostomia;Chordata;Craniata;Vertebrata;Gnathostomata;Teleostomi;Euteleostomi;Sarcopterygii;Dipnotetrapodomorpha;Tetrapoda;Amniota;Mammalia;Theria;Eutheria;Boreoeutheria;Laurasiatheria;Artiodactyla;Whippomorpha;Cetacea;Mysticeti;Balaenopteridae;Balaenoptera;Balaenoptera bonaerensis
sampleA_part2	AP006471	9764	90.457	503	48	0	1	503	5897	6399	0.0	665	9764	cellular organisms;Eukaryota;Opisthokonta;Metazoa;Eumetazoa;Bilateria;Deuterostomia;Chordata;Craniata;Vertebrata;Gnathostomata;Teleostomi;Euteleostomi;Sarcopterygii;Dipnotetrapodomorpha;Tetrapoda;Amniota;Mammalia;Theria;Eutheria;Boreoeutheria;Laurasiatheria;Artiodactyla;Whippomorpha;Cetacea;Mysticeti;Eschrichtiidae;Eschrichtius;Eschrichtius robustus
sampleA_part2	AP006468	9767	90.258	503	49	0	1	503	5896	6398	0.0	660	9767	cellular organisms;Eukaryota;Opisthokonta;Metazoa;Eumetazoa;Bilateria;Deuterostomia;Chordata;Craniata;Vertebrata;Gnathostomata;Teleostomi;Euteleostomi;Sarcopterygii;Dipnotetrapodomorpha;Tetrapoda;Amniota;Mammalia;Theria;Eutheria;Boreoeutheria;Laurasiatheria;Artiodactyla;Whippomorpha;Cetacea;Mysticeti;Balaenopteridae;Balaenoptera;Balaenoptera acutorostrata
sampleA_part2	MF409248	9768	89.463	503	53	0	1	503	5894	6396	1.20e-177	638	9768	cellular organisms;Eukaryota;Opisthokonta;Metazoa;Eumetazoa;Bilateria;Deuterostomia;Chordata;Craniata;Vertebrata;Gnathostomata;Teleostomi;Euteleostomi;Sarcopterygii;Dipnotetrapodomorpha;Tetrapoda;Amniota;Mammalia;Theria;Eutheria;Boreoeutheria;Laurasiatheria;Artiodactyla;Whippomorpha;Cetacea;Mysticeti;Balaenopteridae;Balaenoptera;Balaenoptera borealis
sampleA_part2	NC_007938	9769	89.921	506	51	0	1	506	5891	6396	0.0	654	9769	cellular organisms;Eukaryota;Opisthokonta;Metazoa;Eumetazoa;Bilateria;Deuterostomia;Chordata;Craniata;Vertebrata;Gnathostomata;Teleostomi;Euteleostomi;Sarcopterygii;Dipnotetrapodomorpha;Tetrapoda;Amniota;Mammalia;Theria;Eutheria;Boreoeutheria;Laurasiatheria;Artiodactyla;Whippomorpha;Cetacea;Mysticeti;Balaenopteridae;Balaenoptera;Balaenoptera edeni
sampleA_part2	KC572708	9770	89.861	503	51	0	1	503	6818	7320	0.0	649	9770	cellular organisms;Eukaryota;Opisthokonta;Metazoa;Eumetazoa;Bilateria;Deuterostomia;Chordata;Craniata;Vertebrata;Gnathostomata;Teleostomi;Euteleostomi;Sarcopterygii;Dipnotetrapodomorpha;Tetrapoda;Amniota;Mammalia;Theria;Eutheria;Boreoeutheria;Laurasiatheria;Artiodactyla;Whippomorpha;Cetacea;Mysticeti;Balaenopteridae;Balaenoptera;Balaenoptera physalus
sampleA_part2	ON675349	9771	89.328	506	54	0	1	506	6305	6810	1.20e-177	638	9771	cellular organisms;Eukaryota;Opisthokonta;Metazoa;Eumetazoa;Bilateria;Deuterostomia;Chordata;Craniata;Vertebrata;Gnathostomata;Teleostomi;Euteleostomi;Sarcopterygii;Dipnotetrapodomorpha;Tetrapoda;Amniota;Mammalia;Theria;Eutheria;Boreoeutheria;Laurasiatheria;Artiodactyla;Whippomorpha;Cetacea;Mysticeti;Balaenopteridae;Balaenoptera;Balaenoptera musculus
sampleA_part2	FJ590425	9773	90.060	503	50	0	1	503	3124	3626	0.0	654	9773	cellular organisms;Eukaryota;Opisthokonta;Metazoa;Eumetazoa;Bilateria;Deuterostomia;Chordata;Craniata;Vertebrata;Gnathostomata;Teleostomi;Euteleostomi;Sarcopterygii;Dipnotetrapodomorpha;Tetrapoda;Amniota;Mammalia;Theria;Eutheria;Boreoeutheria;Laurasiatheria;Artiodactyla;Whippomorpha;Cetacea;Mysticeti;Balaenopteridae;Megaptera;Megaptera novaeangliae
