sampleB_part1	MT251289	40151	92.308	520	40	0	6	525	5369	5888	0.0	778
sampleB_part1	MT251288	40151	92.308	520	40	0	6	525	5369	5888	0.0	778
sampleB_part1	MT251286	40151	92.308	520	40	0	6	525	5369	5888	0.0	778
sampleB_part1	MT251284	40151	92.308	520	40	0	6	525	5369	5888	0.0	778
sampleB_part1	MT251283	40151	92.308	520	40	0	6	525	5369	5888	0.0	778
sampleB_part1	MT251282	40151	92.308	520	40	0	6	525	5369	5888	0.0	778
sampleB_part1	MT251281	40151	92.308	520	40	0	6	525	5369	5888	0.0	778
sampleB_part1	MT251280	40151	92.308	520	40	0	6	525	5369	5888	0.0	778
sampleB_part1	MT251278	40151	92.308	520	40	0	6	525	5369	5888	0.0	778
sampleB_part1	MT251277	40151	92.308	520	40	0	6	525	5363	5882	0.0	778
sampleB_part1	MT251276	40151	92.308	520	40	0	6	525	5366	5885	0.0	778
sampleB_part1	MT251275	40151	92.308	520	40	0	6	525	5364	5883	0.0	778
sampleB_part1	MT251272	40151	92.308	520	40	0	6	525	5367	5886	0.0	778
sampleB_part1	MT251270	40151	92.308	520	40	0	6	525	5366	5885	0.0	778
sampleB_part1	MT251269	40151	92.308	520	40	0	6	525	5369	5888	0.0	778
sampleB_part1	MT251268	40151	92.308	520	40	0	6	525	5369	5888	0.0	778
sampleB_part1	MT251267	40151	92.308	520	40	0	6	525	5367	5886	0.0	778
sampleB_part1	MT251266	40151	92.308	520	40	0	6	525	5368	5887	0.0	778
sampleB_part1	MT251265	40151	92.308	520	40	0	6	525	5368	5887	0.0	778
sampleB_part1	MT251264	40151	92.308	520	40	0	6	525	5368	5887	0.0	778
sampleB_part1	MT251263	40151	92.308	520	40	0	6	525	5368	5887	0.0	778
sampleB_part1	MT251261	40151	92.308	520	40	0	6	525	5368	5887	0.0	778
sampleB_part1	MT251260	40151	92.308	520	40	0	6	525	5368	5887	0.0	778
sampleB_part1	MT251258	40151	92.308	520	40	0	6	525	5368	5887	0.0	778
sampleB_part1	MT251256	40151	92.308	520	40	0	6	525	5367	5886	0.0	778
sampleB_part1	MT251255	40151	92.308	520	40	0	6	525	5367	5886	0.0	778
sampleB_part1	MT251254	40151	92.308	520	40	0	6	525	5367	5886	0.0	778
sampleB_part1	MT251253	40151	92.308	520	40	0	6	525	5368	5887	0.0	778
sampleB_part1	MT251252	40151	92.308	520	40	0	6	525	5364	5883	0.0	778
sampleB_part1	MT251250	40151	92.308	520	40	0	6	525	5367	5886	0.0	778
sampleB_part1	MT251249	40151	92.308	520	40	0	6	525	5369	5888	0.0	778
sampleB_part1	MT251248	40151	92.308	520	40	0	6	525	5369	5888	0.0	778
sampleB_part1	MT251244	40151	92.308	520	40	0	6	525	5368	5887	0.0	778
sampleB_part1	MT251242	40151	92.308	520	40	0	6	525	5369	5888	0.0	778
sampleB_part1	MT251241	40151	92.308	520	40	0	6	525	5369	5888	0.0	778
sampleB_part1	MT251240	40151	92.308	520	40	0	6	525	5368	5887	0.0	778
sampleB_part1	MT251239	40151	92.308	520	40	0	6	525	5368	5887	0.0	778
sampleB_part1	MT251238	40151	92.308	520	40	0	6	525	5367	5886	0.0	778
sampleB_part1	MT251237	40151	92.308	520	40	0	6	525	5368	5887	0.0	778
sampleB_part1	MT251236	40151	92.308	520	40	0	6	525	5367	5886	0.0	778
sampleB_part1	MT251232	40151	92.308	520	40	0	6	525	5367	5886	0.0	778
sampleB_part1	MT251231	40151	92.308	520	40	0	6	525	5369	5888	0.0	778
sampleB_part1	MT251230	40151	92.308	520	40	0	6	525	5369	5888	0.0	778
sampleB_part1	MT251229	40151	92.308	520	40	0	6	525	5369	5888	0.0	778
sampleB_part1	MT251228	40151	92.308	520	40	0	6	525	5368	5887	0.0	778
sampleB_part1	MT251227	40151	92.308	520	40	0	6	525	5368	5887	0.0	778
sampleB_part1	MT251226	40151	92.308	520	40	0	6	525	5368	5887	0.0	778
sampleB_part1	MT251225	9749	92.308	520	40	0	6	525	5370	5889	0.0	778
sampleB_part1	OQ554323	9749	92.308	520	40	0	6	525	5370	5889	0.0	778
sampleB_part1	OQ554322	9749	92.308	520	40	0	6	525	5370	5889	0.0	778
sampleB_part1	OQ554319	9749	92.308	520	40	0	6	525	5370	5889	0.0	778
sampleB_part1	OQ554317	9749	92.308	520	40	0	6	525	5370	5889	0.0	778
sampleB_part1	OQ554316	9749	92.308	520	40	0	6	525	5370	5889	0.0	778
sampleB_part1	OQ554315	9749	92.308	520	40	0	6	525	5370	5889	0.0	778
sampleB_part1	OQ554314	9749	92.308	520	40	0	6	525	5370	5889	0.0	778
sampleB_part1	OQ554313	9749	92.308	520	40	0	6	525	5370	5889	0.0	778
sampleB_part1	OQ554312	9749	92.308	520	40	0	6	525	5370	5889	0.0	778
sampleB_part1	OQ554311	9749	92.308	520	40	0	6	525	5370	5889	0.0	778
sampleB_part1	OQ554310	9749	92.308	520	40	0	6	525	5370	5889	0.0	778
sampleB_part1	OQ554309	9749	92.308	520	40	0	6	525	5370	5889	0.0	778
sampleB_part1	OQ554307	9749	92.308	520	40	0	6	525	5370	5889	0.0	778
sampleB_part1	OQ554306	9749	92.308	520	40	0	6	525	5370	5889	0.0	778
sampleB_part1	OQ554305	9749	92.308	520	40	0	6	525	5370	5889	0.0	778
sampleB_part1	OQ554303	9749	92.308	520	40	0	6	525	5370	5889	0.0	778
sampleB_part1	OQ554297	9749	92.308	520	40	0	6	525	5370	5889	0.0	778
sampleB_part1	OQ554296	9749	92.308	520	40	0	6	525	5370	5889	0.0	778
sampleB_part1	OQ554294	9749	92.308	520	40	0	6	525	5370	5889	0.0	778
sampleB_part1	OQ554293	9749	92.308	520	40	0	6	525	5370	5889	0.0	778
sampleB_part1	OQ554292	9749	92.308	520	40	0	6	525	5370	5889	0.0	778
sampleB_part1	OQ554291	9749	92.308	520	40	0	6	525	5370	5889	0.0	778
sampleB_part1	OQ554289	9749	92.308	520	40	0	6	525	5370	5889	0.0	778
sampleB_part1	OQ554288	9749	92.308	520	40	0	6	525	5370	5889	0.0	778
sampleB_part1	OQ554287	9749	92.308	520	40	0	6	525	5370	5889	0.0	778
sampleB_part1	OQ554286	9749	92.308	520	40	0	6	525	5370	5889	0.0	778
sampleB_part1	OQ554284	9749	92.308	520	40	0	6	525	5370	5889	0.0	778
sampleB_part1	OQ554283	9749	92.308	520	40	0	6	525	5370	5889	0.0	778
sampleB_part1	OQ554282	9749	92.308	520	40	0	6	525	5370	5889	0.0	778
sampleB_part1	OQ554281	9749	92.308	520	40	0	6	525	5370	5889	0.0	778
sampleB_part1	OQ554280	9749	92.308	520	40	0	6	525	5370	5889	0.0	778
sampleB_part1	OQ554279	9749	92.308	520	40	0	6	525	5370	5889	0.0	778
sampleB_part1	OQ554278	9749	92.308	520	40	0	6	525	5370	5889	0.0	778
sampleB_part1	OQ554277	9749	92.308	520	40	0	6	525	5370	5889	0.0	778
sampleB_part1	OQ554276	9749	92.308	520	40	0	6	525	5370	5889	0.0	778
sampleB_part1	OQ554275	9749	92.308	520	40	0	6	525	5370	5889	0.0	778
sampleB_part1	OQ554273	9749	92.308	520	40	0	6	525	5370	5889	0.0	778
sampleB_part1	OQ554272	9749	92.308	520	40	0	6	525	5370	5889	0.0	778
sampleB_part1	OQ554271	9749	92.308	520	40	0	6	525	5370	5889	0.0	778
sampleB_part1	OQ554270	9749	92.308	520	40	0	6	525	5370	5889	0.0	778
sampleB_part1	OQ554269	9749	92.308	520	40	0	6	525	5370	5889	0.0	778
sampleB_part1	OQ554268	9749	92.308	520	40	0	6	525	5370	5889	0.0	778
sampleB_part1	OQ554267	9749	92.308	520	40	0	6	525	5370	5889	0.0	778
sampleB_part1	OQ554266	9749	92.308	520	40	0	6	525	5370	5889	0.0	778
sampleB_part1	OQ554262	9749	92.308	520	40	0	6	525	5370	5889	0.0	778
sampleB_part1	OQ554261	9749	92.308	520	40	0	6	525	5370	5889	0.0	778
sampleB_part1	OQ554259	9749	92.308	520	40	0	6	525	5370	5889	0.0	778
sampleB_part1	OQ554258	9749	92.308	520	40	0	6	525	5370	5889	0.0	778
sampleB_part1	OQ554256	9749	92.308	520	40	0	6	525	5370	5889	0.0	778
sampleB_part1	OQ554255	9749	92.308	520	40	0	6	525	5370	5889	0.0	778
sampleB_part1	OQ554254	9749	92.308	520	40	0	6	525	5370	5889	0.0	778
sampleB_part1	OQ554253	9749	92.308	520	40	0	6	525	5370	5889	0.0	778
sampleB_part1	OQ554251	9749	92.308	520	40	0	6	525	5370	5889	0.0	778
sampleB_part1	OQ554250	9749	92.308	520	40	0	6	525	5370	5889	0.0	778
sampleB_part1	OQ554249	9749	92.308	520	40	0	6	525	5370	5889	0.0	778
sampleB_part1	OQ554243	9749	92.308	520	40	0	6	525	5370	5889	0.0	778
sampleB_part1	OQ554242	9749	92.308	520	40	0	6	525	5370	5889	0.0	778
sampleB_part1	OQ554240	9749	92.308	520	40	0	6	525	5370	5889	0.0	778
sampleB_part1	OQ554238	9749	92.308	520	40	0	6	525	5370	5889	0.0	778
sampleB_part1	OQ554236	9749	92.308	520	40	0	6	525	5370	5889	0.0	778
sampleB_part1	OQ554230	9749	92.308	520	40	0	6	525	5370	5889	0.0	778
sampleB_part1	OQ554227	9749	92.308	520	40	0	6	525	5370	5889	0.0	778
sampleB_part1	OQ554226	9749	92.308	520	40	0	6	525	5370	5889	0.0	778
sampleB_part1	OQ554225	9749	92.308	520	40	0	6	525	5370	5889	0.0	778
sampleB_part1	OQ554224	9749	92.308	520	40	0	6	525	5370	5889	0.0	778
sampleB_part1	OQ554223	9749	92.308	520	40	0	6	525	5370	5889	0.0	778
sampleB_part1	OQ554222	9749	92.308	520	40	0	6	525	5370	5889	0.0	778
sampleB_part1	OQ554221	9749	92.308	520	40	0	6	525	5370	5889	0.0	778
sampleB_part1	OQ554219	9749	92.308	520	40	0	6	525	5370	5889	0.0	778
sampleB_part1	OQ554218	9749	92.308	520	40	0	6	525	5370	5889	0.0	778
sampleB_part1	OQ554211	9749	92.308	520	40	0	6	525	5370	5889	0.0	778
sampleB_part1	OQ554210	9749	92.308	520	40	0	6	525	5370	5889	0.0	778
sampleB_part1	OQ554203	9749	92.308	520	40	0	6	525	5370	5889	0.0	778
sampleB_part1	OQ554202	9749	92.308	520	40	0	6	525	5370	5889	0.0	778
sampleB_part1	OQ554198	9749	92.308	520	40	0	6	525	5370	5889	0.0	778
sampleB_part1	OQ554197	9749	92.308	520	40	0	6	525	5370	5889	0.0	778
sampleB_part1	OQ554196	9749	92.308	520	40	0	6	525	5370	5889	0.0	778
sampleB_part1	OQ554189	9749	92.308	520	40	0	6	525	5370	5889	0.0	778
sampleB_part1	OQ554188	9749	92.308	520	40	0	6	525	5370	5889	0.0	778
sampleB_part1	OQ554187	9749	92.308	520	40	0	6	525	5370	5889	0.0	778
sampleB_part1	OQ554185	9749	92.308	520	40	0	6	525	5370	5889	0.0	778
sampleB_part1	OQ554184	9749	92.308	520	40	0	6	525	5370	5889	0.0	778
sampleB_part1	OQ554182	9749	92.308	520	40	0	6	525	5370	5889	0.0	778
sampleB_part1	OQ554180	9749	92.308	520	40	0	6	525	5370	5889	0.0	778
sampleB_part1	OQ554179	9749	92.308	520	40	0	6	525	5370	5889	0.0	778
sampleB_part1	OQ554178	9749	92.308	520	40	0	6	525	5370	5889	0.0	778
sampleB_part1	OQ554177	9749	92.308	520	40	0	6	525	5370	5889	0.0	778
sampleB_part1	OQ554176	9749	92.308	520	40	0	6	525	5370	5889	0.0	778
sampleB_part1	OQ554175	9749	92.308	520	40	0	6	525	5370	5889	0.0	778
sampleB_part1	OQ554173	9749	92.308	520	40	0	6	525	5370	5889	0.0	778
sampleB_part1	OQ554163	9749	92.308	520	40	0	6	525	5370	5889	0.0	778
sampleB_part1	OQ554162	9749	92.308	520	40	0	6	525	5370	5889	0.0	778
sampleB_part1	OQ554155	9749	92.308	520	40	0	6	525	5370	5889	0.0	778
sampleB_part1	OQ554154	9749	92.308	520	40	0	6	525	5370	5889	0.0	778
sampleB_part1	OQ554153	9749	92.308	520	40	0	6	525	5370	5889	0.0	778
sampleB_part1	OQ554152	9749	92.308	520	40	0	6	525	5370	5889	0.0	778
sampleB_part1	OQ554151	9749	92.308	520	40	0	6	525	5370	5889	0.0	778
sampleB_part1	OQ554148	9749	92.308	520	40	0	6	525	5370	5889	0.0	778
sampleB_part1	OQ554147	9749	92.308	520	40	0	6	525	5370	5889	0.0	778
sampleB_part1	OQ554146	9749	92.308	520	40	0	6	525	5370	5889	0.0	778
sampleB_part1	OQ554145	9749	92.308	520	40	0	6	525	5370	5889	0.0	778
sampleB_part1	OQ554144	9749	92.308	520	40	0	6	525	5370	5889	0.0	778
sampleB_part1	OQ554143	9749	92.308	520	40	0	6	525	5370	5889	0.0	778
sampleB_part1	OQ554142	9749	92.308	520	40	0	6	525	5370	5889	0.0	778
sampleB_part1	OQ554141	9749	92.308	520	40	0	6	525	5370	5889	0.0	778
sampleB_part1	OQ554140	9749	92.308	520	40	0	6	525	5370	5889	0.0	778
sampleB_part1	OQ554139	9749	92.308	520	40	0	6	525	5370	5889	0.0	778
sampleB_part1	OQ554138	9749	92.308	520	40	0	6	525	5370	5889	0.0	778
sampleB_part1	OQ554137	9749	92.308	520	40	0	6	525	5370	5889	0.0	778
sampleB_part1	OQ554135	9749	92.308	520	40	0	6	525	5370	5889	0.0	778
sampleB_part1	OQ554134	9749	92.308	520	40	0	6	525	5370	5889	0.0	778
sampleB_part1	OQ554133	9749	92.308	520	40	0	6	525	5370	5889	0.0	778
sampleB_part1	OQ554132	9749	92.308	520	40	0	6	525	5370	5889	0.0	778
sampleB_part1	OQ554131	9749	92.308	520	40	0	6	525	5370	5889	0.0	778
sampleB_part1	OQ554130	9749	92.308	520	40	0	6	525	5370	5889	0.0	778
sampleB_part1	OQ554128	9749	92.308	520	40	0	6	525	5370	5889	0.0	778
sampleB_part1	OQ554127	9749	92.308	520	40	0	6	525	5370	5889	0.0	778
sampleB_part1	OQ554126	9749	92.308	520	40	0	6	525	5370	5889	0.0	778
sampleB_part1	OQ554125	9749	92.308	520	40	0	6	525	5370	5889	0.0	778
sampleB_part1	OQ554124	9749	92.308	520	40	0	6	525	5370	5889	0.0	778
sampleB_part1	OQ554123	9749	92.308	520	40	0	6	525	5370	5889	0.0	778
sampleB_part1	OQ554122	9749	92.308	520	40	0	6	525	5370	5889	0.0	778
sampleB_part1	OQ554121	9749	92.308	520	40	0	6	525	5370	5889	0.0	778
sampleB_part1	OQ554120	9749	92.308	520	40	0	6	525	5370	5889	0.0	778
sampleB_part1	OQ554119	9749	92.308	520	40	0	6	525	5370	5889	0.0	778
sampleB_part1	OQ554117	9749	92.308	520	40	0	6	525	5370	5889	0.0	778
sampleB_part1	OQ554116	9749	92.308	520	40	0	6	525	5370	5889	0.0	778
sampleB_part1	OQ554115	9749	92.308	520	40	0	6	525	5370	5889	0.0	778
sampleB_part1	OQ554114	9749	92.308	520	40	0	6	525	5370	5889	0.0	778
sampleB_part1	OQ554113	9749	92.308	520	40	0	6	525	5370	5889	0.0	778
sampleB_part1	OQ554112	9749	92.308	520	40	0	6	525	5370	5889	0.0	778
sampleB_part1	OQ554111	9749	92.308	520	40	0	6	525	5370	5889	0.0	778
sampleB_part1	OQ554110	9749	92.308	520	40	0	6	525	5370	5889	0.0	778
sampleB_part1	OQ554109	9749	92.308	520	40	0	6	525	5370	5889	0.0	778
sampleB_part1	OQ554108	9749	92.308	520	40	0	6	525	5370	5889	0.0	778
sampleB_part1	OQ554107	9749	92.308	520	40	0	6	525	5370	5889	0.0	778
sampleB_part1	OQ554105	9749	92.308	520	40	0	6	525	5370	5889	0.0	778
sampleB_part1	OQ554104	9749	92.308	520	40	0	6	525	5370	5889	0.0	778
sampleB_part1	OQ554103	9749	92.308	520	40	0	6	525	5370	5889	0.0	778
sampleB_part1	OQ554102	9749	92.308	520	40	0	6	525	5370	5889	0.0	778
sampleB_part1	OQ554101	9749	92.308	520	40	0	6	525	5370	5889	0.0	778
sampleB_part1	OQ554100	9749	92.308	520	40	0	6	525	5370	5889	0.0	778
sampleB_part1	OQ554096	9749	92.308	520	40	0	6	525	5370	5889	0.0	778
sampleB_part1	OQ554095	9749	92.308	520	40	0	6	525	5370	5889	0.0	778
sampleB_part1	OQ554093	9749	92.308	520	40	0	6	525	5370	5889	0.0	778
sampleB_part1	OQ554092	9749	92.308	520	40	0	6	525	5370	5889	0.0	778
sampleB_part1	OQ554091	9749	92.308	520	40	0	6	525	5370	5889	0.0	778
sampleB_part1	OQ554090	9749	92.308	520	40	0	6	525	5370	5889	0.0	778
sampleB_part1	OQ554089	9749	92.308	520	40	0	6	525	5370	5889	0.0	778
sampleB_part1	OQ554088	9749	92.308	520	40	0	6	525	5370	5889	0.0	778
sampleB_part1	OQ554087	9749	92.308	520	40	0	6	525	5370	5889	0.0	778
sampleB_part1	OQ554086	9749	92.308	520	40	0	6	525	5370	5889	0.0	778
sampleB_part1	OQ554085	9749	92.308	520	40	0	6	525	5370	5889	0.0	778
sampleB_part1	OQ554083	9749	92.308	520	40	0	6	525	5370	5889	0.0	778
sampleB_part1	OQ554082	9749	92.308	520	40	0	6	525	5370	5889	0.0	778
sampleB_part1	OQ554081	9749	92.308	520	40	0	6	525	5370	5889	0.0	778
sampleB_part1	OQ554080	9749	92.308	520	40	0	6	525	5370	5889	0.0	778
sampleB_part1	OQ554079	9749	92.308	520	40	0	6	525	5370	5889	0.0	778
sampleB_part1	OQ554078	9749	92.308	520	40	0	6	525	5370	5889	0.0	778
sampleB_part1	OQ554077	9749	92.308	520	40	0	6	525	5370	5889	0.0	778
sampleB_part1	OQ554076	9749	92.308	520	40	0	6	525	5370	5889	0.0	778
sampleB_part1	OQ554075	9749	92.308	520	40	0	6	525	5370	5889	0.0	778
sampleB_part1	OQ554074	9749	92.308	520	40	0	6	525	5370	5889	0.0	778
sampleB_part1	OQ554073	9749	92.308	520	40	0	6	525	5370	5889	0.0	778
sampleB_part1	OQ554072	9749	92.308	520	40	0	6	525	5370	5889	0.0	778
sampleB_part1	OQ554071	9749	92.308	520	40	0	6	525	5370	5889	0.0	778
sampleB_part1	OQ554069	9749	92.308	520	40	0	6	525	5370	5889	0.0	778
sampleB_part1	OQ554068	9749	92.308	520	40	0	6	525	5370	5889	0.0	778
sampleB_part1	OQ554067	9749	92.308	520	40	0	6	525	5370	5889	0.0	778
sampleB_part1	OQ554066	9749	92.308	520	40	0	6	525	5370	5889	0.0	778
sampleB_part1	OQ554065	9749	92.308	520	40	0	6	525	5370	5889	0.0	778
sampleB_part1	OQ554063	9749	92.308	520	40	0	6	525	5370	5889	0.0	778
sampleB_part1	OQ554062	9749	92.308	520	40	0	6	525	5370	5889	0.0	778
sampleB_part1	OQ554061	9749	92.308	520	40	0	6	525	5370	5889	0.0	778
sampleB_part1	OQ554060	9749	92.308	520	40	0	6	525	5370	5889	0.0	778
sampleB_part1	OQ554059	9749	92.308	520	40	0	6	525	5370	5889	0.0	778
sampleB_part1	OQ554058	9749	92.308	520	40	0	6	525	5370	5889	0.0	778
sampleB_part1	OQ554057	9749	92.308	520	40	0	6	525	5370	5889	0.0	778
sampleB_part1	OQ554056	9749	92.308	520	40	0	6	525	5370	5889	0.0	778
sampleB_part1	OQ554055	9749	92.308	520	40	0	6	525	5370	5889	0.0	778
sampleB_part1	OQ554051	9749	92.308	520	40	0	6	525	5370	5889	0.0	778
sampleB_part1	OQ554050	9749	92.308	520	40	0	6	525	5370	5889	0.0	778
sampleB_part1	OQ554047	40151	92.308	520	40	0	6	525	5369	5888	0.0	778
sampleB_part1	OQ554046	9749	92.308	520	40	0	6	525	5370	5889	0.0	778
sampleB_part1	OQ554044	40151	92.308	520	40	0	6	525	5369	5888	0.0	778
sampleB_part1	OQ554043	9749	92.308	520	40	0	6	525	5370	5889	0.0	778
sampleB_part1	OQ554042	9749	92.308	520	40	0	6	525	5370	5889	0.0	778
sampleB_part1	OQ554041	9749	92.308	520	40	0	6	525	5370	5889	0.0	778
sampleB_part1	OQ554040	9749	92.308	520	40	0	6	525	5370	5889	0.0	778
sampleB_part1	OQ554039	9749	92.308	520	40	0	6	525	5370	5889	0.0	778
sampleB_part1	OQ554038	9749	92.308	520	40	0	6	525	5370	5889	0.0	778
sampleB_part1	OQ554037	9749	92.308	520	40	0	6	525	5370	5889	0.0	778
sampleB_part1	OQ554036	9749	92.308	520	40	0	6	525	5370	5889	0.0	778
sampleB_part1	OQ554035	9749	92.308	520	40	0	6	525	5370	5889	0.0	778
sampleB_part1	OQ554032	9749	92.308	520	40	0	6	525	5370	5889	0.0	778
sampleB_part1	OQ554031	9749	92.308	520	40	0	6	525	5370	5889	0.0	778
sampleB_part1	OQ554028	9749	92.308	520	40	0	6	525	5370	5889	0.0	778
sampleB_part1	OQ554026	9749	92.308	520	40	0	6	525	5370	5889	0.0	778
sampleB_part1	OQ554025	9749	92.308	520	40	0	6	525	5370	5889	0.0	778
sampleB_part1	OQ554023	9749	92.308	520	40	0	6	525	5370	5889	0.0	778
sampleB_part1	OQ554022	9749	92.308	520	40	0	6	525	5370	5889	0.0	778
sampleB_part1	OQ554021	9749	92.308	520	40	0	6	525	5370	5889	0.0	778
sampleB_part1	OQ554019	9749	92.308	520	40	0	6	525	5370	5889	0.0	778
sampleB_part1	OQ554015	9749	92.308	520	40	0	6	525	5370	5889	0.0	778
sampleB_part1	OQ554012	9749	92.308	520	40	0	6	525	5370	5889	0.0	778
sampleB_part1	OQ554011	9749	92.308	520	40	0	6	525	5370	5889	0.0	778
sampleB_part1	OQ554010	9749	92.308	520	40	0	6	525	5370	5889	0.0	778
sampleB_part1	OQ554009	9749	92.308	520	40	0	6	525	5370	5889	0.0	778
sampleB_part1	OQ554008	9749	92.308	520	40	0	6	525	5370	5889	0.0	778
sampleB_part1	OQ554007	9749	92.308	520	40	0	6	525	5370	5889	0.0	778
sampleB_part1	OQ554005	9749	92.308	520	40	0	6	525	5370	5889	0.0	778
sampleB_part1	OQ554004	9749	92.308	520	40	0	6	525	5370	5889	0.0	778
sampleB_part1	OQ554003	9749	92.308	520	40	0	6	525	5370	5889	0.0	778
sampleB_part1	OQ554002	9749	92.308	520	40	0	6	525	5370	5889	0.0	778
sampleB_part1	OQ554001	9749	92.308	520	40	0	6	525	5370	5889	0.0	778
sampleB_part1	OQ553999	9749	92.308	520	40	0	6	525	5370	5889	0.0	778
sampleB_part1	OQ553998	9749	92.308	520	40	0	6	525	5370	5889	0.0	778
sampleB_part1	OQ553996	9749	92.308	520	40	0	6	525	5370	5889	0.0	778
sampleB_part1	OQ553994	9749	92.308	520	40	0	6	525	5370	5889	0.0	778
sampleB_part1	OQ553992	9749	92.308	520	40	0	6	525	5370	5889	0.0	778
sampleB_part1	OQ553991	9749	92.308	520	40	0	6	525	5370	5889	0.0	778
sampleB_part1	OQ553990	9749	92.308	520	40	0	6	525	5370	5889	0.0	778
sampleB_part1	OQ553989	9749	92.308	520	40	0	6	525	5370	5889	0.0	778
sampleB_part1	OQ553988	9749	92.308	520	40	0	6	525	5370	5889	0.0	778
sampleB_part1	OQ553986	9749	92.308	520	40	0	6	525	5370	5889	0.0	778
sampleB_part1	OQ553980	40151	92.308	520	40	0	6	525	5369	5888	0.0	778
sampleB_part1	OQ553977	40151	92.308	520	40	0	6	525	5369	5888	0.0	778
sampleB_part1	OQ553975	9749	92.308	520	40	0	6	525	5370	5889	0.0	778
sampleB_part1	OQ553974	9749	92.308	520	40	0	6	525	5370	5889	0.0	778
sampleB_part1	OQ553972	9749	92.308	520	40	0	6	525	5370	5889	0.0	778
sampleB_part1	OQ553968	9749	92.308	520	40	0	6	525	5370	5889	0.0	778
sampleB_part1	OQ553967	9749	92.308	520	40	0	6	525	5370	5889	0.0	778
sampleB_part1	OQ553966	9749	92.308	520	40	0	6	525	5370	5889	0.0	778
sampleB_part1	OQ553964	9749	92.308	520	40	0	6	525	5370	5889	0.0	778
sampleB_part1	OQ553962	9749	92.308	520	40	0	6	525	5370	5889	0.0	778
sampleB_part1	NC_034236	9749	92.308	520	40	0	6	525	5370	5889	0.0	778
sampleB_part1	MW183361	9749	92.308	520	40	0	6	525	5370	5889	0.0	778
sampleB_part1	MW316288	9749	92.308	520	40	0	6	525	5364	5883	0.0	778
sampleB_part1	MW316287	9749	92.308	520	40	0	6	525	5370	5889	0.0	778
sampleB_part1	MW316286	9749	92.308	520	40	0	6	525	5370	5889	0.0	778
sampleB_part1	MW316285	9749	92.308	520	40	0	6	525	5370	5889	0.0	778
sampleB_part1	MW316284	9749	92.308	520	40	0	6	525	5370	5889	0.0	778
sampleB_part1	MW316283	9749	92.308	520	40	0	6	525	5370	5889	0.0	778
sampleB_part1	MW316282	9749	92.308	520	40	0	6	525	5370	5889	0.0	778
sampleB_part1	MW316281	9749	92.308	520	40	0	6	525	5370	5889	0.0	778
sampleB_part1	MW316280	9749	92.308	520	40	0	6	525	5370	5889	0.0	778
sampleB_part1	MW316279	9749	92.308	520	40	0	6	525	5370	5889	0.0	778
sampleB_part1	MW316276	9749	92.308	520	40	0	6	525	5370	5889	0.0	778
sampleB_part1	MW316275	9749	92.308	520	40	0	6	525	5370	5889	0.0	778
sampleB_part1	MW316274	9749	92.308	520	40	0	6	525	5370	5889	0.0	778
sampleB_part1	MW316273	9749	92.308	520	40	0	6	525	5370	5889	0.0	778
sampleB_part1	MW316271	9749	92.308	520	40	0	6	525	5370	5889	0.0	778
sampleB_part1	MW316270	9749	92.308	520	40	0	6	525	5370	5889	0.0	778
sampleB_part1	MW316269	9749	92.308	520	40	0	6	525	5370	5889	0.0	778
sampleB_part1	MW316267	9749	92.308	520	40	0	6	525	5370	5889	0.0	778
sampleB_part1	MW316266	9749	92.308	520	40	0	6	525	5370	5889	0.0	778
sampleB_part1	MW316265	9749	92.308	520	40	0	6	525	5370	5889	0.0	778
sampleB_part1	MW316264	9749	92.308	520	40	0	6	525	5370	5889	0.0	778
sampleB_part1	MW316263	9749	92.308	520	40	0	6	525	5370	5889	0.0	778
sampleB_part1	MW316262	9749	92.308	520	40	0	6	525	5370	5889	0.0	778
sampleB_part1	MW316261	9749	92.308	520	40	0	6	525	5370	5889	0.0	778
sampleB_part1	MW316260	9749	92.308	520	40	0	6	525	5370	5889	0.0	778
sampleB_part1	MW316259	9749	92.308	520	40	0	6	525	5340	5859	0.0	778
sampleB_part1	MW316258	9749	92.308	520	40	0	6	525	5338	5857	0.0	778
sampleB_part1	MW316257	9749	92.308	520	40	0	6	525	5358	5877	0.0	778
sampleB_part1	MW316256	9749	92.308	520	40	0	6	525	5370	5889	0.0	778
sampleB_part1	MW316255	9749	92.308	520	40	0	6	525	5363	5882	0.0	778
sampleB_part1	MW316254	9749	92.308	520	40	0	6	525	5367	5886	0.0	778
sampleB_part1	MW316253	9749	92.308	520	40	0	6	525	5370	5889	0.0	778
sampleB_part1	MW316252	9749	92.308	520	40	0	6	525	5367	5886	0.0	778
sampleB_part1	MW316251	9749	92.308	520	40	0	6	525	5367	5886	0.0	778
sampleB_part1	MW316250	9749	92.308	520	40	0	6	525	5369	5888	0.0	778
sampleB_part1	MW316249	9749	92.308	520	40	0	6	525	5370	5889	0.0	778
sampleB_part1	MW316248	9749	92.308	520	40	0	6	525	5370	5889	0.0	778
sampleB_part1	MW316247	9749	92.308	520	40	0	6	525	5370	5889	0.0	778
sampleB_part1	MW316246	9749	92.308	520	40	0	6	525	5368	5887	0.0	778
sampleB_part1	MW316245	9749	92.308	520	40	0	6	525	5370	5889	0.0	778
sampleB_part1	MW316244	9749	92.308	520	40	0	6	525	5370	5889	0.0	778
sampleB_part1	MW316243	9749	92.308	520	40	0	6	525	5366	5885	0.0	778
sampleB_part1	MW316242	9749	92.308	520	40	0	6	525	5369	5888	0.0	778
sampleB_part1	MW316241	9749	92.308	520	40	0	6	525	5370	5889	0.0	778
sampleB_part1	MW316240	9749	92.308	520	40	0	6	525	5366	5885	0.0	778
sampleB_part1	MW316239	9749	92.308	520	40	0	6	525	5370	5889	0.0	778
sampleB_part1	MW316238	9749	92.308	520	40	0	6	525	5368	5887	0.0	778
sampleB_part1	MW316237	9749	92.308	520	40	0	6	525	5369	5888	0.0	778
sampleB_part1	MW316236	9749	92.308	520	40	0	6	525	5370	5889	0.0	778
sampleB_part1	MW316227	9749	92.308	520	40	0	6	525	5370	5889	0.0	778
sampleB_part1	MW316226	9749	92.308	520	40	0	6	525	5370	5889	0.0	778
sampleB_part1	MW316225	9749	92.308	520	40	0	6	525	5368	5887	0.0	778
sampleB_part1	MW316224	9749	92.308	520	40	0	6	525	5370	5889	0.0	778
sampleB_part1	MW316223	9749	92.308	520	40	0	6	525	5370	5889	0.0	778
sampleB_part1	MW316222	9749	92.308	520	40	0	6	525	5369	5888	0.0	778
sampleB_part1	MW316221	9749	92.308	520	40	0	6	525	5367	5886	0.0	778
sampleB_part1	MW316220	9749	92.308	520	40	0	6	525	5367	5886	0.0	778
sampleB_part1	MW316219	9749	92.308	520	40	0	6	525	5370	5889	0.0	778
sampleB_part1	MW316218	9749	92.308	520	40	0	6	525	5370	5889	0.0	778
sampleB_part1	MW316217	9749	92.308	520	40	0	6	525	5362	5881	0.0	778
sampleB_part1	MW316216	9749	92.308	520	40	0	6	525	5370	5889	0.0	778
sampleB_part1	MW316215	9749	92.308	520	40	0	6	525	5370	5889	0.0	778
sampleB_part1	MW316214	9749	92.308	520	40	0	6	525	5370	5889	0.0	778
sampleB_part1	MW316213	9749	92.308	520	40	0	6	525	5370	5889	0.0	778
sampleB_part1	MW316212	9749	92.308	520	40	0	6	525	5370	5889	0.0	778
sampleB_part1	MW316211	9749	92.308	520	40	0	6	525	5367	5886	0.0	778
sampleB_part1	MW316210	9749	92.308	520	40	0	6	525	5370	5889	0.0	778
sampleB_part1	MW316209	9749	92.308	520	40	0	6	525	5370	5889	0.0	778
sampleB_part1	MW316208	9749	92.308	520	40	0	6	525	5369	5888	0.0	778
sampleB_part1	MW316207	9749	92.308	520	40	0	6	525	5369	5888	0.0	778
sampleB_part1	MW316206	9749	92.308	520	40	0	6	525	5370	5889	0.0	778
sampleB_part1	MW316205	9749	92.308	520	40	0	6	525	5370	5889	0.0	778
sampleB_part1	MW316204	9749	92.308	520	40	0	6	525	5370	5889	0.0	778
sampleB_part1	MW316203	9749	92.308	520	40	0	6	525	5370	5889	0.0	778
sampleB_part1	MW316202	9749	92.308	520	40	0	6	525	5370	5889	0.0	778
sampleB_part1	MW316201	9749	92.308	520	40	0	6	525	5370	5889	0.0	778
sampleB_part1	MW316200	9749	92.308	520	40	0	6	525	5370	5889	0.0	778
sampleB_part1	MW316199	9749	92.308	520	40	0	6	525	5370	5889	0.0	778
sampleB_part1	MW316198	9749	92.308	520	40	0	6	525	5370	5889	0.0	778
sampleB_part1	MW316197	9749	92.308	520	40	0	6	525	5370	5889	0.0	778
sampleB_part1	MW316196	9749	92.308	520	40	0	6	525	5370	5889	0.0	778
sampleB_part1	MW316195	9749	92.308	520	40	0	6	525	5370	5889	0.0	778
sampleB_part1	MW316194	9749	92.308	520	40	0	6	525	5370	5889	0.0	778
sampleB_part1	MW316193	9749	92.308	520	40	0	6	525	5370	5889	0.0	778
sampleB_part1	MW316192	9749	92.308	520	40	0	6	525	5370	5889	0.0	778
sampleB_part1	MW316191	9749	92.308	520	40	0	6	525	5370	5889	0.0	778
sampleB_part1	MW316190	9749	92.308	520	40	0	6	525	5370	5889	0.0	778
sampleB_part1	MW316180	9749	92.308	520	40	0	6	525	5370	5889	0.0	778
sampleB_part1	MW316178	9749	92.308	520	40	0	6	525	5370	5889	0.0	778
sampleB_part1	MW316177	9749	92.308	520	40	0	6	525	5370	5889	0.0	778
sampleB_part1	MW316173	9749	92.308	520	40	0	6	525	5370	5889	0.0	778
sampleB_part1	MW316172	9749	92.308	520	40	0	6	525	5370	5889	0.0	778
sampleB_part1	MW316171	9749	92.308	520	40	0	6	525	5370	5889	0.0	778
sampleB_part1	MW316170	9749	92.308	520	40	0	6	525	5370	5889	0.0	778
sampleB_part1	MW316169	9749	92.308	520	40	0	6	525	5368	5887	0.0	778
sampleB_part1	MW316168	9749	92.308	520	40	0	6	525	5370	5889	0.0	778
sampleB_part1	MW316167	9749	92.308	520	40	0	6	525	5370	5889	0.0	778
sampleB_part1	MW316166	9749	92.308	520	40	0	6	525	5370	5889	0.0	778
sampleB_part1	MW316165	9749	92.308	520	40	0	6	525	5370	5889	0.0	778
sampleB_part1	MW316164	9749	92.308	520	40	0	6	525	5370	5889	0.0	778
sampleB_part1	MW316157	9749	92.308	520	40	0	6	525	5370	5889	0.0	778
sampleB_part1	MW316156	9749	92.308	520	40	0	6	525	5370	5889	0.0	778
sampleB_part1	MW316154	9749	92.308	520	40	0	6	525	5368	5887	0.0	778
sampleB_part1	MW316153	9749	92.308	520	40	0	6	525	5370	5889	0.0	778
sampleB_part1	MW316152	9749	92.308	520	40	0	6	525	5370	5889	0.0	778
sampleB_part1	MW316151	9749	92.308	520	40	0	6	525	5369	5888	0.0	778
sampleB_part1	MW316150	9749	92.308	520	40	0	6	525	5370	5889	0.0	778
sampleB_part1	MW316149	9749	92.308	520	40	0	6	525	5370	5889	0.0	778
sampleB_part1	MW316148	9749	92.308	520	40	0	6	525	5367	5886	0.0	778
sampleB_part1	MW316147	9749	92.308	520	40	0	6	525	5370	5889	0.0	778
sampleB_part1	MW316146	9749	92.308	520	40	0	6	525	5370	5889	0.0	778
sampleB_part1	MW316145	9749	92.308	520	40	0	6	525	5370	5889	0.0	778
sampleB_part1	MW316143	9749	92.308	520	40	0	6	525	5370	5889	0.0	778
sampleB_part1	MW316142	9749	92.308	520	40	0	6	525	5370	5889	0.0	778
sampleB_part1	MW316141	9749	92.308	520	40	0	6	525	5370	5889	0.0	778
sampleB_part1	MW316140	9749	92.308	520	40	0	6	525	5368	5887	0.0	778
sampleB_part1	MW316139	9749	92.308	520	40	0	6	525	5370	5889	0.0	778
sampleB_part1	MW316138	9749	92.308	520	40	0	6	525	5370	5889	0.0	778
sampleB_part1	MW316137	9749	92.308	520	40	0	6	525	5370	5889	0.0	778
sampleB_part1	MW316136	9749	92.308	520	40	0	6	525	5370	5889	0.0	778
sampleB_part1	MW316135	9749	92.308	520	40	0	6	525	5370	5889	0.0	778
sampleB_part1	MW316134	9749	92.308	520	40	0	6	525	5370	5889	0.0	778
sampleB_part1	MW316132	9749	92.308	520	40	0	6	525	5370	5889	0.0	778
sampleB_part1	MW316131	9749	92.308	520	40	0	6	525	5370	5889	0.0	778
sampleB_part1	MW316130	9749	92.308	520	40	0	6	525	5370	5889	0.0	778
sampleB_part1	MW316129	9749	92.308	520	40	0	6	525	5370	5889	0.0	778
sampleB_part1	MW316128	9749	92.308	520	40	0	6	525	5370	5889	0.0	778
sampleB_part1	MW316127	9749	92.308	520	40	0	6	525	5370	5889	0.0	778
sampleB_part1	MW316126	9749	92.308	520	40	0	6	525	5370	5889	0.0	778
sampleB_part1	MW316125	9749	92.308	520	40	0	6	525	5369	5888	0.0	778
sampleB_part1	MW316124	9749	92.308	520	40	0	6	525	5370	5889	0.0	778
sampleB_part1	MW316123	9749	92.308	520	40	0	6	525	5370	5889	0.0	778
sampleB_part1	MW316122	9749	92.308	520	40	0	6	525	5370	5889	0.0	778
sampleB_part1	MW316120	9749	92.308	520	40	0	6	525	5368	5887	0.0	778
sampleB_part1	MW316119	9749	92.308	520	40	0	6	525	5370	5889	0.0	778
sampleB_part1	MW316118	9749	92.308	520	40	0	6	525	5370	5889	0.0	778
sampleB_part1	MW316117	9749	92.308	520	40	0	6	525	5370	5889	0.0	778
sampleB_part1	MW316116	9749	92.308	520	40	0	6	525	5370	5889	0.0	778
sampleB_part1	MW316115	9749	92.308	520	40	0	6	525	5370	5889	0.0	778
sampleB_part1	MW316114	9749	92.308	520	40	0	6	525	5370	5889	0.0	778
sampleB_part1	MW316113	9749	92.308	520	40	0	6	525	5370	5889	0.0	778
sampleB_part1	MW316112	9749	92.308	520	40	0	6	525	5370	5889	0.0	778
sampleB_part1	MW316111	9749	92.308	520	40	0	6	525	5370	5889	0.0	778
sampleB_part1	MW316110	9749	92.308	520	40	0	6	525	5370	5889	0.0	778
sampleB_part1	MW316109	9749	92.308	520	40	0	6	525	5370	5889	0.0	778
sampleB_part1	MW316108	9749	92.308	520	40	0	6	525	5370	5889	0.0	778
sampleB_part1	MW316107	9749	92.308	520	40	0	6	525	5370	5889	0.0	778
sampleB_part1	MW316106	9749	92.308	520	40	0	6	525	5370	5889	0.0	778
sampleB_part1	MW316105	9749	92.308	520	40	0	6	525	5370	5889	0.0	778
sampleB_part1	MW316104	9749	92.308	520	40	0	6	525	5366	5885	0.0	778
sampleB_part1	MW316103	9749	92.308	520	40	0	6	525	5370	5889	0.0	778
sampleB_part1	MW316101	9749	92.308	520	40	0	6	525	5370	5889	0.0	778
sampleB_part1	MW316100	9749	92.308	520	40	0	6	525	5368	5887	0.0	778
sampleB_part1	MW316099	9749	92.308	520	40	0	6	525	5370	5889	0.0	778
sampleB_part1	MW316098	9749	92.308	520	40	0	6	525	5370	5889	0.0	778
sampleB_part1	MW316097	9749	92.308	520	40	0	6	525	5370	5889	0.0	778
sampleB_part1	MW316096	9749	92.308	520	40	0	6	525	5370	5889	0.0	778
sampleB_part1	MW316095	9749	92.308	520	40	0	6	525	5370	5889	0.0	778
sampleB_part1	MW316094	9749	92.308	520	40	0	6	525	5370	5889	0.0	778
sampleB_part1	MW316092	9749	92.308	520	40	0	6	525	5370	5889	0.0	778
sampleB_part1	MW316091	9749	92.308	520	40	0	6	525	5366	5885	0.0	778
sampleB_part1	MW316090	9749	92.308	520	40	0	6	525	5370	5889	0.0	778
sampleB_part1	MW316089	9749	92.308	520	40	0	6	525	5368	5887	0.0	778
sampleB_part1	MW316088	9749	92.308	520	40	0	6	525	5367	5886	0.0	778
sampleB_part1	MW316087	9749	92.308	520	40	0	6	525	5370	5889	0.0	778
sampleB_part1	MW316086	9749	92.308	520	40	0	6	525	5365	5884	0.0	778
sampleB_part1	MW316085	9749	92.308	520	40	0	6	525	5370	5889	0.0	778
sampleB_part1	NC_005279	40151	92.308	520	40	0	6	525	5369	5888	0.0	778
sampleB_part1	MT251287	40151	92.115	520	41	0	6	525	5369	5888	0.0	773
sampleB_part1	MT251285	40151	92.115	520	41	0	6	525	5369	5888	0.0	773
sampleB_part1	MT251274	40151	92.115	520	41	0	6	525	5367	5886	0.0	773
sampleB_part1	MT251273	40151	92.115	520	41	0	6	525	5367	5886	0.0	773
sampleB_part1	MT251271	40151	92.115	520	41	0	6	525	5369	5888	0.0	773
sampleB_part1	MT251262	40151	92.115	520	41	0	6	525	5367	5886	0.0	773
sampleB_part1	MT251259	40151	92.115	520	41	0	6	525	5369	5888	0.0	773
sampleB_part1	MT251257	40151	92.115	520	41	0	6	525	5367	5886	0.0	773
sampleB_part1	MT251251	40151	92.115	520	41	0	6	525	5367	5886	0.0	773
sampleB_part1	MT251247	40151	92.115	520	41	0	6	525	5369	5888	0.0	773
sampleB_part1	MT251246	40151	92.115	520	41	0	6	525	5368	5887	0.0	773
sampleB_part1	MT251245	40151	92.115	520	41	0	6	525	5368	5887	0.0	773
sampleB_part1	MT251243	40151	92.115	520	41	0	6	525	5368	5887	0.0	773
sampleB_part1	MT251235	40151	92.115	520	41	0	6	525	5366	5885	0.0	773
sampleB_part1	MT251234	40151	92.115	520	41	0	6	525	5368	5887	0.0	773
sampleB_part1	OQ554165	9749	92.115	520	41	0	6	525	5370	5889	0.0	773
sampleB_part1	OQ554053	9749	92.115	520	41	0	6	525	5370	5889	0.0	773
sampleB_part1	OQ554020	9749	92.115	520	41	0	6	525	5370	5889	0.0	773
sampleB_part1	KY888944	9749	92.115	520	41	0	6	525	5370	5889	0.0	773
sampleB_part1	MW316278	9749	92.115	520	41	0	6	525	5370	5889	0.0	773
sampleB_part1	MW316235	9749	92.115	520	41	0	6	525	5370	5889	0.0	773
sampleB_part1	MW316234	9749	92.115	520	41	0	6	525	5370	5889	0.0	773
sampleB_part1	MW316233	9749	92.115	520	41	0	6	525	5368	5887	0.0	773
sampleB_part1	MW316232	9749	92.115	520	41	0	6	525	5370	5889	0.0	773
sampleB_part1	MW316231	9749	92.115	520	41	0	6	525	5370	5889	0.0	773
sampleB_part1	MW316230	9749	92.115	520	41	0	6	525	5370	5889	0.0	773
sampleB_part1	MW316229	9749	92.115	520	41	0	6	525	5370	5889	0.0	773
sampleB_part1	MW316228	9749	92.115	520	41	0	6	525	5370	5889	0.0	773
sampleB_part1	MW316176	9749	92.115	520	41	0	6	525	5370	5889	0.0	773
sampleB_part1	MW316144	9749	92.115	520	41	0	6	525	5370	5889	0.0	773
sampleB_part1	MW316133	9749	92.115	520	41	0	6	525	5370	5889	0.0	773
sampleB_part1	MW316121	9749	92.115	520	41	0	6	525	5370	5889	0.0	773
sampleB_part1	MW316093	9749	92.115	520	41	0	6	525	5370	5889	0.0	773
sampleB_part1	OQ554150	9749	91.923	520	42	0	6	525	5370	5889	0.0	771
sampleB_part1	MT251279	40151	91.923	520	42	0	6	525	5369	5888	0.0	767
sampleB_part1	MT251233	40151	91.923	520	42	0	6	525	5369	5888	0.0	767
sampleB_part1	OQ554052	9749	91.923	520	42	0	6	525	5370	5889	0.0	767
sampleB_part1	OQ554048	40151	91.923	520	42	0	6	525	5369	5888	0.0	767
sampleB_part1	EU496288	9749	92.172	511	40	0	15	525	1	511	0.0	761
sampleB_part1	OQ554298	9749	91.538	520	44	0	6	525	5370	5889	0.0	756
sampleB_part1	OQ554285	9749	91.538	520	44	0	6	525	5370	5889	0.0	756
sampleB_part1	OQ554264	9749	91.538	520	44	0	6	525	5370	5889	0.0	756
sampleB_part1	OQ554263	9749	91.538	520	44	0	6	525	5370	5889	0.0	756
sampleB_part1	OQ554252	9749	91.538	520	44	0	6	525	5370	5889	0.0	756
sampleB_part1	OQ554245	9749	91.538	520	44	0	6	525	5370	5889	0.0	756
sampleB_part1	OQ554244	9749	91.538	520	44	0	6	525	5370	5889	0.0	756
sampleB_part1	OQ554237	9749	91.538	520	44	0	6	525	5370	5889	0.0	756
