sampleA_part3	OP205203	302098	93.352	361	24	0	141	501	6551	6911	7.02e-160	579
sampleA_part3	OP205203	302098	100.000	34	0	0	1	34	6411	6444	8.75e-05	63.9
sampleA_part3	OP205201	302098	93.352	361	24	0	141	501	6551	6911	7.02e-160	579
sampleA_part3	OP205201	302098	100.000	34	0	0	1	34	6411	6444	8.75e-05	63.9
sampleA_part3	OP205200	302098	93.352	361	24	0	141	501	6551	6911	7.02e-160	579
sampleA_part3	OP205200	302098	100.000	34	0	0	1	34	6411	6444	8.75e-05	63.9
sampleA_part3	OP205199	302098	93.352	361	24	0	141	501	6551	6911	7.02e-160	579
sampleA_part3	OP205199	302098	100.000	34	0	0	1	34	6411	6444	8.75e-05	63.9
sampleA_part3	OP205193	302098	93.352	361	24	0	141	501	6551	6911	7.02e-160	579
sampleA_part3	OP205193	302098	100.000	34	0	0	1	34	6411	6444	8.75e-05	63.9
sampleA_part3	OP205192	302098	93.352	361	24	0	141	501	6551	6911	7.02e-160	579
sampleA_part3	OP205192	302098	100.000	34	0	0	1	34	6411	6444	8.75e-05	63.9
sampleA_part3	NC_006931	302098	93.352	361	24	0	141	501	6551	6911	7.02e-160	579
sampleA_part3	NC_006931	302098	100.000	34	0	0	1	34	6411	6444	8.75e-05	63.9
sampleA_part3	OP205215	302098	93.075	361	25	0	141	501	6551	6911	9.09e-159	575
sampleA_part3	OP205215	302098	100.000	34	0	0	1	34	6411	6444	8.75e-05	63.9
sampleA_part3	OP205207	302098	93.075	361	25	0	141	501	6551	6911	9.09e-159	575
sampleA_part3	OP205207	302098	100.000	34	0	0	1	34	6411	6444	8.75e-05	63.9
sampleA_part3	OP205204	302098	93.075	361	25	0	141	501	6551	6911	9.09e-159	575
sampleA_part3	OP205204	302098	100.000	34	0	0	1	34	6411	6444	8.75e-05	63.9
sampleA_part3	OP205194	302098	93.075	361	25	0	141	501	6551	6911	9.09e-159	575
sampleA_part3	OP205194	302098	100.000	34	0	0	1	34	6411	6444	8.75e-05	63.9
sampleA_part3	NC_037444	27606	93.075	361	25	0	141	501	6550	6910	3.27e-158	573
sampleA_part3	NC_037444	27606	100.000	34	0	0	1	34	6410	6443	8.75e-05	63.9
sampleA_part3	MF459656	27606	93.075	361	25	0	141	501	6551	6911	3.27e-158	573
sampleA_part3	MF459656	27606	100.000	34	0	0	1	34	6411	6444	8.75e-05	63.9
sampleA_part3	OP205202	302098	93.075	361	25	0	141	501	6551	6911	3.27e-158	573
sampleA_part3	OP205202	302098	100.000	34	0	0	1	34	6411	6444	8.75e-05	63.9
sampleA_part3	OP205191	27606	93.075	361	25	0	141	501	6551	6911	3.27e-158	573
sampleA_part3	OP205191	27606	100.000	34	0	0	1	34	6411	6444	8.75e-05	63.9
sampleA_part3	OP205187	27606	93.075	361	25	0	141	501	6551	6911	3.27e-158	573
sampleA_part3	OP205187	27606	100.000	34	0	0	1	34	6411	6444	8.75e-05	63.9
sampleA_part3	OP205186	27606	93.075	361	25	0	141	501	6551	6911	3.27e-158	573
sampleA_part3	OP205186	27606	100.000	34	0	0	1	34	6411	6444	8.75e-05	63.9
sampleA_part3	OP205184	27606	93.075	361	25	0	141	501	6551	6911	3.27e-158	573
sampleA_part3	OP205184	27606	100.000	34	0	0	1	34	6411	6444	8.75e-05	63.9
sampleA_part3	OP205181	27606	93.075	361	25	0	141	501	6551	6911	3.27e-158	573
sampleA_part3	OP205181	27606	100.000	34	0	0	1	34	6411	6444	8.75e-05	63.9
sampleA_part3	OP205177	160595	93.075	361	25	0	141	501	6550	6910	3.27e-158	573
sampleA_part3	OP205177	160595	100.000	34	0	0	1	34	6410	6443	8.75e-05	63.9
sampleA_part3	OP205173	160595	93.075	361	25	0	141	501	6550	6910	3.27e-158	573
sampleA_part3	OP205173	160595	100.000	34	0	0	1	34	6410	6443	8.75e-05	63.9
sampleA_part3	OP205170	160595	93.075	361	25	0	141	501	6550	6910	3.27e-158	573
sampleA_part3	OP205170	160595	100.000	34	0	0	1	34	6410	6443	8.75e-05	63.9
sampleA_part3	OP205167	160595	93.075	361	25	0	141	501	6550	6910	3.27e-158	573
sampleA_part3	OP205167	160595	100.000	34	0	0	1	34	6410	6443	8.75e-05	63.9
sampleA_part3	DQ095156	160595	93.075	361	25	0	141	501	1191	1551	3.27e-158	573
sampleA_part3	DQ095156	160595	100.000	34	0	0	1	34	1051	1084	8.75e-05	63.9
sampleA_part3	DQ095155	160595	93.075	361	25	0	141	501	1191	1551	3.27e-158	573
sampleA_part3	DQ095155	160595	100.000	34	0	0	1	34	1051	1084	8.75e-05	63.9
sampleA_part3	DQ095154	27606	93.075	361	25	0	141	501	1191	1551	3.27e-158	573
sampleA_part3	DQ095154	27606	100.000	34	0	0	1	34	1051	1084	8.75e-05	63.9
sampleA_part3	NC_006930	160595	93.075	361	25	0	141	501	6549	6909	3.27e-158	573
sampleA_part3	NC_006930	160595	100.000	34	0	0	1	34	6409	6442	8.75e-05	63.9
sampleA_part3	OP205212	302098	92.798	361	26	0	141	501	6551	6911	4.23e-157	569
sampleA_part3	OP205212	302098	100.000	34	0	0	1	34	6411	6444	8.75e-05	63.9
sampleA_part3	OP205211	302098	92.798	361	26	0	141	501	6551	6911	4.23e-157	569
sampleA_part3	OP205211	302098	100.000	34	0	0	1	34	6411	6444	8.75e-05	63.9
sampleA_part3	OP205206	302098	92.798	361	26	0	141	501	6551	6911	4.23e-157	569
sampleA_part3	OP205206	302098	100.000	34	0	0	1	34	6411	6444	8.75e-05	63.9
sampleA_part3	OP205190	27606	92.798	361	26	0	141	501	6551	6911	4.23e-157	569
sampleA_part3	OP205190	27606	100.000	34	0	0	1	34	6411	6444	8.75e-05	63.9
sampleA_part3	OP205189	27606	92.798	361	26	0	141	501	6551	6911	4.23e-157	569
sampleA_part3	OP205189	27606	100.000	34	0	0	1	34	6411	6444	8.75e-05	63.9
sampleA_part3	OP205188	27606	92.798	361	26	0	141	501	6551	6911	4.23e-157	569
sampleA_part3	OP205188	27606	100.000	34	0	0	1	34	6411	6444	8.75e-05	63.9
sampleA_part3	OP205185	27606	92.798	361	26	0	141	501	6551	6911	4.23e-157	569
sampleA_part3	OP205185	27606	100.000	34	0	0	1	34	6411	6444	8.75e-05	63.9
sampleA_part3	OP205183	27606	92.798	361	26	0	141	501	6551	6911	4.23e-157	569
sampleA_part3	OP205183	27606	100.000	34	0	0	1	34	6411	6444	8.75e-05	63.9
sampleA_part3	OP205176	160595	92.798	361	26	0	141	501	6550	6910	4.23e-157	569
sampleA_part3	OP205176	160595	100.000	34	0	0	1	34	6410	6443	8.75e-05	63.9
sampleA_part3	OP205175	160595	92.798	361	26	0	141	501	6550	6910	4.23e-157	569
sampleA_part3	OP205175	160595	100.000	34	0	0	1	34	6410	6443	8.75e-05	63.9
sampleA_part3	OP205174	160595	92.798	361	26	0	141	501	6550	6910	4.23e-157	569
sampleA_part3	OP205174	160595	100.000	34	0	0	1	34	6410	6443	8.75e-05	63.9
sampleA_part3	OP205169	160595	92.798	361	26	0	141	501	6550	6910	4.23e-157	569
sampleA_part3	OP205169	160595	100.000	34	0	0	1	34	6410	6443	8.75e-05	63.9
sampleA_part3	OP205168	160595	92.798	361	26	0	141	501	6550	6910	4.23e-157	569
sampleA_part3	OP205168	160595	100.000	34	0	0	1	34	6410	6443	8.75e-05	63.9
sampleA_part3	OP205166	160595	92.798	361	26	0	141	501	6550	6910	4.23e-157	569
sampleA_part3	OP205166	160595	100.000	34	0	0	1	34	6410	6443	8.75e-05	63.9
sampleA_part3	OP205210	302098	92.798	361	26	0	141	501	6550	6910	1.52e-156	568
sampleA_part3	OP205210	302098	100.000	34	0	0	1	34	6410	6443	8.75e-05	63.9
sampleA_part3	OP205195	302098	92.798	361	26	0	141	501	6550	6910	1.52e-156	568
sampleA_part3	OP205218	302098	92.521	361	27	0	141	501	6550	6910	1.97e-155	564
sampleA_part3	OP205218	302098	100.000	34	0	0	1	34	6410	6443	8.75e-05	63.9
sampleA_part3	OP205217	302098	92.521	361	27	0	141	501	6550	6910	1.97e-155	564
sampleA_part3	OP205213	302098	92.521	361	27	0	141	501	6550	6910	1.97e-155	564
sampleA_part3	OP205213	302098	100.000	34	0	0	1	34	6410	6443	8.75e-05	63.9
sampleA_part3	OP205205	302098	92.521	361	27	0	141	501	6550	6910	1.97e-155	564
sampleA_part3	OP205205	302098	100.000	34	0	0	1	34	6410	6443	8.75e-05	63.9
sampleA_part3	OP205198	302098	92.521	361	27	0	141	501	6550	6910	1.97e-155	564
sampleA_part3	OP205198	302098	100.000	34	0	0	1	34	6410	6443	8.75e-05	63.9
sampleA_part3	OP205197	302098	92.521	361	27	0	141	501	6550	6910	1.97e-155	564
sampleA_part3	OP205197	302098	100.000	34	0	0	1	34	6410	6443	8.75e-05	63.9
sampleA_part3	OP205196	302098	92.521	361	27	0	141	501	6550	6910	1.97e-155	564
sampleA_part3	OP205178	160595	92.521	361	27	0	141	501	6550	6910	1.97e-155	564
sampleA_part3	OP205178	160595	100.000	34	0	0	1	34	6410	6443	8.75e-05	63.9
sampleA_part3	OP205172	160595	92.521	361	27	0	141	501	6550	6910	1.97e-155	564
sampleA_part3	OP205172	160595	100.000	34	0	0	1	34	6410	6443	8.75e-05	63.9
sampleA_part3	MN124685	27602	89.779	362	35	2	141	501	6555	6915	3.36e-138	507
sampleA_part3	MN159085	27602	89.503	362	36	2	141	501	6556	6916	1.56e-136	501
sampleA_part3	MN159084	27602	89.503	362	36	2	141	501	6555	6915	1.56e-136	501
sampleA_part3	MN159083	27602	89.503	362	36	2	141	501	6555	6915	1.56e-136	501
sampleA_part3	MN159082	27602	89.503	362	36	2	141	501	6555	6915	1.56e-136	501
sampleA_part3	MN159081	27602	89.503	362	36	2	141	501	6555	6915	1.56e-136	501
sampleA_part3	MN159080	27602	89.503	362	36	2	141	501	6555	6915	1.56e-136	501
sampleA_part3	MN145939	27602	89.503	362	36	2	141	501	6555	6915	1.56e-136	501
sampleA_part3	MN145938	27602	89.503	362	36	2	141	501	6555	6915	1.56e-136	501
sampleA_part3	MN145937	27602	89.503	362	36	2	141	501	6555	6915	1.56e-136	501
sampleA_part3	MH198022	27602	89.503	362	36	2	141	501	6548	6908	1.56e-136	501
sampleA_part3	KY026773	27602	89.503	362	36	2	141	501	6555	6915	1.56e-136	501
sampleA_part3	KY026772	27602	89.503	362	36	2	141	501	6555	6915	1.56e-136	501
sampleA_part3	KY026771	27602	89.503	362	36	2	141	501	6556	6916	1.56e-136	501
sampleA_part3	KY026770	27602	89.503	362	36	2	141	501	6556	6916	1.56e-136	501
sampleA_part3	KY026769	27602	89.503	362	36	2	141	501	6556	6916	1.56e-136	501
sampleA_part3	KY026768	27602	89.503	362	36	2	141	501	6556	6916	1.56e-136	501
sampleA_part3	KY026767	27602	89.503	362	36	2	141	501	6556	6916	1.56e-136	501
sampleA_part3	KY026766	27602	89.503	362	36	2	141	501	6556	6916	1.56e-136	501
sampleA_part3	MZ618259	27602	89.503	362	36	2	141	501	6976	7336	1.56e-136	501
sampleA_part3	MZ618258	27602	89.503	362	36	2	141	501	6976	7336	1.56e-136	501
sampleA_part3	MZ618257	27602	89.503	362	36	2	141	501	6975	7335	1.56e-136	501
sampleA_part3	MZ618256	27602	89.503	362	36	2	141	501	6976	7336	1.56e-136	501
sampleA_part3	MZ618255	27602	89.503	362	36	2	141	501	6975	7335	1.56e-136	501
sampleA_part3	MZ618254	27602	89.503	362	36	2	141	501	6975	7335	1.56e-136	501
sampleA_part3	MZ618253	27602	89.503	362	36	2	141	501	6975	7335	1.56e-136	501
sampleA_part3	MZ618252	27602	89.503	362	36	2	141	501	6975	7335	1.56e-136	501
sampleA_part3	MZ618251	27602	89.503	362	36	2	141	501	6975	7335	1.56e-136	501
sampleA_part3	MZ618250	27602	89.503	362	36	2	141	501	6975	7335	1.56e-136	501
sampleA_part3	MZ618249	27602	89.503	362	36	2	141	501	6975	7335	1.56e-136	501
sampleA_part3	MZ618248	27602	89.503	362	36	2	141	501	6975	7335	1.56e-136	501
sampleA_part3	MZ618247	27602	89.503	362	36	2	141	501	6975	7335	1.56e-136	501
sampleA_part3	MZ618246	27602	89.503	362	36	2	141	501	6975	7335	1.56e-136	501
sampleA_part3	MZ618245	27602	89.503	362	36	2	141	501	6975	7335	1.56e-136	501
sampleA_part3	MZ618244	27602	89.503	362	36	2	141	501	6975	7335	1.56e-136	501
sampleA_part3	MZ618243	27602	89.503	362	36	2	141	501	6975	7335	1.56e-136	501
sampleA_part3	MT649196	27602	89.503	362	36	2	141	501	6556	6916	1.56e-136	501
sampleA_part3	MT649195	27602	89.503	362	36	2	141	501	6556	6916	1.56e-136	501
sampleA_part3	MT649194	27602	89.503	362	36	2	141	501	6555	6915	1.56e-136	501
sampleA_part3	MT649193	27602	89.503	362	36	2	141	501	6555	6915	1.56e-136	501
sampleA_part3	MT649191	27602	89.503	362	36	2	141	501	6555	6915	1.56e-136	501
sampleA_part3	MT649190	27602	89.503	362	36	2	141	501	6555	6915	1.56e-136	501
sampleA_part3	MT649189	27602	89.503	362	36	2	141	501	6555	6915	1.56e-136	501
sampleA_part3	MT649188	27602	89.503	362	36	2	141	501	6555	6915	1.56e-136	501
sampleA_part3	MT649187	27602	89.503	362	36	2	141	501	6555	6915	1.56e-136	501
sampleA_part3	MT649186	27602	89.503	362	36	2	141	501	6555	6915	1.56e-136	501
sampleA_part3	MT649185	27602	89.503	362	36	2	141	501	6556	6916	1.56e-136	501
sampleA_part3	AP006472	27602	89.503	362	36	2	141	501	6555	6915	1.56e-136	501
sampleA_part3	NC_005268	27602	89.503	362	36	2	141	501	6557	6917	1.56e-136	501
sampleA_part3	MZ618260	27602	89.227	362	37	2	141	501	6976	7336	7.28e-135	496
sampleA_part3	MT649192	27602	89.227	362	37	2	141	501	6555	6915	7.28e-135	496
sampleA_part3	MF409245	9764	85.556	360	52	0	142	501	6562	6921	1.25e-112	422
sampleA_part3	NC_005270	9764	85.556	360	52	0	142	501	6562	6921	1.25e-112	422
sampleA_part3	MF409244	9764	85.278	360	53	0	142	501	6563	6922	5.83e-111	416
sampleA_part3	AP006471	9764	85.278	360	53	0	142	501	6563	6922	5.83e-111	416
sampleA_part3	MT874478	255365	85.000	360	54	0	142	501	6341	6700	2.71e-109	411
sampleA_part3	AB201259	255365	85.000	360	54	0	142	501	6559	6918	2.71e-109	411
sampleA_part3	NC_006928	255365	85.000	360	54	0	142	501	6558	6917	2.71e-109	411
sampleA_part3	NC_006926	33556	84.765	361	55	0	141	501	6560	6920	3.51e-108	407
sampleA_part3	OZ239556	9768	84.488	361	56	0	141	501	6558	6918	1.63e-106	401
sampleA_part3	MF409249	9768	84.488	361	56	0	141	501	6559	6919	1.63e-106	401
sampleA_part3	MF409248	9768	84.488	361	56	0	141	501	6559	6919	1.63e-106	401
sampleA_part3	NC_006929	9768	84.488	361	56	0	141	501	6558	6918	1.63e-106	401
sampleA_part3	PQ997938	2746895	84.167	360	57	0	142	501	6558	6917	2.73e-104	394
sampleA_part3	NC_007938	9769	84.167	360	57	0	142	501	6557	6916	2.73e-104	394
sampleA_part3	MH198021	27602	95.142	247	10	2	256	501	6587	6832	9.82e-104	392
sampleA_part3	AP006475	27604	83.989	356	57	0	146	501	6555	6910	4.57e-102	387
sampleA_part3	NC_005269	27604	83.989	356	57	0	146	501	6555	6910	4.57e-102	387
sampleA_part3	KC776693	27616	83.380	361	60	0	141	501	6554	6914	7.65e-100	379
sampleA_part3	NC_021434	27616	83.380	361	60	0	141	501	6554	6914	7.65e-100	379
sampleA_part3	KF032875	48708	83.380	361	60	0	141	501	6556	6916	7.65e-100	379
sampleA_part3	KF032873	48708	83.380	361	60	0	141	501	6556	6916	7.65e-100	379
sampleA_part3	ON675289	9771	83.333	360	60	0	142	501	6971	7330	2.75e-99	377
sampleA_part3	NC_005274	48742	83.333	360	60	0	142	501	6551	6910	2.75e-99	377
sampleA_part3	KC776692	27616	83.102	361	61	0	141	501	6554	6914	3.56e-98	374
sampleA_part3	KC776689	27616	83.102	361	61	0	141	501	6554	6914	3.56e-98	374
sampleA_part3	OX465372	9767	83.102	361	61	0	141	501	6561	6921	3.56e-98	374
sampleA_part3	OK326893	2878263	83.102	361	61	0	141	501	6555	6915	3.56e-98	374
sampleA_part3	KC776695	27616	83.102	361	61	0	141	501	6554	6914	3.56e-98	374
sampleA_part3	ON675381	9771	83.056	360	61	0	142	501	6971	7330	1.28e-97	372
sampleA_part3	ON675358	9771	83.056	360	61	0	142	501	6971	7330	1.28e-97	372
sampleA_part3	ON675352	9771	83.056	360	61	0	142	501	6971	7330	1.28e-97	372
sampleA_part3	ON675293	9771	83.056	360	61	0	142	501	6971	7330	1.28e-97	372
sampleA_part3	ON675288	9771	83.056	360	61	0	142	501	6971	7330	1.28e-97	372
sampleA_part3	ON675287	9771	83.056	360	61	0	142	501	6971	7330	1.28e-97	372
sampleA_part3	KC776694	27616	82.825	361	62	0	141	501	6554	6914	1.65e-96	368
sampleA_part3	KC776691	27616	82.825	361	62	0	141	501	6554	6914	1.65e-96	368
sampleA_part3	KC776690	27616	82.825	361	62	0	141	501	6554	6914	1.65e-96	368
sampleA_part3	OK326892	2878263	82.825	361	62	0	141	501	6555	6915	1.65e-96	368
sampleA_part3	MT410935	9767	82.825	361	62	0	141	501	6575	6935	1.65e-96	368
sampleA_part3	JF339979	682059	82.825	361	62	0	141	501	4477	4837	1.65e-96	368
sampleA_part3	AP006468	9767	82.825	361	62	0	141	501	6561	6921	1.65e-96	368
sampleA_part3	NC_005271	9767	82.825	361	62	0	141	501	6562	6922	1.65e-96	368
sampleA_part3	MF409242	9771	82.778	360	62	0	142	501	6550	6909	5.95e-96	366
sampleA_part3	ON257910	9771	82.778	360	62	0	142	501	6549	6908	5.95e-96	366
sampleA_part3	ON257909	9771	82.778	360	62	0	142	501	6549	6908	5.95e-96	366
sampleA_part3	ON257908	9771	82.778	360	62	0	142	501	6549	6908	5.95e-96	366
sampleA_part3	ON257907	9771	82.778	360	62	0	142	501	6549	6908	5.95e-96	366
sampleA_part3	ON257906	9771	82.778	360	62	0	142	501	6549	6908	5.95e-96	366
sampleA_part3	ON257905	9771	82.778	360	62	0	142	501	6549	6908	5.95e-96	366
sampleA_part3	ON257904	9771	82.778	360	62	0	142	501	6549	6908	5.95e-96	366
sampleA_part3	ON257903	9771	82.778	360	62	0	142	501	6549	6908	5.95e-96	366
sampleA_part3	ON257902	9771	82.778	360	62	0	142	501	6549	6908	5.95e-96	366
sampleA_part3	ON257901	9771	82.778	360	62	0	142	501	6549	6908	5.95e-96	366
sampleA_part3	ON257900	9771	82.778	360	62	0	142	501	6549	6908	5.95e-96	366
sampleA_part3	ON257898	9771	82.778	360	62	0	142	501	6549	6908	5.95e-96	366
sampleA_part3	ON257897	9771	82.778	360	62	0	142	501	6549	6908	5.95e-96	366
sampleA_part3	ON257896	9771	82.778	360	62	0	142	501	6549	6908	5.95e-96	366
sampleA_part3	ON257895	9771	82.778	360	62	0	142	501	6549	6908	5.95e-96	366
sampleA_part3	ON257894	9771	82.778	360	62	0	142	501	6549	6908	5.95e-96	366
sampleA_part3	ON257893	9771	82.778	360	62	0	142	501	6549	6908	5.95e-96	366
sampleA_part3	ON257892	9771	82.778	360	62	0	142	501	6549	6908	5.95e-96	366
sampleA_part3	ON257891	9771	82.778	360	62	0	142	501	6549	6908	5.95e-96	366
sampleA_part3	ON257890	9771	82.778	360	62	0	142	501	6549	6908	5.95e-96	366
sampleA_part3	ON257888	9771	82.778	360	62	0	142	501	6549	6908	5.95e-96	366
sampleA_part3	ON257887	9771	82.778	360	62	0	142	501	6549	6908	5.95e-96	366
sampleA_part3	ON257886	9771	82.778	360	62	0	142	501	6549	6908	5.95e-96	366
sampleA_part3	ON257885	9771	82.778	360	62	0	142	501	6549	6908	5.95e-96	366
sampleA_part3	ON257884	9771	82.778	360	62	0	142	501	6549	6908	5.95e-96	366
sampleA_part3	ON675434	9771	82.778	360	62	0	142	501	6971	7330	5.95e-96	366
sampleA_part3	ON675432	9771	82.778	360	62	0	142	501	6971	7330	5.95e-96	366
sampleA_part3	ON675431	9771	82.778	360	62	0	142	501	6971	7330	5.95e-96	366
sampleA_part3	ON675428	9771	82.778	360	62	0	142	501	6971	7330	5.95e-96	366
sampleA_part3	ON675425	9771	82.778	360	62	0	142	501	6971	7330	5.95e-96	366
sampleA_part3	ON675424	9771	82.778	360	62	0	142	501	6971	7330	5.95e-96	366
sampleA_part3	ON675422	9771	82.778	360	62	0	142	501	6971	7330	5.95e-96	366
sampleA_part3	ON675414	9771	82.778	360	62	0	142	501	6971	7330	5.95e-96	366
sampleA_part3	ON675412	9771	82.778	360	62	0	142	501	6971	7330	5.95e-96	366
sampleA_part3	ON675411	9771	82.778	360	62	0	142	501	6971	7330	5.95e-96	366
sampleA_part3	ON675410	9771	82.778	360	62	0	142	501	6971	7330	5.95e-96	366
sampleA_part3	ON675407	9771	82.778	360	62	0	142	501	6971	7330	5.95e-96	366
sampleA_part3	ON675406	9771	82.778	360	62	0	142	501	6971	7330	5.95e-96	366
sampleA_part3	ON675405	9771	82.778	360	62	0	142	501	6971	7330	5.95e-96	366
sampleA_part3	ON675397	9771	82.778	360	62	0	142	501	6971	7330	5.95e-96	366
sampleA_part3	ON675396	9771	82.778	360	62	0	142	501	6971	7330	5.95e-96	366
sampleA_part3	ON675394	9771	82.778	360	62	0	142	501	6971	7330	5.95e-96	366
sampleA_part3	ON675391	9771	82.778	360	62	0	142	501	6971	7330	5.95e-96	366
sampleA_part3	ON675389	9771	82.778	360	62	0	142	501	6971	7330	5.95e-96	366
sampleA_part3	ON675388	9771	82.778	360	62	0	142	501	6971	7330	5.95e-96	366
sampleA_part3	ON675387	9771	82.778	360	62	0	142	501	6971	7330	5.95e-96	366
sampleA_part3	ON675384	9771	82.778	360	62	0	142	501	6971	7330	5.95e-96	366
sampleA_part3	ON675382	9771	82.778	360	62	0	142	501	6971	7330	5.95e-96	366
sampleA_part3	ON675378	9771	82.778	360	62	0	142	501	6971	7330	5.95e-96	366
sampleA_part3	ON675376	9771	82.778	360	62	0	142	501	6971	7330	5.95e-96	366
sampleA_part3	ON675375	9771	82.778	360	62	0	142	501	6971	7330	5.95e-96	366
sampleA_part3	ON675374	9771	82.778	360	62	0	142	501	6971	7330	5.95e-96	366
sampleA_part3	ON675372	9771	82.778	360	62	0	142	501	6971	7330	5.95e-96	366
sampleA_part3	ON675371	9771	82.778	360	62	0	142	501	6971	7330	5.95e-96	366
sampleA_part3	ON675370	9771	82.778	360	62	0	142	501	6971	7330	5.95e-96	366
sampleA_part3	ON675368	9771	82.778	360	62	0	142	501	6971	7330	5.95e-96	366
sampleA_part3	ON675367	9771	82.778	360	62	0	142	501	6971	7330	5.95e-96	366
sampleA_part3	ON675365	9771	82.778	360	62	0	142	501	6971	7330	5.95e-96	366
sampleA_part3	ON675364	9771	82.778	360	62	0	142	501	6971	7330	5.95e-96	366
sampleA_part3	ON675363	9771	82.778	360	62	0	142	501	6971	7330	5.95e-96	366
sampleA_part3	ON675361	9771	82.778	360	62	0	142	501	6971	7330	5.95e-96	366
sampleA_part3	ON675360	9771	82.778	360	62	0	142	501	6971	7330	5.95e-96	366
sampleA_part3	ON675356	9771	82.778	360	62	0	142	501	6971	7330	5.95e-96	366
sampleA_part3	ON675355	9771	82.778	360	62	0	142	501	6971	7330	5.95e-96	366
sampleA_part3	ON675354	9771	82.778	360	62	0	142	501	6971	7330	5.95e-96	366
sampleA_part3	ON675353	9771	82.778	360	62	0	142	501	6971	7330	5.95e-96	366
sampleA_part3	ON675351	9771	82.778	360	62	0	142	501	6971	7330	5.95e-96	366
sampleA_part3	ON675350	9771	82.778	360	62	0	142	501	6971	7330	5.95e-96	366
sampleA_part3	ON675349	9771	82.778	360	62	0	142	501	6971	7330	5.95e-96	366
sampleA_part3	ON675346	9771	82.778	360	62	0	142	501	6971	7330	5.95e-96	366
sampleA_part3	ON675344	9771	82.778	360	62	0	142	501	6971	7330	5.95e-96	366
sampleA_part3	ON675342	9771	82.778	360	62	0	142	501	6971	7330	5.95e-96	366
sampleA_part3	ON675341	9771	82.778	360	62	0	142	501	6971	7330	5.95e-96	366
sampleA_part3	ON675340	9771	82.778	360	62	0	142	501	6971	7330	5.95e-96	366
sampleA_part3	ON675339	9771	82.778	360	62	0	142	501	6971	7330	5.95e-96	366
sampleA_part3	ON675337	9771	82.778	360	62	0	142	501	6971	7330	5.95e-96	366
sampleA_part3	ON675335	9771	82.778	360	62	0	142	501	6971	7330	5.95e-96	366
sampleA_part3	ON675334	9771	82.778	360	62	0	142	501	6971	7330	5.95e-96	366
sampleA_part3	ON675333	9771	82.778	360	62	0	142	501	6971	7330	5.95e-96	366
sampleA_part3	ON675332	9771	82.778	360	62	0	142	501	6971	7330	5.95e-96	366
sampleA_part3	ON675331	9771	82.778	360	62	0	142	501	6971	7330	5.95e-96	366
sampleA_part3	ON675330	9771	82.778	360	62	0	142	501	6972	7331	5.95e-96	366
sampleA_part3	ON675329	9771	82.778	360	62	0	142	501	6971	7330	5.95e-96	366
sampleA_part3	ON675328	9771	82.778	360	62	0	142	501	6971	7330	5.95e-96	366
sampleA_part3	ON675327	9771	82.778	360	62	0	142	501	6971	7330	5.95e-96	366
sampleA_part3	ON675324	9771	82.778	360	62	0	142	501	6971	7330	5.95e-96	366
sampleA_part3	ON675323	9771	82.778	360	62	0	142	501	6971	7330	5.95e-96	366
sampleA_part3	ON675319	9771	82.778	360	62	0	142	501	6971	7330	5.95e-96	366
sampleA_part3	ON675318	9771	82.778	360	62	0	142	501	6971	7330	5.95e-96	366
sampleA_part3	ON675316	9771	82.778	360	62	0	142	501	6970	7329	5.95e-96	366
sampleA_part3	ON675314	9771	82.778	360	62	0	142	501	6971	7330	5.95e-96	366
sampleA_part3	ON675313	9771	82.778	360	62	0	142	501	6971	7330	5.95e-96	366
sampleA_part3	ON675312	9771	82.778	360	62	0	142	501	6971	7330	5.95e-96	366
sampleA_part3	ON675311	9771	82.778	360	62	0	142	501	6971	7330	5.95e-96	366
sampleA_part3	ON675308	9771	82.778	360	62	0	142	501	6971	7330	5.95e-96	366
sampleA_part3	ON675307	9771	82.778	360	62	0	142	501	6971	7330	5.95e-96	366
sampleA_part3	ON675306	9771	82.778	360	62	0	142	501	6971	7330	5.95e-96	366
sampleA_part3	ON675305	9771	82.778	360	62	0	142	501	6971	7330	5.95e-96	366
sampleA_part3	ON675304	9771	82.778	360	62	0	142	501	6971	7330	5.95e-96	366
sampleA_part3	ON675303	9771	82.778	360	62	0	142	501	6971	7330	5.95e-96	366
sampleA_part3	ON675302	9771	82.778	360	62	0	142	501	6971	7330	5.95e-96	366
sampleA_part3	ON675301	9771	82.778	360	62	0	142	501	6971	7330	5.95e-96	366
sampleA_part3	ON675300	9771	82.778	360	62	0	142	501	6971	7330	5.95e-96	366
sampleA_part3	ON675299	9771	82.778	360	62	0	142	501	6971	7330	5.95e-96	366
sampleA_part3	ON675298	9771	82.778	360	62	0	142	501	6971	7330	5.95e-96	366
sampleA_part3	ON675297	9771	82.778	360	62	0	142	501	6971	7330	5.95e-96	366
sampleA_part3	ON675296	9771	82.778	360	62	0	142	501	6971	7330	5.95e-96	366
sampleA_part3	ON675295	9771	82.778	360	62	0	142	501	6971	7330	5.95e-96	366
sampleA_part3	ON675294	9771	82.778	360	62	0	142	501	6971	7330	5.95e-96	366
sampleA_part3	ON675292	9771	82.778	360	62	0	142	501	6971	7330	5.95e-96	366
sampleA_part3	ON675291	9771	82.778	360	62	0	142	501	6970	7329	5.95e-96	366
sampleA_part3	ON675285	9771	82.778	360	62	0	142	501	6971	7330	5.95e-96	366
sampleA_part3	ON675284	9771	82.778	360	62	0	142	501	6971	7330	5.95e-96	366
sampleA_part3	ON675283	9771	82.778	360	62	0	142	501	6971	7330	5.95e-96	366
sampleA_part3	ON675282	9771	82.778	360	62	0	142	501	6972	7331	5.95e-96	366
sampleA_part3	NC_041303	9752	82.597	362	61	2	141	501	6551	6911	7.70e-95	363
sampleA_part3	PP829133	682059	82.955	352	60	0	141	492	6555	6906	7.70e-95	363
sampleA_part3	PP829132	682059	82.955	352	60	0	141	492	6555	6906	7.70e-95	363
sampleA_part3	KF032878	48708	82.548	361	63	0	141	501	6556	6916	7.70e-95	363
sampleA_part3	KF032877	48708	82.548	361	63	0	141	501	6556	6916	7.70e-95	363
sampleA_part3	KF032876	48708	82.548	361	63	0	141	501	6556	6916	7.70e-95	363
sampleA_part3	KF032874	48708	82.548	361	63	0	141	501	6556	6916	7.70e-95	363
sampleA_part3	KF032872	48708	82.548	361	63	0	141	501	6556	6916	7.70e-95	363
sampleA_part3	KF032871	48708	82.548	361	63	0	141	501	6556	6916	7.70e-95	363
sampleA_part3	KF032870	48708	82.548	361	63	0	141	501	6556	6916	7.70e-95	363
sampleA_part3	KF032869	48708	82.548	361	63	0	141	501	6556	6916	7.70e-95	363
sampleA_part3	JF339980	682059	82.955	352	60	0	141	492	4476	4827	7.70e-95	363
sampleA_part3	JF339978	682059	82.955	352	60	0	141	492	4476	4827	7.70e-95	363
sampleA_part3	NC_019591	682059	82.955	352	60	0	141	492	6558	6909	7.70e-95	363
sampleA_part3	NC_042761	46167	82.500	360	63	0	142	501	6553	6912	2.77e-94	361
sampleA_part3	ON675409	9771	82.500	360	63	0	142	501	6971	7330	2.77e-94	361
sampleA_part3	NC_083094	27610	82.500	360	63	0	142	501	6557	6916	2.77e-94	361
sampleA_part3	MT410901	27610	82.500	360	63	0	142	501	6557	6916	2.77e-94	361
sampleA_part3	JF339982	46167	82.500	360	63	0	142	501	6555	6914	2.77e-94	361
sampleA_part3	AJ554061	27610	82.500	360	63	0	142	501	6557	6916	2.77e-94	361
sampleA_part3	NC_001601	9771	82.500	360	63	0	142	501	6970	7329	2.77e-94	361
sampleA_part3	FJ590428	9739	82.271	361	64	0	141	501	3789	4149	9.96e-94	359
sampleA_part3	KF032868	48708	82.271	361	64	0	141	501	6556	6916	3.58e-93	357
sampleA_part3	KF032867	48708	82.271	361	64	0	141	501	6556	6916	3.58e-93	357
sampleA_part3	JF339981	682059	82.271	361	64	0	141	501	4476	4836	3.58e-93	357
sampleA_part3	OZ205435	52113	82.222	360	64	0	142	501	6560	6919	1.29e-92	355
sampleA_part3	KC312622	9739	82.173	359	64	0	141	499	3783	4141	1.29e-92	355
sampleA_part3	NC_042217	52113	81.944	360	65	0	142	501	6556	6915	5.99e-91	350
sampleA_part3	OK326891	52113	81.944	360	65	0	142	501	6556	6915	5.99e-91	350
sampleA_part3	OK326890	52113	81.944	360	65	0	142	501	6556	6915	5.99e-91	350
sampleA_part3	OK326889	52113	81.944	360	65	0	142	501	6556	6915	5.99e-91	350
sampleA_part3	OK326888	52113	81.944	360	65	0	142	501	6556	6915	5.99e-91	350
sampleA_part3	OK326887	52113	81.944	360	65	0	142	501	6556	6915	5.99e-91	350
sampleA_part3	OK326886	52113	81.944	360	65	0	142	501	6556	6915	5.99e-91	350
sampleA_part3	OK326885	52113	81.944	360	65	0	142	501	6556	6915	5.99e-91	350
sampleA_part3	OK326884	52113	81.944	360	65	0	142	501	6556	6915	5.99e-91	350
sampleA_part3	KX857303	9735	81.742	356	65	0	146	501	7468	7823	7.75e-90	346
sampleA_part3	MF669485	9739	81.440	361	67	0	141	501	6551	6911	3.61e-88	340
sampleA_part3	KT601207	9739	81.440	361	67	0	141	501	6553	6913	3.61e-88	340
sampleA_part3	KT601206	9739	81.440	361	67	0	141	501	6553	6913	3.61e-88	340
sampleA_part3	KT601203	9739	81.440	361	67	0	141	501	6553	6913	3.61e-88	340
sampleA_part3	KT601202	9739	81.440	361	67	0	141	501	6553	6913	3.61e-88	340
sampleA_part3	KT601201	9739	81.440	361	67	0	141	501	6553	6913	3.61e-88	340
sampleA_part3	KT601200	9739	81.440	361	67	0	141	501	6553	6913	3.61e-88	340
sampleA_part3	KT601199	9739	81.440	361	67	0	141	501	6553	6913	3.61e-88	340
sampleA_part3	KT601196	9739	81.440	361	67	0	141	501	6553	6913	3.61e-88	340
sampleA_part3	KT601195	9739	81.440	361	67	0	141	501	6553	6913	3.61e-88	340
sampleA_part3	KT601189	9739	81.440	361	67	0	141	501	6553	6913	3.61e-88	340
sampleA_part3	KT601188	9739	81.440	361	67	0	141	501	6553	6913	3.61e-88	340
sampleA_part3	OR120228	9739	81.440	361	67	0	141	501	6553	6913	3.61e-88	340
sampleA_part3	OR120227	9739	81.440	361	67	0	141	501	6553	6913	3.61e-88	340
sampleA_part3	OR120213	9739	81.440	361	67	0	141	501	6553	6913	3.61e-88	340
sampleA_part3	OR120212	9739	81.440	361	67	0	141	501	6553	6913	3.61e-88	340
sampleA_part3	OR120211	9739	81.440	361	67	0	141	501	6553	6913	3.61e-88	340
sampleA_part3	OR120209	9739	81.440	361	67	0	141	501	6553	6913	3.61e-88	340
sampleA_part3	OR120207	9739	81.440	361	67	0	141	501	6553	6913	3.61e-88	340
sampleA_part3	OR120206	9739	81.440	361	67	0	141	501	6553	6913	3.61e-88	340
sampleA_part3	OR120204	9739	81.440	361	67	0	141	501	6553	6913	3.61e-88	340
sampleA_part3	OR120202	9739	81.440	361	67	0	141	501	6553	6913	3.61e-88	340
sampleA_part3	OR120200	9739	81.440	361	67	0	141	501	6553	6913	3.61e-88	340
sampleA_part3	OR120196	9739	81.440	361	67	0	141	501	6553	6913	3.61e-88	340
sampleA_part3	OR120194	9739	81.440	361	67	0	141	501	6553	6913	3.61e-88	340
sampleA_part3	OR120177	9739	81.440	361	67	0	141	501	6553	6913	3.61e-88	340
sampleA_part3	OR120175	9739	81.440	361	67	0	141	501	6553	6913	3.61e-88	340
sampleA_part3	OR120173	9739	81.440	361	67	0	141	501	6553	6913	3.61e-88	340
sampleA_part3	KF570388	9739	81.440	361	67	0	141	501	6553	6913	3.61e-88	340
sampleA_part3	KF570387	9739	81.440	361	67	0	141	501	6553	6913	3.61e-88	340
sampleA_part3	KF570384	9739	81.440	361	67	0	141	501	6553	6913	3.61e-88	340
sampleA_part3	KF570382	9739	81.440	361	67	0	141	501	6552	6912	3.61e-88	340
sampleA_part3	KF570381	9739	81.440	361	67	0	141	501	6553	6913	3.61e-88	340
sampleA_part3	KF570352	9739	81.440	361	67	0	141	501	6553	6913	3.61e-88	340
sampleA_part3	KF570333	9739	81.440	361	67	0	141	501	6553	6913	3.61e-88	340
sampleA_part3	KF570330	9739	81.440	361	67	0	141	501	6553	6913	3.61e-88	340
sampleA_part3	KF570329	9739	81.440	361	67	0	141	501	6553	6913	3.61e-88	340
sampleA_part3	KF570328	9739	81.440	361	67	0	141	501	6553	6913	3.61e-88	340
sampleA_part3	KF570325	9739	81.440	361	67	0	141	501	6553	6913	3.61e-88	340
sampleA_part3	KF570324	9739	81.440	361	67	0	141	501	6553	6913	3.61e-88	340
sampleA_part3	KF570323	9739	81.440	361	67	0	141	501	6553	6913	3.61e-88	340
sampleA_part3	KF570321	9739	81.440	361	67	0	141	501	6553	6913	3.61e-88	340
sampleA_part3	KF570320	9739	81.440	361	67	0	141	501	6553	6913	3.61e-88	340
sampleA_part3	KF570315	9739	81.440	361	67	0	141	501	6553	6913	3.61e-88	340
sampleA_part3	OR120191	9739	81.766	351	64	0	142	492	6554	6904	1.30e-87	339
sampleA_part3	OR120226	9739	81.163	361	68	0	141	501	6553	6913	1.68e-86	335
sampleA_part3	OR120225	9739	81.163	361	68	0	141	501	6553	6913	1.68e-86	335
sampleA_part3	OR120224	9739	81.163	361	68	0	141	501	6553	6913	1.68e-86	335
sampleA_part3	OR120223	9739	81.163	361	68	0	141	501	6553	6913	1.68e-86	335
sampleA_part3	OR120221	9739	81.163	361	68	0	141	501	6553	6913	1.68e-86	335
sampleA_part3	OR120220	9739	81.163	361	68	0	141	501	6553	6913	1.68e-86	335
sampleA_part3	OR120219	9739	81.163	361	68	0	141	501	6553	6913	1.68e-86	335
sampleA_part3	OR120218	9739	81.163	361	68	0	141	501	6553	6913	1.68e-86	335
sampleA_part3	OR120217	9739	81.163	361	68	0	141	501	6553	6913	1.68e-86	335
sampleA_part3	OR120216	9739	81.163	361	68	0	141	501	6553	6913	1.68e-86	335
sampleA_part3	OR120215	9739	81.163	361	68	0	141	501	6553	6913	1.68e-86	335
sampleA_part3	OR120214	9739	81.163	361	68	0	141	501	6553	6913	1.68e-86	335
sampleA_part3	OR120190	9739	81.163	361	68	0	141	501	6553	6913	1.68e-86	335
sampleA_part3	OR120182	9739	81.163	361	68	0	141	501	6553	6913	1.68e-86	335
sampleA_part3	OR120181	9739	81.163	361	68	0	141	501	6553	6913	1.68e-86	335
sampleA_part3	OR120179	9739	81.163	361	68	0	141	501	6553	6913	1.68e-86	335
sampleA_part3	OR120174	9739	81.163	361	68	0	141	501	6553	6913	1.68e-86	335
sampleA_part3	OR120172	9739	81.163	361	68	0	141	501	6553	6913	1.68e-86	335
sampleA_part3	OR120169	9739	81.163	361	68	0	141	501	6553	6913	1.68e-86	335
sampleA_part3	KF032865	48708	81.163	361	67	1	141	501	6549	6908	1.68e-86	335
sampleA_part3	KF032866	48708	81.163	361	67	1	141	501	6558	6917	6.04e-86	333
sampleA_part3	KF032864	48708	81.163	361	67	1	141	501	6558	6917	6.04e-86	333
sampleA_part3	KF032863	48708	81.163	361	67	1	141	501	6558	6917	6.04e-86	333
sampleA_part3	KF032862	48708	81.163	361	67	1	141	501	6558	6917	6.04e-86	333
sampleA_part3	ON675348	9771	90.244	246	24	0	256	501	7085	7330	1.01e-83	326
sampleA_part3	MK790782	38241	88.618	246	28	0	256	501	6668	6913	4.73e-77	303
sampleA_part3	MK790781	38241	88.618	246	28	0	256	501	6668	6913	4.73e-77	303
sampleA_part3	MK790780	38241	88.618	246	28	0	256	501	6668	6913	4.73e-77	303
sampleA_part3	MK790779	38241	88.618	246	28	0	256	501	6668	6913	4.73e-77	303
sampleA_part3	MK790778	38241	88.618	246	28	0	256	501	6668	6913	4.73e-77	303
sampleA_part3	MK790777	38241	88.618	246	28	0	256	501	6668	6913	4.73e-77	303
sampleA_part3	MK790776	38241	88.618	246	28	0	256	501	6668	6913	4.73e-77	303
sampleA_part3	MK790775	38241	88.618	246	28	0	256	501	6668	6913	4.73e-77	303
sampleA_part3	MK790774	38241	88.618	246	28	0	256	501	6668	6913	4.73e-77	303
sampleA_part3	MK790773	38241	88.618	246	28	0	256	501	6668	6913	4.73e-77	303
sampleA_part3	MK790772	38241	88.618	246	28	0	256	501	6668	6913	4.73e-77	303
sampleA_part3	MK790771	38241	88.618	246	28	0	256	501	6668	6913	4.73e-77	303
sampleA_part3	MK790770	38241	88.618	246	28	0	256	501	6668	6913	4.73e-77	303
sampleA_part3	MK790769	38241	88.618	246	28	0	256	501	6668	6913	4.73e-77	303
sampleA_part3	MK790766	38241	88.618	246	28	0	256	501	6668	6913	4.73e-77	303
sampleA_part3	MK790765	38241	88.618	246	28	0	256	501	6668	6913	4.73e-77	303
sampleA_part3	MK790764	38241	88.618	246	28	0	256	501	6668	6913	4.73e-77	303
sampleA_part3	MK790763	38241	88.618	246	28	0	256	501	6668	6913	4.73e-77	303
sampleA_part3	MK790762	38241	88.618	246	28	0	256	501	6668	6913	4.73e-77	303
sampleA_part3	MK790761	38241	88.618	246	28	0	256	501	6668	6913	4.73e-77	303
sampleA_part3	MK790760	38241	88.618	246	28	0	256	501	6668	6913	4.73e-77	303
sampleA_part3	MK790759	38241	88.618	246	28	0	256	501	6668	6913	4.73e-77	303
sampleA_part3	MK790758	38241	88.618	246	28	0	256	501	6668	6913	4.73e-77	303
sampleA_part3	MK790757	38241	88.618	246	28	0	256	501	6668	6913	4.73e-77	303
sampleA_part3	MK790756	38241	88.618	246	28	0	256	501	6668	6913	4.73e-77	303
sampleA_part3	MK790755	38241	88.618	246	28	0	256	501	6668	6913	4.73e-77	303
sampleA_part3	MK790754	38241	88.618	246	28	0	256	501	6668	6913	4.73e-77	303
sampleA_part3	MK790752	38241	88.618	246	28	0	256	501	6668	6913	4.73e-77	303
sampleA_part3	MK790751	38241	88.618	246	28	0	256	501	6668	6913	4.73e-77	303
sampleA_part3	MK790750	38241	88.618	246	28	0	256	501	6668	6913	4.73e-77	303
sampleA_part3	MK790749	38241	88.618	246	28	0	256	501	6668	6913	4.73e-77	303
sampleA_part3	MK790747	38241	88.618	246	28	0	256	501	6668	6913	4.73e-77	303
sampleA_part3	MK790745	38241	88.618	246	28	0	256	501	6668	6913	4.73e-77	303
sampleA_part3	MK790743	38241	88.618	246	28	0	256	501	6668	6913	4.73e-77	303
sampleA_part3	MK790740	38241	88.618	246	28	0	256	501	6668	6913	4.73e-77	303
sampleA_part3	MK790739	38241	88.618	246	28	0	256	501	6668	6913	4.73e-77	303
sampleA_part3	MK790738	38241	88.618	246	28	0	256	501	6668	6913	4.73e-77	303
sampleA_part3	MK790736	38241	88.618	246	28	0	256	501	6668	6913	4.73e-77	303
sampleA_part3	MK790734	38241	88.618	246	28	0	256	501	6668	6913	4.73e-77	303
sampleA_part3	MK790730	38241	88.618	246	28	0	256	501	6668	6913	4.73e-77	303
sampleA_part3	MK790727	38241	88.618	246	28	0	256	501	6668	6913	4.73e-77	303
sampleA_part3	MK790724	38241	88.618	246	28	0	256	501	6668	6913	4.73e-77	303
sampleA_part3	MK790722	38241	88.618	246	28	0	256	501	6668	6913	4.73e-77	303
sampleA_part3	MK790719	38241	88.618	246	28	0	256	501	6668	6913	4.73e-77	303
sampleA_part3	MK790718	38241	88.618	246	28	0	256	501	6668	6913	4.73e-77	303
sampleA_part3	MK790717	38241	88.618	246	28	0	256	501	6668	6913	4.73e-77	303
sampleA_part3	MK790716	38241	88.618	246	28	0	256	501	6668	6913	4.73e-77	303
sampleA_part3	MK790712	38241	88.618	246	28	0	256	501	6668	6913	4.73e-77	303
sampleA_part3	MK790711	38241	88.618	246	28	0	256	501	6668	6913	4.73e-77	303
sampleA_part3	MK790710	38241	88.618	246	28	0	256	501	6668	6913	4.73e-77	303
sampleA_part3	MK790709	38241	88.618	246	28	0	256	501	6668	6913	4.73e-77	303
sampleA_part3	MK790708	38241	88.618	246	28	0	256	501	6668	6913	4.73e-77	303
sampleA_part3	MK790707	38241	88.618	246	28	0	256	501	6668	6913	4.73e-77	303
sampleA_part3	MK790706	38241	88.618	246	28	0	256	501	6668	6913	4.73e-77	303
sampleA_part3	MK790705	38241	88.618	246	28	0	256	501	6668	6913	4.73e-77	303
sampleA_part3	MK790704	38241	88.618	246	28	0	256	501	6668	6913	4.73e-77	303
sampleA_part3	MK790703	38241	88.618	246	28	0	256	501	6668	6913	4.73e-77	303
sampleA_part3	MK790699	38241	88.618	246	28	0	256	501	6668	6913	4.73e-77	303
sampleA_part3	MK790698	38241	88.618	246	28	0	256	501	6668	6913	4.73e-77	303
sampleA_part3	MK790697	38241	88.618	246	28	0	256	501	6668	6913	4.73e-77	303
sampleA_part3	MK790696	38241	88.618	246	28	0	256	501	6668	6913	4.73e-77	303
sampleA_part3	MK790695	38241	88.618	246	28	0	256	501	6668	6913	4.73e-77	303
sampleA_part3	MK790694	38241	88.618	246	28	0	256	501	6668	6913	4.73e-77	303
sampleA_part3	MK790693	38241	88.618	246	28	0	256	501	6668	6913	4.73e-77	303
sampleA_part3	MK790692	38241	88.618	246	28	0	256	501	6668	6913	4.73e-77	303
sampleA_part3	MK790691	38241	88.618	246	28	0	256	501	6668	6913	4.73e-77	303
sampleA_part3	MK790690	38241	88.618	246	28	0	256	501	6668	6913	4.73e-77	303
sampleA_part3	MK790689	38241	88.618	246	28	0	256	501	6668	6913	4.73e-77	303
sampleA_part3	MK790688	38241	88.618	246	28	0	256	501	6668	6913	4.73e-77	303
sampleA_part3	MK790686	38241	88.618	246	28	0	256	501	6668	6913	4.73e-77	303
sampleA_part3	ON652901	103596	89.451	237	25	0	256	492	6670	6906	4.73e-77	303
sampleA_part3	ON652900	103596	89.451	237	25	0	256	492	6670	6906	4.73e-77	303
sampleA_part3	ON652899	103596	89.451	237	25	0	256	492	6670	6906	4.73e-77	303
sampleA_part3	ON652895	103596	89.451	237	25	0	256	492	6670	6906	4.73e-77	303
sampleA_part3	ON652893	103596	89.451	237	25	0	256	492	6670	6906	4.73e-77	303
sampleA_part3	ON652885	103596	89.451	237	25	0	256	492	6670	6906	4.73e-77	303
sampleA_part3	ON652882	103596	89.451	237	25	0	256	492	6670	6906	4.73e-77	303
sampleA_part3	ON652879	103596	89.451	237	25	0	256	492	6670	6906	4.73e-77	303
sampleA_part3	NC_083222	9731	88.618	246	28	0	256	501	6669	6914	4.73e-77	303
sampleA_part3	OQ301792	38241	88.618	246	28	0	256	501	1306	1551	4.73e-77	303
sampleA_part3	OQ301791	38241	88.618	246	28	0	256	501	1306	1551	4.73e-77	303
sampleA_part3	NC_019578	38241	88.618	246	28	0	256	501	6668	6913	4.73e-77	303
sampleA_part3	JF289176	103596	89.451	237	25	0	256	492	6670	6906	4.73e-77	303
sampleA_part3	NC_019589	103596	89.451	237	25	0	256	492	6670	6906	4.73e-77	303
sampleA_part3	JF339976	38241	88.618	246	28	0	256	501	6668	6913	4.73e-77	303
sampleA_part3	JF339974	38241	88.618	246	28	0	256	501	4530	4775	4.73e-77	303
sampleA_part3	FJ590427	9731	88.618	246	28	0	256	501	3904	4149	4.73e-77	303
sampleA_part3	KC312629	9731	89.076	238	26	0	256	493	3898	4135	6.12e-76	300
sampleA_part3	MK790768	38241	88.211	246	29	0	256	501	6668	6913	2.20e-75	298
sampleA_part3	MK790767	38241	88.211	246	29	0	256	501	6668	6913	2.20e-75	298
sampleA_part3	MK790753	38241	88.211	246	29	0	256	501	6668	6913	2.20e-75	298
sampleA_part3	MK790748	38241	88.211	246	29	0	256	501	6668	6913	2.20e-75	298
sampleA_part3	MK790746	38241	88.211	246	29	0	256	501	6668	6913	2.20e-75	298
sampleA_part3	MK790744	38241	88.211	246	29	0	256	501	6668	6913	2.20e-75	298
sampleA_part3	MK790742	38241	88.211	246	29	0	256	501	6668	6913	2.20e-75	298
sampleA_part3	MK790741	38241	88.211	246	29	0	256	501	6668	6913	2.20e-75	298
sampleA_part3	MK790737	38241	88.211	246	29	0	256	501	6668	6913	2.20e-75	298
sampleA_part3	MK790735	38241	88.211	246	29	0	256	501	6668	6913	2.20e-75	298
sampleA_part3	MK790733	38241	88.211	246	29	0	256	501	6668	6913	2.20e-75	298
sampleA_part3	MK790732	38241	88.211	246	29	0	256	501	6668	6913	2.20e-75	298
sampleA_part3	MK790731	38241	88.211	246	29	0	256	501	6668	6913	2.20e-75	298
sampleA_part3	MK790729	38241	88.211	246	29	0	256	501	6668	6913	2.20e-75	298
sampleA_part3	MK790728	38241	88.211	246	29	0	256	501	6668	6913	2.20e-75	298
sampleA_part3	MK790726	38241	88.211	246	29	0	256	501	6668	6913	2.20e-75	298
sampleA_part3	MK790725	38241	88.211	246	29	0	256	501	6668	6913	2.20e-75	298
sampleA_part3	MK790723	38241	88.211	246	29	0	256	501	6668	6913	2.20e-75	298
sampleA_part3	MK790721	38241	88.211	246	29	0	256	501	6668	6913	2.20e-75	298
sampleA_part3	MK790720	38241	88.211	246	29	0	256	501	6668	6913	2.20e-75	298
sampleA_part3	MK790715	38241	88.211	246	29	0	256	501	6668	6913	2.20e-75	298
sampleA_part3	MK790714	38241	88.211	246	29	0	256	501	6668	6913	2.20e-75	298
sampleA_part3	MK790713	38241	88.211	246	29	0	256	501	6668	6913	2.20e-75	298
sampleA_part3	MK790702	38241	88.211	246	29	0	256	501	6668	6913	2.20e-75	298
sampleA_part3	MK790701	38241	88.211	246	29	0	256	501	6668	6913	2.20e-75	298
sampleA_part3	MK790700	38241	88.211	246	29	0	256	501	6668	6913	2.20e-75	298
sampleA_part3	MK790687	38241	88.211	246	29	0	256	501	6668	6913	2.20e-75	298
sampleA_part3	ON652905	103596	89.030	237	26	0	256	492	6670	6906	2.20e-75	298
sampleA_part3	ON652898	103596	89.030	237	26	0	256	492	6670	6906	2.20e-75	298
sampleA_part3	ON652897	103596	89.030	237	26	0	256	492	6670	6906	2.20e-75	298
sampleA_part3	ON652894	103596	89.030	237	26	0	256	492	6670	6906	2.20e-75	298
sampleA_part3	ON652892	103596	89.030	237	26	0	256	492	6670	6906	2.20e-75	298
sampleA_part3	ON652891	103596	89.030	237	26	0	256	492	6670	6906	2.20e-75	298
sampleA_part3	ON652890	103596	89.030	237	26	0	256	492	6670	6906	2.20e-75	298
sampleA_part3	ON652887	103596	89.030	237	26	0	256	492	6670	6906	2.20e-75	298
sampleA_part3	ON652884	103596	89.030	237	26	0	256	492	6670	6906	2.20e-75	298
sampleA_part3	ON652883	103596	89.030	237	26	0	256	492	6670	6906	2.20e-75	298
sampleA_part3	ON652881	103596	89.030	237	26	0	256	492	6670	6906	2.20e-75	298
sampleA_part3	ON652880	103596	89.030	237	26	0	256	492	6670	6906	2.20e-75	298
sampleA_part3	JF339975	38241	88.211	246	29	0	256	501	4590	4835	2.20e-75	298
sampleA_part3	JF339972	9731	88.211	246	29	0	256	501	6669	6914	2.20e-75	298
sampleA_part3	HM060334	9731	88.211	246	29	0	256	501	6669	6914	2.20e-75	298
sampleA_part3	PQ632151	149089	87.805	246	30	0	256	501	6676	6921	1.02e-73	292
sampleA_part3	NC_005276	9725	87.805	246	30	0	256	501	6673	6918	1.02e-73	292
