sampleC_part3	KF906720	8237	89.169	397	43	0	1	397	6525	6921	1.18e-157	571
sampleC_part3	MT410869	8237	89.169	397	43	0	1	397	6525	6921	1.18e-157	571
sampleC_part3	JN086149	8237	89.169	397	43	0	1	397	6525	6921	1.18e-157	571
sampleC_part3	NC_014052	8237	89.169	397	43	0	1	397	7390	7786	1.18e-157	571
sampleC_part3	NC_004901	8242	89.169	397	43	0	1	397	6524	6920	1.18e-157	571
sampleC_part3	AB097669	8242	89.169	397	43	0	1	397	7389	7785	1.18e-157	571
sampleC_part3	PV069719	8240	88.889	396	44	0	2	397	6526	6921	1.97e-155	564
sampleC_part3	OU343215	8240	88.889	396	44	0	2	397	6525	6920	1.97e-155	564
sampleC_part3	JN086150	8240	88.889	396	44	0	2	397	6526	6921	1.97e-155	564
sampleC_part3	KP259550	8236	88.413	397	46	0	1	397	7391	7787	1.19e-152	555
sampleC_part3	KM588080	8236	88.413	397	46	0	1	397	6526	6922	1.19e-152	555
sampleC_part3	GU799568	48169	88.413	397	46	0	1	397	1050	1446	1.19e-152	555
sampleC_part3	GU799567	8241	88.413	397	46	0	1	397	1050	1446	1.19e-152	555
sampleC_part3	NC_014101	8240	87.879	396	48	0	2	397	6526	6921	1.53e-151	551
sampleC_part3	KU955344	48168	88.161	397	47	0	1	397	6526	6922	5.52e-151	549
sampleC_part3	KU955343	48168	88.161	397	47	0	1	397	6526	6922	5.52e-151	549
sampleC_part3	KT724724	8236	88.161	397	47	0	1	397	6525	6921	5.52e-151	549
sampleC_part3	NC_025519	48168	88.161	397	47	0	1	397	1050	1446	5.52e-151	549
sampleC_part3	OU607616	8236	88.161	397	47	0	1	397	6525	6921	5.52e-151	549
sampleC_part3	JN086153	8236	88.161	397	47	0	1	397	6526	6922	5.52e-151	549
sampleC_part3	HM071005	8241	88.161	397	47	0	1	397	1050	1446	5.52e-151	549
sampleC_part3	NC_014061	8236	88.161	397	47	0	1	397	6525	6921	5.52e-151	549
sampleC_part3	KY400011	8241	87.909	397	48	0	1	397	6526	6922	2.57e-149	544
sampleC_part3	JN086152	8241	87.909	397	48	0	1	397	6526	6922	2.57e-149	544
sampleC_part3	HM071006	8236	87.909	397	48	0	1	397	1050	1446	2.57e-149	544
sampleC_part3	NC_014059	8241	87.909	397	48	0	1	397	6526	6922	2.57e-149	544
sampleC_part3	KF925362	8240	87.879	396	48	0	2	397	6526	6921	9.23e-149	542
sampleC_part3	MW232431	48169	87.657	397	49	0	1	397	6526	6922	1.19e-147	538
sampleC_part3	MW232430	48169	87.657	397	49	0	1	397	6526	6922	1.19e-147	538
sampleC_part3	NC_020673	48169	87.406	397	50	0	1	397	6525	6921	5.56e-146	532
sampleC_part3	JN086154	48169	87.406	397	50	0	1	397	6525	6921	5.56e-146	532
sampleC_part3	KR023728	8235	87.374	396	50	0	2	397	24	419	2.00e-145	531
sampleC_part3	KR023727	8235	87.374	396	50	0	2	397	24	419	2.00e-145	531
sampleC_part3	KR023726	8235	87.374	396	50	0	2	397	24	419	2.00e-145	531
sampleC_part3	KR023718	8235	87.374	396	50	0	2	397	24	419	2.00e-145	531
sampleC_part3	KR023732	8235	87.121	396	51	0	2	397	11	406	9.30e-144	525
sampleC_part3	KR023731	8235	87.277	393	50	0	5	397	1	393	9.30e-144	525
sampleC_part3	KR023723	8235	87.121	396	51	0	2	397	24	419	9.30e-144	525
sampleC_part3	NC_005317	8235	87.121	396	51	0	2	397	7391	7786	9.30e-144	525
sampleC_part3	OZ004756	8237	86.869	396	52	0	2	397	6526	6921	4.33e-142	520
sampleC_part3	KP259549	8235	86.869	396	52	0	2	397	7391	7786	4.33e-142	520
sampleC_part3	KR023730	8235	86.869	396	52	0	2	397	24	419	4.33e-142	520
sampleC_part3	KR023729	8235	86.869	396	52	0	2	397	24	419	4.33e-142	520
sampleC_part3	KR023725	8235	86.869	396	52	0	2	397	24	419	4.33e-142	520
sampleC_part3	KR023724	8235	86.869	396	52	0	2	397	24	419	4.33e-142	520
sampleC_part3	KR023722	8235	86.869	396	52	0	2	397	24	419	4.33e-142	520
sampleC_part3	KR023721	8235	86.869	396	52	0	2	397	24	419	4.33e-142	520
sampleC_part3	KR023720	8235	86.869	396	52	0	2	397	24	419	4.33e-142	520
sampleC_part3	KR023719	8235	86.869	396	52	0	2	397	24	419	4.33e-142	520
sampleC_part3	KR023717	8235	86.869	396	52	0	2	397	19	414	4.33e-142	520
sampleC_part3	KR023716	8235	86.869	396	52	0	2	397	24	419	4.33e-142	520
sampleC_part3	KR023715	8235	86.869	396	52	0	2	397	24	419	4.33e-142	520
sampleC_part3	KR023714	8235	86.869	396	52	0	2	397	24	419	4.33e-142	520
sampleC_part3	KR023711	8235	86.869	396	52	0	2	397	24	419	4.33e-142	520
sampleC_part3	KR023710	8235	86.869	396	52	0	2	397	24	419	4.33e-142	520
sampleC_part3	KR023709	8235	86.869	396	52	0	2	397	24	419	4.33e-142	520
sampleC_part3	KR023707	8235	86.869	396	52	0	2	397	24	419	4.33e-142	520
sampleC_part3	KR023706	8235	86.869	396	52	0	2	397	24	419	4.33e-142	520
sampleC_part3	KR023705	8235	86.869	396	52	0	2	397	24	419	4.33e-142	520
sampleC_part3	KR023704	8235	86.869	396	52	0	2	397	24	419	4.33e-142	520
sampleC_part3	KR023703	8235	86.869	396	52	0	2	397	24	419	4.33e-142	520
sampleC_part3	KR023702	8235	86.869	396	52	0	2	397	22	417	4.33e-142	520
sampleC_part3	KR023701	8235	86.869	396	52	0	2	397	18	413	4.33e-142	520
sampleC_part3	KR023700	8235	86.869	396	52	0	2	397	24	419	4.33e-142	520
sampleC_part3	KR023699	8235	86.869	396	52	0	2	397	24	419	4.33e-142	520
sampleC_part3	KR023698	8235	86.869	396	52	0	2	397	24	419	4.33e-142	520
sampleC_part3	KR023697	8235	86.869	396	52	0	2	397	24	419	4.33e-142	520
sampleC_part3	JN086151	8235	86.869	396	52	0	2	397	6526	6921	4.33e-142	520
sampleC_part3	PV069720	8238	86.835	395	52	0	2	396	6526	6920	1.56e-141	518
sampleC_part3	LC377898	8238	86.835	395	52	0	2	396	6526	6920	1.56e-141	518
sampleC_part3	AP006034	8237	86.835	395	52	0	2	396	6527	6921	1.56e-141	518
sampleC_part3	KF906721	8238	86.835	395	52	0	2	396	6526	6920	1.56e-141	518
sampleC_part3	GU256524	8238	86.835	395	52	0	2	396	7391	7785	1.56e-141	518
sampleC_part3	NC_008455	8238	86.835	395	52	0	2	396	6526	6920	1.56e-141	518
sampleC_part3	KR023712	8235	86.616	396	53	0	2	397	24	419	2.01e-140	514
sampleC_part3	KR023708	8235	86.923	390	51	0	8	397	2	391	2.01e-140	514
sampleC_part3	KR023696	8235	86.616	396	53	0	2	397	24	419	2.01e-140	514
sampleC_part3	GU256526	8235	86.616	396	53	0	2	397	7391	7786	2.01e-140	514
sampleC_part3	KR023713	8235	86.111	396	55	0	2	397	24	419	2.60e-139	510
sampleC_part3	KR023733	8235	86.472	377	51	0	21	397	1	377	3.39e-133	490
sampleC_part3	NC_005313	217026	82.828	396	68	0	2	397	7367	7762	2.09e-115	431
sampleC_part3	MK548578	217026	82.071	396	71	0	2	397	7395	7790	2.10e-110	414
sampleC_part3	PX070027	217026	82.071	396	71	0	2	397	6528	6923	2.10e-110	414
sampleC_part3	KM651784	217026	82.071	396	71	0	2	397	6528	6923	2.10e-110	414
sampleC_part3	MW232425	217026	82.071	396	71	0	2	397	6528	6923	2.10e-110	414
sampleC_part3	MW232421	217026	82.071	396	71	0	2	397	6528	6923	2.10e-110	414
sampleC_part3	AB105165	217026	82.071	396	71	0	2	397	7369	7764	2.10e-110	414
sampleC_part3	AB103468	217026	82.071	396	71	0	2	397	7369	7764	2.10e-110	414
sampleC_part3	KP259548	217026	81.818	396	72	0	2	397	7371	7766	9.77e-109	409
sampleC_part3	DQ874757	8236	87.544	281	35	0	1	281	367	647	2.13e-100	381
sampleC_part3	PX070013	8232	80.253	395	78	0	2	396	6526	6920	3.56e-98	374
sampleC_part3	PP033005	8232	80.253	395	78	0	2	396	6526	6920	3.56e-98	374
sampleC_part3	NC_052756	8232	80.253	395	78	0	2	396	6526	6920	3.56e-98	374
sampleC_part3	AP012949	8230	79.898	393	78	1	5	396	6525	6917	7.72e-95	363
sampleC_part3	NC_060588	8230	79.898	393	78	1	5	396	6525	6917	7.72e-95	363
sampleC_part3	PP437201	99343	79.093	397	83	0	1	397	8687	9083	6.01e-91	350
sampleC_part3	NC_016420	321164	79.040	396	83	0	2	397	6530	6925	2.16e-90	348
sampleC_part3	KY228987	321164	78.788	396	84	0	2	397	6530	6925	1.01e-88	342
sampleC_part3	NC_034651	255555	78.788	396	82	2	2	396	6527	6921	3.62e-88	340
sampleC_part3	OP404122	13575	78.589	397	85	0	1	397	6548	6944	1.30e-87	339
sampleC_part3	NC_013151	270537	78.827	392	82	1	6	396	6571	6962	1.30e-87	339
sampleC_part3	NC_021392	1238137	78.626	393	84	0	1	393	8670	9062	4.68e-87	337
sampleC_part3	KU315124	13575	78.338	397	86	0	1	397	6548	6944	6.05e-86	333
sampleC_part3	OP404123	13575	78.338	397	86	0	1	397	6548	6944	6.05e-86	333
sampleC_part3	OP404120	13575	78.338	397	86	0	1	397	6548	6944	6.05e-86	333
sampleC_part3	OP404118	13575	78.338	397	86	0	1	397	6548	6944	6.05e-86	333
sampleC_part3	OP404114	13575	78.338	397	86	0	1	397	6548	6944	6.05e-86	333
sampleC_part3	OP404112	13575	78.338	397	86	0	1	397	6548	6944	6.05e-86	333
sampleC_part3	OP404111	13575	78.338	397	86	0	1	397	6548	6944	6.05e-86	333
sampleC_part3	OP404110	13575	78.338	397	86	0	1	397	6548	6944	6.05e-86	333
sampleC_part3	OP404108	13575	78.338	397	86	0	1	397	6548	6944	6.05e-86	333
sampleC_part3	OP404106	13575	78.338	397	86	0	1	397	6548	6944	6.05e-86	333
sampleC_part3	OP404105	13575	78.338	397	86	0	1	397	6548	6944	6.05e-86	333
sampleC_part3	OP404104	13575	78.338	397	86	0	1	397	6548	6944	6.05e-86	333
sampleC_part3	OP404103	13575	78.338	397	86	0	1	397	6548	6944	6.05e-86	333
sampleC_part3	OP404102	13575	78.338	397	86	0	1	397	6548	6944	6.05e-86	333
sampleC_part3	OP404101	13575	78.338	397	86	0	1	397	6548	6944	6.05e-86	333
sampleC_part3	OP404100	13575	78.338	397	86	0	1	397	6548	6944	6.05e-86	333
sampleC_part3	OP404099	13575	78.338	397	86	0	1	397	6548	6944	6.05e-86	333
sampleC_part3	OP404098	13575	78.338	397	86	0	1	397	6548	6944	6.05e-86	333
sampleC_part3	OP404097	13575	78.338	397	86	0	1	397	6548	6944	6.05e-86	333
sampleC_part3	OP404096	13575	78.338	397	86	0	1	397	6548	6944	6.05e-86	333
sampleC_part3	OP404095	13575	78.338	397	86	0	1	397	6548	6944	6.05e-86	333
sampleC_part3	OP404093	13575	78.338	397	86	0	1	397	6548	6944	6.05e-86	333
sampleC_part3	OP404092	13575	78.338	397	86	0	1	397	6548	6944	6.05e-86	333
sampleC_part3	NC_022478	13575	78.338	397	86	0	1	397	6541	6937	6.05e-86	333
sampleC_part3	HM071013	13575	78.338	397	86	0	1	397	1050	1446	6.05e-86	333
sampleC_part3	OP056955	371672	78.283	396	86	0	2	397	6532	6927	2.18e-85	331
sampleC_part3	OM460829	70446	78.283	396	86	0	2	397	9822	9427	2.18e-85	331
sampleC_part3	NC_021391	248138	78.372	393	85	0	1	393	8670	9062	2.18e-85	331
sampleC_part3	JX559744	1238137	78.372	393	85	0	1	393	8435	8827	2.18e-85	331
sampleC_part3	JX559743	1238137	78.372	393	85	0	1	393	8670	9062	2.18e-85	331
sampleC_part3	NC_045927	980329	78.283	396	84	2	2	396	6528	6922	7.83e-85	329
sampleC_part3	OP057054	13604	78.086	397	87	0	1	397	6548	6944	2.81e-84	327
sampleC_part3	OR482451	316150	78.141	398	85	2	1	397	6520	6916	2.81e-84	327
sampleC_part3	OP404151	13575	78.086	397	87	0	1	397	6548	6944	2.81e-84	327
sampleC_part3	OP404150	13575	78.086	397	87	0	1	397	6548	6944	2.81e-84	327
sampleC_part3	OP404149	13575	78.086	397	87	0	1	397	6548	6944	2.81e-84	327
sampleC_part3	OP404148	13575	78.086	397	87	0	1	397	6548	6944	2.81e-84	327
sampleC_part3	OP404147	13575	78.086	397	87	0	1	397	6548	6944	2.81e-84	327
sampleC_part3	OP404146	13575	78.086	397	87	0	1	397	6548	6944	2.81e-84	327
sampleC_part3	OP404145	13575	78.086	397	87	0	1	397	6548	6944	2.81e-84	327
sampleC_part3	OP404144	13575	78.086	397	87	0	1	397	6548	6944	2.81e-84	327
sampleC_part3	OP404143	13575	78.086	397	87	0	1	397	6548	6944	2.81e-84	327
sampleC_part3	OP404142	13575	78.086	397	87	0	1	397	6548	6944	2.81e-84	327
sampleC_part3	OP404141	13575	78.086	397	87	0	1	397	6548	6944	2.81e-84	327
sampleC_part3	OP404140	13575	78.086	397	87	0	1	397	6548	6944	2.81e-84	327
sampleC_part3	OP404138	13575	78.086	397	87	0	1	397	6548	6944	2.81e-84	327
sampleC_part3	OP404137	13575	78.086	397	87	0	1	397	6548	6944	2.81e-84	327
sampleC_part3	OP404136	13575	78.086	397	87	0	1	397	6548	6944	2.81e-84	327
sampleC_part3	OP404135	13575	78.086	397	87	0	1	397	6548	6944	2.81e-84	327
sampleC_part3	OP404134	13575	78.086	397	87	0	1	397	6548	6944	2.81e-84	327
sampleC_part3	OP404133	13575	78.086	397	87	0	1	397	6548	6944	2.81e-84	327
sampleC_part3	OP404132	13575	78.086	397	87	0	1	397	6548	6944	2.81e-84	327
sampleC_part3	OP404131	13575	78.086	397	87	0	1	397	6548	6944	2.81e-84	327
sampleC_part3	OP404130	13575	78.086	397	87	0	1	397	6548	6944	2.81e-84	327
sampleC_part3	OP404129	13575	78.086	397	87	0	1	397	6548	6944	2.81e-84	327
sampleC_part3	OP404128	13575	78.086	397	87	0	1	397	6548	6944	2.81e-84	327
sampleC_part3	OP404127	13575	78.086	397	87	0	1	397	6548	6944	2.81e-84	327
sampleC_part3	OP404126	13575	78.086	397	87	0	1	397	6548	6944	2.81e-84	327
sampleC_part3	OP404125	13575	78.086	397	87	0	1	397	6548	6944	2.81e-84	327
sampleC_part3	OP404124	13575	78.086	397	87	0	1	397	6548	6944	2.81e-84	327
sampleC_part3	OP404121	13575	78.086	397	87	0	1	397	6548	6944	2.81e-84	327
sampleC_part3	OP404119	13575	78.086	397	87	0	1	397	6548	6944	2.81e-84	327
sampleC_part3	OP404117	13575	78.086	397	87	0	1	397	6548	6944	2.81e-84	327
sampleC_part3	OP404116	13575	78.086	397	87	0	1	397	6548	6944	2.81e-84	327
sampleC_part3	OP404115	13575	78.086	397	87	0	1	397	6548	6944	2.81e-84	327
sampleC_part3	OP404113	13575	78.086	397	87	0	1	397	6548	6944	2.81e-84	327
sampleC_part3	OP404094	13575	78.086	397	87	0	1	397	6548	6944	2.81e-84	327
sampleC_part3	OP414774	13604	78.086	397	87	0	1	397	6548	6944	2.81e-84	327
sampleC_part3	NC_022500	1051621	78.086	397	87	0	1	397	6514	6910	2.81e-84	327
sampleC_part3	NC_012680	384371	78.086	397	87	0	1	397	6548	6944	2.81e-84	327
sampleC_part3	NC_012676	13575	78.086	397	87	0	1	397	6548	6944	2.81e-84	327
sampleC_part3	AP012948	70446	78.030	396	87	0	2	397	6558	6953	1.01e-83	326
sampleC_part3	OP056902	1231074	78.030	396	87	0	2	397	7527	7922	1.01e-83	326
sampleC_part3	NC_030006	13604	78.030	396	87	0	2	397	6549	6944	1.01e-83	326
sampleC_part3	OM460828	334878	78.030	396	87	0	2	397	6787	7182	1.01e-83	326
sampleC_part3	NC_020435	352917	78.030	396	87	0	2	397	6544	6939	1.01e-83	326
sampleC_part3	NC_019624	70446	78.030	396	87	0	2	397	7401	7796	1.01e-83	326
sampleC_part3	NC_013485	334878	78.030	396	87	0	2	397	7403	7798	1.01e-83	326
sampleC_part3	NC_003164	143323	78.117	393	85	1	5	396	6718	7110	3.64e-83	324
sampleC_part3	NC_037474	2042712	77.834	397	88	0	1	397	6526	6922	1.31e-82	322
sampleC_part3	OR482449	1051621	77.834	397	88	0	1	397	6514	6910	1.31e-82	322
sampleC_part3	OP404139	13575	77.834	397	88	0	1	397	6548	6944	1.31e-82	322
sampleC_part3	OP404109	13575	77.834	397	88	0	1	397	6548	6944	1.31e-82	322
sampleC_part3	OP404107	13575	77.834	397	88	0	1	397	6548	6944	1.31e-82	322
sampleC_part3	NC_022499	316150	77.889	398	86	2	1	397	6520	6916	1.31e-82	322
sampleC_part3	NC_031424	1188029	77.778	396	88	0	2	397	6547	6942	4.71e-82	320
sampleC_part3	KX373635	274469	77.778	396	88	0	2	397	6555	6950	4.71e-82	320
sampleC_part3	AB355921	435235	77.722	395	88	0	2	396	6533	6927	1.69e-81	318
sampleC_part3	OP035177	47709	77.835	388	86	0	9	396	6547	6934	6.09e-81	316
sampleC_part3	AB205451	316150	77.638	398	87	2	1	397	1050	1446	6.09e-81	316
sampleC_part3	OP035147	13543	77.665	394	87	1	5	397	6534	6927	2.19e-80	315
sampleC_part3	NC_082787	255553	77.582	397	87	2	2	397	6526	6921	2.19e-80	315
sampleC_part3	KT239009	245771	77.525	396	89	0	2	397	6498	6893	2.19e-80	315
sampleC_part3	KT239008	245771	77.525	396	89	0	2	397	6498	6893	2.19e-80	315
sampleC_part3	OP749989	879473	77.525	396	89	0	1	396	6510	6905	2.19e-80	315
sampleC_part3	OP749986	879473	77.525	396	89	0	1	396	6510	6905	2.19e-80	315
sampleC_part3	OP820449	879473	77.525	396	89	0	1	396	6510	6905	2.19e-80	315
sampleC_part3	OP820447	879473	77.525	396	89	0	1	396	6510	6905	2.19e-80	315
sampleC_part3	NC_073148	879473	77.525	396	89	0	1	396	6510	6905	2.19e-80	315
sampleC_part3	OP787979	879473	77.525	396	89	0	1	396	1050	1445	2.19e-80	315
sampleC_part3	AP012502	13543	77.665	394	87	1	5	397	6534	6927	2.19e-80	315
sampleC_part3	AP012254	1069387	77.525	396	89	0	1	396	6824	7219	2.19e-80	315
sampleC_part3	NC_036740	1758749	77.635	389	87	0	9	397	6552	6940	7.88e-80	313
sampleC_part3	KT361083	1819757	77.635	389	87	0	9	397	6553	6941	7.88e-80	313
sampleC_part3	OP035089	192870	77.468	395	89	0	2	396	6532	6926	7.88e-80	313
sampleC_part3	NC_082777	980343	77.468	395	89	0	2	396	6526	6920	7.88e-80	313
sampleC_part3	KT239010	245771	77.468	395	89	0	2	396	6498	6892	7.88e-80	313
sampleC_part3	NC_068843	91658	77.468	395	89	0	2	396	6651	7045	7.88e-80	313
sampleC_part3	KF956522	75350	77.635	389	87	0	9	397	6552	6940	7.88e-80	313
sampleC_part3	MZ521000	75350	77.635	389	87	0	9	397	6552	6940	7.88e-80	313
sampleC_part3	NC_085256	47709	77.577	388	87	0	9	396	1058	1445	2.83e-79	311
sampleC_part3	NC_085254	47701	77.330	397	90	0	1	397	1050	1446	2.83e-79	311
sampleC_part3	NC_057285	175437	77.551	392	87	1	6	396	6536	6927	2.83e-79	311
sampleC_part3	MH638324	1530446	77.273	396	90	0	1	396	6523	6918	1.02e-78	309
sampleC_part3	PV590088	2910462	77.273	396	90	0	2	397	6558	6953	1.02e-78	309
sampleC_part3	NC_034650	1043177	77.273	396	90	0	1	396	6528	6923	1.02e-78	309
sampleC_part3	OP035316	13587	77.273	396	90	0	2	397	7253	7648	1.02e-78	309
sampleC_part3	NC_082810	192378	77.330	397	88	2	1	396	6530	6925	1.02e-78	309
sampleC_part3	OP750003	879473	77.273	396	90	0	1	396	6511	6906	1.02e-78	309
sampleC_part3	OP750001	879473	77.273	396	90	0	1	396	6510	6905	1.02e-78	309
sampleC_part3	OP749998	879473	77.273	396	90	0	1	396	6510	6905	1.02e-78	309
sampleC_part3	OP749997	879473	77.273	396	90	0	1	396	6510	6905	1.02e-78	309
sampleC_part3	OP749994	879473	77.273	396	90	0	1	396	6510	6905	1.02e-78	309
sampleC_part3	OP749990	879473	77.273	396	90	0	1	396	6510	6905	1.02e-78	309
sampleC_part3	OP749987	879473	77.273	396	90	0	1	396	6510	6905	1.02e-78	309
sampleC_part3	OP749985	879473	77.273	396	90	0	1	396	6510	6905	1.02e-78	309
sampleC_part3	OP820446	879473	77.273	396	90	0	1	396	6510	6905	1.02e-78	309
sampleC_part3	OP820445	879473	77.273	396	90	0	1	396	6510	6905	1.02e-78	309
sampleC_part3	MT897993	1530446	77.273	396	90	0	1	396	6522	6917	1.02e-78	309
sampleC_part3	NC_024739	1530446	77.273	396	90	0	1	396	6522	6917	1.02e-78	309
sampleC_part3	OZ362906	160705	77.215	395	90	0	2	396	3818	4212	3.67e-78	307
sampleC_part3	MT363637	192376	77.273	396	88	2	2	396	6530	6924	3.67e-78	307
sampleC_part3	PV276238	160705	77.215	395	90	0	2	396	6635	7029	3.67e-78	307
sampleC_part3	NC_087987	160705	77.215	395	90	0	2	396	6635	7029	3.67e-78	307
sampleC_part3	AP011334	291825	77.378	389	88	0	9	397	6550	6938	3.67e-78	307
sampleC_part3	NC_083057	258452	77.215	395	90	0	2	396	7591	7985	3.67e-78	307
sampleC_part3	NC_029388	1435197	77.378	389	88	0	9	397	6552	6940	3.67e-78	307
sampleC_part3	NC_063704	435235	77.215	395	90	0	2	396	7375	7769	3.67e-78	307
sampleC_part3	AB890091	316347	77.354	393	88	1	5	396	1053	1445	3.67e-78	307
sampleC_part3	NC_022929	75350	77.378	389	88	0	9	397	6553	6941	3.67e-78	307
sampleC_part3	AP012245	91658	77.215	395	90	0	2	396	6650	7044	3.67e-78	307
sampleC_part3	AP012234	152771	77.215	395	90	0	2	396	6608	7002	3.67e-78	307
sampleC_part3	FJ346785	316347	77.354	393	88	1	5	396	1023	1415	3.67e-78	307
sampleC_part3	NC_085252	88698	77.078	397	91	0	1	397	1050	1446	1.32e-77	305
sampleC_part3	PQ766760	586850	77.020	396	91	0	2	397	6535	6930	4.74e-77	303
sampleC_part3	LC341245	458605	77.020	396	91	0	1	396	6635	7030	4.74e-77	303
sampleC_part3	PP079470	3111649	77.136	398	87	4	1	396	1050	1445	4.74e-77	303
sampleC_part3	PP796836	80948	77.020	396	91	0	1	396	6529	6924	4.74e-77	303
sampleC_part3	AP011333	381608	77.020	396	91	0	2	397	6545	6940	4.74e-77	303
sampleC_part3	OP035162	40502	77.078	397	89	2	1	396	6534	6929	4.74e-77	303
sampleC_part3	NC_082789	274770	77.020	396	91	0	1	396	6524	6919	4.74e-77	303
sampleC_part3	NC_029348	381608	77.020	396	91	0	2	397	6544	6939	4.74e-77	303
sampleC_part3	OP575311	879477	77.136	398	87	4	1	396	6508	6903	4.74e-77	303
sampleC_part3	NC_073503	879477	77.136	398	87	4	1	396	6508	6903	4.74e-77	303
sampleC_part3	OP750002	879473	77.020	396	91	0	1	396	6510	6905	4.74e-77	303
sampleC_part3	OP750000	879473	77.020	396	91	0	1	396	6510	6905	4.74e-77	303
sampleC_part3	OP749999	879473	77.020	396	91	0	1	396	6510	6905	4.74e-77	303
sampleC_part3	OP749996	879473	77.020	396	91	0	1	396	6510	6905	4.74e-77	303
sampleC_part3	OP749993	879473	77.020	396	91	0	1	396	6510	6905	4.74e-77	303
sampleC_part3	OP749991	879473	77.020	396	91	0	1	396	6510	6905	4.74e-77	303
sampleC_part3	OP749988	879473	77.020	396	91	0	1	396	6510	6905	4.74e-77	303
sampleC_part3	OP820448	879473	77.020	396	91	0	1	396	6510	6905	4.74e-77	303
sampleC_part3	OP787977	879473	77.020	396	91	0	1	396	1050	1445	4.74e-77	303
sampleC_part3	MT954104	192871	77.020	396	91	0	1	396	6529	6924	4.74e-77	303
sampleC_part3	NC_011599	242806	77.020	396	91	0	1	396	6615	7010	4.74e-77	303
sampleC_part3	NC_009064	192871	77.020	396	91	0	1	396	6529	6924	4.74e-77	303
sampleC_part3	MK421554	75358	77.121	389	89	0	9	397	6554	6942	1.71e-76	302
sampleC_part3	LC493907	1266884	76.962	395	91	0	2	396	6725	7119	1.71e-76	302
sampleC_part3	AP006786	72450	77.020	396	89	2	2	396	6531	6925	1.71e-76	302
sampleC_part3	PV637424	3422434	76.962	395	91	0	2	396	6516	6910	1.71e-76	302
sampleC_part3	PV637420	3422434	76.962	395	91	0	2	396	6516	6910	1.71e-76	302
sampleC_part3	LC387779	907713	76.962	395	91	0	2	396	6682	7076	1.71e-76	302
sampleC_part3	AP017443	72450	77.020	396	89	2	2	396	6531	6925	1.71e-76	302
sampleC_part3	OP035125	1508078	77.099	393	89	1	5	396	6548	6940	1.71e-76	302
sampleC_part3	NC_028630	72450	77.020	396	89	2	2	396	6531	6925	1.71e-76	302
sampleC_part3	NC_068864	328521	77.121	389	89	0	9	397	6549	6937	1.71e-76	302
sampleC_part3	KF857485	1451184	77.121	389	89	0	9	397	7492	7880	1.71e-76	302
sampleC_part3	NC_022143	160708	76.962	395	91	0	2	396	6566	6960	1.71e-76	302
sampleC_part3	NC_021459	192376	77.020	396	89	2	2	396	6532	6926	1.71e-76	302
sampleC_part3	PV720032	372800	76.826	397	92	0	1	397	6687	7083	6.14e-76	300
sampleC_part3	PV720030	372800	76.826	397	92	0	1	397	6685	7081	6.14e-76	300
sampleC_part3	OP035218	1311505	78.470	353	76	0	44	396	6570	6922	6.14e-76	300
sampleC_part3	OP035114	1311505	78.470	353	76	0	44	396	6570	6922	6.14e-76	300
sampleC_part3	OP035091	372800	76.826	397	92	0	1	397	6688	7084	6.14e-76	300
sampleC_part3	NC_030009	401699	76.826	397	92	0	1	397	6547	6943	6.14e-76	300
sampleC_part3	HM071009	401699	76.826	397	92	0	1	397	1050	1446	6.14e-76	300
sampleC_part3	AP006775	207619	76.768	396	92	0	1	396	6496	6891	2.21e-75	298
sampleC_part3	AP006774	129035	76.768	396	92	0	1	396	6571	6966	2.21e-75	298
sampleC_part3	PV276240	241269	76.768	396	92	0	1	396	6542	6937	2.21e-75	298
sampleC_part3	PP796834	146145	76.768	396	92	0	1	396	6533	6928	2.21e-75	298
sampleC_part3	NC_036147	446433	76.768	396	92	0	1	396	6525	6920	2.21e-75	298
sampleC_part3	NC_036146	446432	76.768	396	92	0	1	396	6523	6918	2.21e-75	298
sampleC_part3	NC_034337	207619	76.768	396	92	0	1	396	6496	6891	2.21e-75	298
sampleC_part3	OP035112	586832	76.768	396	92	0	1	396	6529	6924	2.21e-75	298
sampleC_part3	OP575312	879477	76.884	398	88	4	1	396	6508	6903	2.21e-75	298
sampleC_part3	OP575310	879477	76.884	398	88	4	1	396	6508	6903	2.21e-75	298
sampleC_part3	OP787978	879473	76.768	396	92	0	1	396	1050	1445	2.21e-75	298
sampleC_part3	OP035303	175432	76.904	394	90	1	5	397	6529	6922	2.21e-75	298
sampleC_part3	NC_022177	106585	76.826	397	91	1	1	396	6543	6939	2.21e-75	298
sampleC_part3	NC_011180	129035	76.768	396	92	0	1	396	6571	6966	2.21e-75	298
sampleC_part3	NC_009589	365052	76.768	396	92	0	1	396	6519	6914	2.21e-75	298
sampleC_part3	AP006787	270554	76.845	393	90	1	5	396	6529	6921	7.94e-75	296
sampleC_part3	NC_044104	396785	76.768	396	90	2	2	396	6538	6932	7.94e-75	296
sampleC_part3	MZ567025	50731	76.904	394	88	3	5	396	6531	6923	7.94e-75	296
sampleC_part3	NC_085738	50731	76.904	394	88	3	5	396	6532	6924	7.94e-75	296
sampleC_part3	MZ567018	646011	76.904	394	88	3	5	396	6531	6923	7.94e-75	296
sampleC_part3	NC_085737	646011	76.904	394	88	3	5	396	6532	6924	7.94e-75	296
sampleC_part3	OR641527	72078	76.709	395	92	0	2	396	6532	6926	7.94e-75	296
sampleC_part3	OR641526	72078	76.709	395	92	0	2	396	6532	6926	7.94e-75	296
sampleC_part3	OP035262	1156124	76.709	395	92	0	2	396	6540	6934	7.94e-75	296
sampleC_part3	OR499739	274768	76.709	395	92	0	2	396	7247	7641	7.94e-75	296
sampleC_part3	OR499728	1633468	76.709	395	92	0	2	396	7536	7930	7.94e-75	296
sampleC_part3	NC_082764	72078	76.709	395	92	0	2	396	6532	6926	7.94e-75	296
sampleC_part3	NC_082531	2759230	76.709	395	92	0	2	396	6540	6934	7.94e-75	296
sampleC_part3	AB770486	72450	76.768	396	90	2	2	396	6536	6930	7.94e-75	296
sampleC_part3	MW376909	226939	76.709	395	92	0	2	396	6525	6919	7.94e-75	296
sampleC_part3	OK172094	52273	76.845	393	90	1	5	396	1053	1445	7.94e-75	296
sampleC_part3	NC_022678	75358	76.864	389	90	0	9	397	7491	7879	7.94e-75	296
sampleC_part3	NC_018816	75354	76.864	389	90	0	9	397	6554	6942	7.94e-75	296
sampleC_part3	JQ596867	323802	76.709	395	92	0	2	396	948	1342	7.94e-75	296
sampleC_part3	JQ596862	323802	76.709	395	92	0	2	396	948	1342	7.94e-75	296
sampleC_part3	JQ596861	323802	76.709	395	92	0	2	396	948	1342	7.94e-75	296
sampleC_part3	AP009612	1194723	76.709	395	92	0	2	396	6583	6977	7.94e-75	296
sampleC_part3	NC_012705	1194723	76.709	395	92	0	2	396	6582	6976	7.94e-75	296
sampleC_part3	PP060933	229121	76.804	388	90	0	9	396	6549	6936	2.86e-74	294
sampleC_part3	NC_083025	372800	76.574	397	93	0	1	397	6682	7078	2.86e-74	294
sampleC_part3	NC_030010	13719	76.574	397	93	0	1	397	6549	6945	2.86e-74	294
sampleC_part3	KU315126	13721	76.574	397	93	0	1	397	6548	6944	2.86e-74	294
sampleC_part3	OP414775	13719	76.574	397	93	0	1	397	6548	6944	2.86e-74	294
sampleC_part3	KJ510417	13603	76.574	397	93	0	1	397	6548	6944	2.86e-74	294
sampleC_part3	KJ510416	13603	76.574	397	93	0	1	397	6548	6944	2.86e-74	294
sampleC_part3	HM071012	13719	76.574	397	93	0	1	397	1050	1446	2.86e-74	294
sampleC_part3	HM071010	13721	76.574	397	93	0	1	397	1050	1446	2.86e-74	294
sampleC_part3	HM071008	13723	76.574	397	93	0	1	397	1050	1446	2.86e-74	294
sampleC_part3	GQ202124	13604	76.574	397	93	0	1	397	1050	1446	2.86e-74	294
sampleC_part3	GQ202125	13721	76.574	397	93	0	1	397	1050	1446	2.86e-74	294
sampleC_part3	NC_012678	13721	76.574	397	93	0	1	397	6548	6944	2.86e-74	294
sampleC_part3	NC_012675	13603	76.574	397	93	0	1	397	6547	6943	2.86e-74	294
sampleC_part3	MK430069	214812	76.515	396	93	0	2	397	6527	6922	1.03e-73	292
sampleC_part3	MK034755	207619	76.515	396	93	0	1	396	6496	6891	1.03e-73	292
sampleC_part3	PP928743	446431	76.515	396	93	0	1	396	1050	1445	1.03e-73	292
sampleC_part3	MZ618237	50731	76.574	397	91	2	1	396	6528	6923	1.03e-73	292
sampleC_part3	OP057083	3356798	76.515	396	93	0	1	396	6664	7059	1.03e-73	292
sampleC_part3	NC_083004	2996719	76.515	396	93	0	1	396	6535	6930	1.03e-73	292
sampleC_part3	KU049658	214812	76.515	396	93	0	2	397	1051	1446	1.03e-73	292
sampleC_part3	KU049657	214812	76.515	396	93	0	2	397	1051	1446	1.03e-73	292
sampleC_part3	KU049655	214812	76.515	396	93	0	2	397	1051	1446	1.03e-73	292
sampleC_part3	KU049654	214812	76.515	396	93	0	2	397	1051	1446	1.03e-73	292
sampleC_part3	NC_082283	1508112	76.515	396	93	0	1	396	6524	6919	1.03e-73	292
sampleC_part3	OP749992	879473	76.515	396	93	0	1	396	6510	6905	1.03e-73	292
sampleC_part3	OK326863	80972	76.515	396	93	0	1	396	6533	6928	1.03e-73	292
sampleC_part3	NC_024433	358388	76.515	396	93	0	2	397	6528	6923	1.03e-73	292
sampleC_part3	NC_009065	80972	76.515	396	93	0	1	396	6532	6927	1.03e-73	292
sampleC_part3	LC493910	394696	76.456	395	93	0	2	396	6533	6927	3.69e-73	291
sampleC_part3	MH409959	1412984	76.456	395	93	0	2	396	6528	6922	3.69e-73	291
sampleC_part3	PV170625	1459836	76.590	393	91	1	5	396	6548	6940	3.69e-73	291
sampleC_part3	PV170597	1156133	76.590	393	91	1	5	396	6553	6945	3.69e-73	291
sampleC_part3	PV170596	1156133	76.590	393	91	1	5	396	6554	6946	3.69e-73	291
sampleC_part3	PV170542	1156133	76.590	393	91	1	5	396	6554	6946	3.69e-73	291
sampleC_part3	PQ858634	394696	76.456	395	93	0	2	396	7339	7733	3.69e-73	291
sampleC_part3	PQ858633	394696	76.456	395	93	0	2	396	1473	1867	3.69e-73	291
sampleC_part3	PQ858632	394696	76.456	395	93	0	2	396	6786	7180	3.69e-73	291
sampleC_part3	PQ858631	394691	76.456	395	93	0	2	396	7340	7734	3.69e-73	291
sampleC_part3	PQ858630	394691	76.456	395	93	0	2	396	7340	7734	3.69e-73	291
sampleC_part3	PQ858629	394691	76.456	395	93	0	2	396	6450	6844	3.69e-73	291
sampleC_part3	NC_036048	394691	76.456	395	93	0	2	396	6533	6927	3.69e-73	291
sampleC_part3	OR641502	72055	76.456	395	93	0	2	396	6532	6926	3.69e-73	291
sampleC_part3	OR641501	72055	76.456	395	93	0	2	396	6532	6926	3.69e-73	291
sampleC_part3	OP056927	1110611	76.590	393	91	1	5	396	6548	6940	3.69e-73	291
sampleC_part3	OP056844	161915	76.607	389	91	0	2	390	6677	7065	3.69e-73	291
sampleC_part3	NC_083058	161915	76.607	389	91	0	2	390	6676	7064	3.69e-73	291
sampleC_part3	NC_082817	433386	76.590	393	91	1	5	396	6526	6918	3.69e-73	291
sampleC_part3	NC_082790	72086	76.456	395	93	0	2	396	6537	6931	3.69e-73	291
sampleC_part3	NC_082763	72108	76.456	395	93	0	2	396	6533	6927	3.69e-73	291
sampleC_part3	NC_082757	72055	76.456	395	93	0	2	396	6532	6926	3.69e-73	291
sampleC_part3	NC_082547	1003968	76.590	393	91	1	5	396	6531	6923	3.69e-73	291
sampleC_part3	NC_029474	1480063	76.456	395	93	0	2	396	6510	6904	3.69e-73	291
sampleC_part3	OQ581450	1156133	76.590	393	91	1	5	396	6553	6945	3.69e-73	291
sampleC_part3	KT357695	82895	76.456	395	93	0	2	396	6532	6926	3.69e-73	291
sampleC_part3	OP035073	1156133	76.590	393	91	1	5	396	6553	6945	3.69e-73	291
sampleC_part3	OK323243	238049	77.966	354	78	0	43	396	6574	6927	3.69e-73	291
sampleC_part3	MW448544	3363520	76.456	395	93	0	2	396	6521	6915	3.69e-73	291
sampleC_part3	NC_017898	1040955	76.456	395	93	0	2	396	6529	6923	3.69e-73	291
sampleC_part3	JQ060612	1111466	76.574	397	89	3	2	396	948	1342	3.69e-73	291
sampleC_part3	NC_008680	357290	76.590	393	91	1	5	396	6522	6914	3.69e-73	291
sampleC_part3	NC_084077	147211	76.546	388	91	0	9	396	6531	6918	1.33e-72	289
sampleC_part3	NC_083066	390302	76.607	389	89	2	9	396	6913	7300	1.33e-72	289
sampleC_part3	NC_030008	13722	76.322	397	94	0	1	397	6548	6944	1.33e-72	289
sampleC_part3	NC_030007	13723	76.322	397	94	0	1	397	6548	6944	1.33e-72	289
sampleC_part3	NC_082530	475168	76.531	392	91	1	6	396	6538	6929	1.33e-72	289
sampleC_part3	OL688779	304271	76.546	388	91	0	9	396	6533	6920	1.33e-72	289
sampleC_part3	NC_053270	192016	76.702	382	89	0	9	390	6531	6912	1.33e-72	289
sampleC_part3	HM071011	13604	76.322	397	94	0	1	397	1050	1446	1.33e-72	289
sampleC_part3	HM071007	13720	76.322	397	94	0	1	397	1050	1446	1.33e-72	289
sampleC_part3	NC_003189	47700	76.322	397	94	0	1	397	6525	6921	1.33e-72	289
sampleC_part3	MN641875	927822	76.263	396	94	0	2	397	6501	6896	4.78e-72	287
sampleC_part3	NC_043916	260525	76.263	396	94	0	1	396	6534	6929	4.78e-72	287
sampleC_part3	NC_036149	61641	76.263	396	94	0	1	396	6526	6921	4.78e-72	287
sampleC_part3	NC_036148	200676	76.263	396	94	0	1	396	6527	6922	4.78e-72	287
sampleC_part3	NC_088021	390373	76.263	396	94	0	2	397	6533	6928	4.78e-72	287
sampleC_part3	AP012110	75350	76.263	396	94	0	2	397	6546	6941	4.78e-72	287
sampleC_part3	OP056871	390373	76.263	396	94	0	2	397	6533	6928	4.78e-72	287
sampleC_part3	OP035151	879476	76.263	396	94	0	1	396	6507	6902	4.78e-72	287
sampleC_part3	OP035065	753651	76.396	394	92	1	5	397	6532	6925	4.78e-72	287
sampleC_part3	OP056958	59661	76.322	397	92	2	1	396	6611	7006	4.78e-72	287
sampleC_part3	OP056950	40494	76.263	396	94	0	1	396	6535	6930	4.78e-72	287
sampleC_part3	OP056940	1236058	76.322	397	92	2	1	396	6611	7006	4.78e-72	287
sampleC_part3	OP056934	40503	76.263	396	94	0	1	396	6534	6929	4.78e-72	287
sampleC_part3	OP056816	161916	76.322	397	93	1	1	396	6555	6951	4.78e-72	287
sampleC_part3	KU049656	214812	76.263	396	94	0	2	397	1051	1446	4.78e-72	287
sampleC_part3	AB980197	80972	76.263	396	94	0	1	396	6643	7038	4.78e-72	287
sampleC_part3	NC_027228	1551541	76.263	396	94	0	2	397	6524	6919	4.78e-72	287
sampleC_part3	KF746198	1443077	76.263	396	94	0	2	397	6529	6924	4.78e-72	287
sampleC_part3	NC_025317	1550065	76.263	396	94	0	2	397	6526	6921	4.78e-72	287
sampleC_part3	NC_024876	1443077	76.263	396	94	0	2	397	6528	6923	4.78e-72	287
sampleC_part3	MW532122	2879624	76.336	393	93	0	1	393	6533	6925	4.78e-72	287
sampleC_part3	MW732165	57734	76.263	396	94	0	1	396	6523	6918	4.78e-72	287
sampleC_part3	MW732163	61627	76.263	396	94	0	1	396	6523	6918	4.78e-72	287
sampleC_part3	JQ060622	1111470	76.263	396	94	0	1	396	947	1342	4.78e-72	287
sampleC_part3	NC_015822	119488	76.263	396	94	0	2	397	6529	6924	4.78e-72	287
sampleC_part3	NC_014851	290628	76.322	397	92	2	1	396	6517	6912	4.78e-72	287
sampleC_part3	NC_005960	8519	76.336	393	93	0	2	394	6331	6723	4.78e-72	287
sampleC_part3	LC493909	394708	76.203	395	94	0	2	396	6533	6927	1.72e-71	285
sampleC_part3	NC_044649	355514	76.203	395	94	0	2	396	6532	6926	1.72e-71	285
sampleC_part3	PV170541	1156133	76.336	393	92	1	5	396	6553	6945	1.72e-71	285
sampleC_part3	PV170539	1459836	76.336	393	92	1	5	396	6548	6940	1.72e-71	285
sampleC_part3	MG784718	290630	76.276	392	93	0	2	393	6523	6914	1.72e-71	285
sampleC_part3	MZ567031	50731	76.396	394	90	3	5	396	6531	6923	1.72e-71	285
sampleC_part3	MZ567030	50731	76.396	394	90	3	5	396	6531	6923	1.72e-71	285
sampleC_part3	MZ567029	50731	76.396	394	90	3	5	396	6531	6923	1.72e-71	285
sampleC_part3	MZ567028	50731	76.396	394	90	3	5	396	6531	6923	1.72e-71	285
sampleC_part3	MZ567026	50731	76.396	394	90	3	5	396	6531	6923	1.72e-71	285
sampleC_part3	MZ567024	50731	76.396	394	90	3	5	396	6531	6923	1.72e-71	285
sampleC_part3	MZ567023	50731	76.396	394	90	3	5	396	6531	6923	1.72e-71	285
sampleC_part3	MZ567022	50731	76.396	394	90	3	5	396	6530	6922	1.72e-71	285
sampleC_part3	MZ567020	50731	76.396	394	90	3	5	396	6531	6923	1.72e-71	285
sampleC_part3	OR641525	72076	76.203	395	94	0	2	396	6535	6929	1.72e-71	285
sampleC_part3	OR641524	72076	76.203	395	94	0	2	396	6533	6927	1.72e-71	285
sampleC_part3	OR641523	72076	76.203	395	94	0	2	396	6534	6928	1.72e-71	285
sampleC_part3	OR641522	72076	76.203	395	94	0	2	396	6534	6928	1.72e-71	285
sampleC_part3	OR641521	72076	76.203	395	94	0	2	396	6534	6928	1.72e-71	285
sampleC_part3	OR641510	72063	76.203	395	94	0	2	396	6532	6926	1.72e-71	285
sampleC_part3	OR641507	72063	76.203	395	94	0	2	396	6532	6926	1.72e-71	285
sampleC_part3	OP057028	50731	76.396	394	90	3	5	396	6531	6923	1.72e-71	285
sampleC_part3	NC_082996	430081	76.336	393	92	1	5	396	6517	6909	1.72e-71	285
sampleC_part3	NC_082814	433391	76.203	395	94	0	2	396	6525	6919	1.72e-71	285
sampleC_part3	NC_082788	72106	76.203	395	94	0	2	396	6532	6926	1.72e-71	285
sampleC_part3	OR482534	72085	76.203	395	94	0	2	396	6533	6927	1.72e-71	285
sampleC_part3	NC_082767	72076	76.203	395	94	0	2	396	6534	6928	1.72e-71	285
sampleC_part3	NC_029472	1480064	76.203	395	94	0	2	396	6509	6903	1.72e-71	285
sampleC_part3	OP179302	1459836	76.336	393	92	1	5	396	7022	7414	1.72e-71	285
sampleC_part3	KF999847	163132	76.203	395	94	0	2	396	1051	1445	1.72e-71	285
sampleC_part3	MN920430	163132	76.203	395	94	0	2	396	6576	6970	1.72e-71	285
sampleC_part3	NC_060710	72085	76.203	395	94	0	2	396	6533	6927	1.72e-71	285
sampleC_part3	NC_024184	173342	77.809	356	75	2	44	397	6605	6958	1.72e-71	285
sampleC_part3	NC_056783	394699	76.203	395	94	0	2	396	6533	6927	1.72e-71	285
sampleC_part3	NC_018770	290630	76.276	392	93	0	2	393	6522	6913	1.72e-71	285
sampleC_part3	NC_056114	163132	76.203	395	94	0	2	396	6576	6970	1.72e-71	285
sampleC_part3	JQ596864	323802	76.203	395	94	0	2	396	948	1342	1.72e-71	285
sampleC_part3	JQ596863	323802	76.203	395	94	0	2	396	948	1342	1.72e-71	285
sampleC_part3	NC_052754	394708	76.203	395	94	0	2	396	6533	6927	1.72e-71	285
sampleC_part3	NC_014889	497904	76.203	395	94	0	2	396	6510	6904	1.72e-71	285
sampleC_part3	NC_011571	134920	76.203	395	94	0	2	396	6512	6906	1.72e-71	285
sampleC_part3	NC_085253	586833	76.071	397	95	0	1	397	1050	1446	6.18e-71	283
sampleC_part3	OP057070	13720	76.071	397	95	0	1	397	6548	6944	6.18e-71	283
sampleC_part3	OP035317	88698	76.071	397	95	0	1	397	6525	6921	6.18e-71	283
sampleC_part3	KU315125	13720	76.071	397	95	0	1	397	6548	6944	6.18e-71	283
sampleC_part3	OP414776	13720	76.071	397	95	0	1	397	6548	6944	6.18e-71	283
sampleC_part3	NC_012679	13720	76.071	397	95	0	1	397	6548	6944	6.18e-71	283
sampleC_part3	PV699396	56560	76.142	394	93	1	5	397	6626	7019	2.22e-70	281
sampleC_part3	PV699391	56559	76.142	394	93	1	5	397	6626	7019	2.22e-70	281
sampleC_part3	PV710556	206124	76.010	396	95	0	2	397	6521	6916	2.22e-70	281
sampleC_part3	MF346885	200676	76.010	396	95	0	1	396	6526	6921	2.22e-70	281
sampleC_part3	KX829024	194366	76.010	396	95	0	2	397	6546	6941	2.22e-70	281
sampleC_part3	KX829023	194366	76.010	396	95	0	2	397	6546	6941	2.22e-70	281
sampleC_part3	KT001153	64144	76.071	397	93	2	2	397	6514	6909	2.22e-70	281
sampleC_part3	NC_068747	2202366	76.010	396	95	0	2	397	6549	6944	2.22e-70	281
sampleC_part3	OL688781	304271	76.010	396	95	0	1	396	6524	6919	2.22e-70	281
sampleC_part3	NC_026693	1616773	76.010	396	95	0	2	397	6545	6940	2.22e-70	281
sampleC_part3	MH120410	263419	76.010	396	95	0	2	397	1021	1416	2.22e-70	281
sampleC_part3	MH120400	263419	76.010	396	95	0	2	397	1043	1438	2.22e-70	281
sampleC_part3	NC_024277	436498	76.010	396	95	0	2	397	6546	6941	2.22e-70	281
sampleC_part3	MW732164	61626	76.010	396	95	0	1	396	6523	6918	2.22e-70	281
sampleC_part3	NC_020013	194371	76.010	396	95	0	2	397	6549	6944	2.22e-70	281
sampleC_part3	MN653734	263419	76.010	396	95	0	2	397	1043	1438	2.22e-70	281
sampleC_part3	MN653724	263419	76.010	396	95	0	2	397	1043	1438	2.22e-70	281
sampleC_part3	NC_011928	242802	76.010	396	95	0	1	396	6613	7008	2.22e-70	281
sampleC_part3	NC_010963	232193	76.010	396	95	0	1	396	6531	6926	2.22e-70	281
sampleC_part3	PV170626	443712	76.081	393	93	1	5	396	6553	6945	7.99e-70	279
sampleC_part3	NC_009588	373251	77.586	348	78	0	43	390	6553	6900	7.99e-70	279
sampleC_part3	PV742848	390314	77.119	354	81	0	44	397	6580	6933	3.72e-68	274
sampleC_part3	PV276247	390314	77.119	354	81	0	44	397	6580	6933	3.72e-68	274
sampleC_part3	PV276246	390314	77.119	354	81	0	44	397	6580	6933	3.72e-68	274
sampleC_part3	PP032964	390314	77.119	354	81	0	44	397	6580	6933	3.72e-68	274
sampleC_part3	NC_082750	390314	77.119	354	81	0	44	397	6580	6933	3.72e-68	274
sampleC_part3	NC_063781	3394343	77.299	348	79	0	50	397	6546	6893	3.72e-68	274
sampleC_part3	AP012233	123333	77.119	354	81	0	43	396	6687	7040	3.72e-68	274
sampleC_part3	DQ874754	8232	82.114	246	44	0	2	247	368	613	8.11e-60	246
