sampleD_part2	JX454969	27794	96.190	525	20	0	1	525	5929	6453	0.0	891	27794	Dermochelys coriacea	species
sampleD_part2	JX454980	27787	86.667	525	70	0	1	525	5918	6442	2.03e-170	614	27787	Eretmochelys imbricata	species
sampleD_part2	NC_018550	27790	86.286	525	72	0	1	525	5939	6463	4.39e-167	603	27790	Natator depressus	species
sampleD_part2	LR697082	569598	85.932	526	72	2	1	525	5887	6411	9.50e-164	592	569598	Stigmochelys pardalis	species
sampleD_part2	JX454976	8469	85.905	525	74	0	1	525	5925	6449	9.50e-164	592	8469	Chelonia mydas	species
sampleD_part2	LC574978	204960	85.524	525	76	0	1	525	5946	6470	2.06e-160	580	204960	Geoemyda japonica	species
sampleD_part2	LR697065	180177	85.361	526	75	2	1	525	5883	6407	9.57e-159	575	180177	Cylindraspis triserrata	species
sampleD_part2	MG912793	1137937	85.115	524	78	0	1	524	10485	9962	1.60e-156	568	1137937	Chelonoidis duncanensis	species
sampleD_part2	MT017691	66189	85.221	521	77	0	1	521	5363	5883	1.60e-156	568	66189	Chelonoidis niger	species
sampleD_part2	OM719686	1129807	85.221	521	77	0	1	521	5926	6446	1.60e-156	568	1129807	Chelonoidis phantasticus	species
sampleD_part2	AP019397	176196	84.952	525	79	0	1	525	5920	6444	2.07e-155	564	176196	Mauremys japonica	species
sampleD_part2	DQ080050	86975	84.952	525	79	0	1	525	5921	6445	2.07e-155	564	86975	Testudo graeca	species
sampleD_part2	NC_051478	106732	85.029	521	78	0	1	521	5417	5937	7.45e-155	562	106732	Chelonoidis porteri	species
sampleD_part2	JX454982	8472	84.762	525	80	0	1	525	5922	6446	9.64e-154	558	8472	Lepidochelys kempii	species
sampleD_part2	LR697070	286001	84.866	522	79	0	1	522	5884	6405	9.64e-154	558	286001	Chersina angulata	species
sampleD_part2	NC_007699	101700	84.762	525	78	2	1	524	5923	6446	3.47e-153	556	101700	Testudo kleinmanni	species
sampleD_part2	LT599486	106731	84.837	521	79	0	1	521	5775	6295	3.47e-153	556	106731	Chelonoidis vicina	species
sampleD_part2	NC_011815	74924	84.837	521	79	0	1	521	5912	6432	3.47e-153	556	74924	Manouria impressa	species
sampleD_part2	NC_051480	2203395	84.837	521	79	0	1	521	5417	5937	3.47e-153	556	2203395	Chelonoidis guntheri	species
sampleD_part2	NC_051482	2039269	84.837	521	79	0	1	521	5417	5937	3.47e-153	556	2039269	Chelonoidis microphyes	species
sampleD_part2	OU230558	50047	84.837	521	79	0	1	521	5924	6444	3.47e-153	556	50047	Chelonoidis carbonarius	species
sampleD_part2	FR694649	8467	84.571	525	81	0	1	525	5923	6447	4.48e-152	553	8467	Caretta caretta	species
sampleD_part2	JX454979	27788	84.571	525	81	0	1	525	5918	6442	4.48e-152	553	27788	Lepidochelys olivacea	species
sampleD_part2	MT372822	204942	84.645	521	80	0	1	521	5919	6439	1.61e-151	551	204942	Sacalia bealei	species
sampleD_part2	NC_051481	2039268	84.645	521	80	0	1	521	5417	5937	1.61e-151	551	2039268	Chelonoidis vandenburghi	species
sampleD_part2	DQ080046	86976	84.381	525	82	0	1	525	5399	5923	2.09e-150	547	86976	Testudo hermanni	species
sampleD_part2	JN999703	82168	84.381	525	82	0	1	525	5874	6398	2.09e-150	547	82168	Emys orbicularis	species
sampleD_part2	LR697080	66194	84.381	525	82	0	1	525	5862	6386	2.09e-150	547	66194	Pyxis arachnoides	species
sampleD_part2	NC_007693	260614	84.381	525	82	0	1	525	5925	6449	2.09e-150	547	260614	Manouria emys	species
sampleD_part2	NC_007697	101699	84.381	525	82	0	1	525	5922	6446	2.09e-150	547	101699	Testudo horsfieldii	species
sampleD_part2	LR697060	180175	84.351	524	82	0	1	524	5883	6406	7.50e-150	545	180175	Cylindraspis indica	species
sampleD_part2	MT017692	106735	84.453	521	81	0	1	521	5389	5909	7.50e-150	545	106735	Chelonoidis chathamensis	species
sampleD_part2	NC_051472	106734	84.453	521	81	0	1	521	5924	6444	7.50e-150	545	106734	Chelonoidis abingdonii	species
sampleD_part2	NC_051475	1743023	84.453	521	81	0	1	521	5417	5937	7.50e-150	545	1743023	Chelonoidis donfaustoi	species
sampleD_part2	NC_051476	106733	84.453	521	81	0	1	521	5417	5937	7.50e-150	545	106733	Chelonoidis hoodensis	species
sampleD_part2	NC_029369	421224	84.190	525	83	0	1	525	5917	6441	9.70e-149	542	421224	Mauremys nigricans	species
sampleD_part2	LR697071	285997	84.291	522	82	0	1	522	5885	6406	9.70e-149	542	285997	Chersobius boulengeri	species
sampleD_part2	OZ077579	74920	84.160	524	83	0	1	524	481	1004	3.49e-148	540	74920	Indotestudo elongata	species
sampleD_part2	MH795989	260643	84.000	525	84	0	1	525	6104	6628	4.52e-147	536	260643	Pangshura tentoria	species
sampleD_part2	MT372821	74934	83.969	524	84	0	1	524	5912	6435	1.62e-146	534	74934	Sacalia quadriocellata	species
sampleD_part2	MW774612	270252	83.969	524	84	0	1	524	526	1049	1.62e-146	534	270252	Pseudemys concinna	species
sampleD_part2	NC_020668	260624	83.810	525	85	0	1	525	5907	6431	2.10e-145	531	260624	Heosemys annandalii	species
sampleD_part2	NC_002073	8479	88.262	443	52	0	1	443	5926	6368	2.10e-145	531	8479	Chrysemys picta	species
sampleD_part2	NC_063096	580248	83.779	524	85	0	1	524	5935	6458	7.56e-145	529	580248	Pseudemys peninsularis	species
sampleD_part2	OP115974	1087313	83.779	524	85	0	1	524	5935	6458	7.56e-145	529	1087313	Pseudemys floridana	species
sampleD_part2	LR968543	1873747	88.063	444	53	0	1	444	5866	6309	2.72e-144	527	1873747	Chelonoidis alburyorum	species
sampleD_part2	NC_007698	101701	83.588	524	86	0	1	524	5917	6440	3.52e-143	523	101701	Testudo marginata	species
sampleD_part2	NC_062409	241437	83.588	524	86	0	1	524	5913	6436	3.52e-143	523	241437	Cuora mccordi	species
sampleD_part2	NC_082232	573969	87.810	443	54	0	1	443	5932	6374	4.55e-142	520	573969	Chrysemys dorsalis	species
sampleD_part2	NC_082187	904174	83.591	518	85	0	1	518	526	1043	1.64e-141	518	904174	Batagur borneoensis	species
sampleD_part2	OX453475	365623	87.640	445	53	2	1	444	5933	6376	5.88e-141	516	365623	Trachemys decorata	species
sampleD_part2	NC_032300	686919	87.613	444	55	0	1	444	526	969	5.88e-141	516	686919	Batagur trivittata	species
sampleD_part2	NC_009260	571338	83.270	526	86	2	1	525	5917	6441	2.12e-140	514	571338	Macrochelys temminckii	species
sampleD_part2	MT334601	176194	83.238	525	88	0	1	525	5669	6193	2.12e-140	514	176194	Cuora yunnanensis	species
sampleD_part2	AP019398	260615	87.585	443	55	0	1	443	5920	6362	2.12e-140	514	260615	Mauremys reevesii	species
sampleD_part2	JN999706	260647	87.585	443	55	0	1	443	5726	6168	2.12e-140	514	260647	Rhinoclemmys punctularia	species
sampleD_part2	NC_015101	260622	87.585	443	55	0	1	443	5922	6364	2.12e-140	514	260622	Mauremys megalocephala	species
sampleD_part2	OR253895	573971	83.270	526	84	4	1	524	5908	6431	7.61e-140	512	573971	Sternotherus carinatus	species
sampleD_part2	NC_051473	106727	87.387	444	56	0	1	444	5417	5860	2.74e-139	510	106727	Chelonoidis becki	species
sampleD_part2	NC_051474	106726	87.387	444	56	0	1	444	5417	5860	2.74e-139	510	106726	Chelonoidis darwini	species
sampleD_part2	OX453496	365627	87.191	445	55	2	1	444	5931	6374	1.27e-137	505	365627	Trachemys terrapen	species
sampleD_part2	LR697062	180174	87.162	444	57	0	1	444	5884	6327	1.27e-137	505	180174	Cylindraspis inepta	species
sampleD_part2	KF724151	176192	82.857	525	90	0	1	525	5914	6438	4.58e-137	503	176192	Cuora trifasciata	species
sampleD_part2	MK580979	429326	82.857	525	90	0	1	525	5898	6422	4.58e-137	503	429326	Pangshura sylhetensis	species
sampleD_part2	NC_018793	74916	82.824	524	90	0	1	524	5911	6434	4.58e-137	503	74916	Cyclemys dentata	species
sampleD_part2	NC_014577	641010	82.890	526	86	4	1	524	5899	6422	1.65e-136	501	641010	Kinosternon leucostomum	species
sampleD_part2	DQ256378	8475	82.667	525	91	0	1	525	5850	6374	2.13e-135	497	8475	Chelydra serpentina	species
sampleD_part2	NC_010973	260627	82.759	522	90	0	1	522	5916	6437	2.13e-135	497	260627	Cuora mouhotii	species
sampleD_part2	NC_065016	260639	86.712	444	59	0	1	444	5909	6352	2.76e-134	494	260639	Geoclemys hamiltonii	species
sampleD_part2	KY883378	1041118	82.476	525	92	0	1	525	5907	6431	9.91e-134	492	1041118	Myuchelys purvisi	species
sampleD_part2	KY776451	44492	82.286	525	93	0	1	525	5915	6439	4.61e-132	486	44492	Chelodina oblonga	species
sampleD_part2	OZ248733	3146100	82.286	525	93	0	1	525	5868	6392	4.61e-132	486	3146100	Chelodina kuchlingi	species
sampleD_part2	OZ248735	3147883	82.286	525	93	0	1	525	5868	6392	4.61e-132	486	3147883	Chelodina kurrichalpongo	species
sampleD_part2	JN980701	241441	82.095	525	94	0	1	525	5916	6440	2.15e-130	481	241441	Cuora bourreti	species
sampleD_part2	NC_017878	241440	82.095	525	94	0	1	525	5898	6422	2.15e-130	481	241440	Cuora picturata	species
sampleD_part2	NC_023221	260618	81.679	524	96	0	1	524	5919	6442	1.67e-126	468	260618	Cyclemys tcheponensis	species
sampleD_part2	DQ016387	55544	85.811	444	60	3	1	444	9802	10242	1.67e-126	468	55544	Platysternon megacephalum	species
sampleD_part2	NC_031432	176197	81.489	524	97	0	1	524	5911	6434	7.77e-125	462	176197	Mauremys leprosa	species
sampleD_part2	NC_028566	81630	85.360	444	65	0	1	444	5865	6308	2.80e-124	460	81630	Dasypus kappleri	species
sampleD_part2	EF156844	108146	85.235	447	60	4	1	444	526	969	1.30e-122	455	108146	Dipodomys phillipsii	species
sampleD_part2	KP190330	164385	84.719	445	66	2	1	444	526	969	2.82e-119	444	164385	Volemys musseri	species
sampleD_part2	KP886942	795746	84.719	445	66	2	1	444	202	645	2.82e-119	444	795746	Oedipina tomasi	species
sampleD_part2	OQ002172	34949	84.685	444	66	2	2	444	539	981	1.01e-118	442	34949	Vireo philadelphicus	species
sampleD_part2	NC_033382	687455	84.807	441	65	2	5	444	5126	5565	1.01e-118	442	687455	Typhlomys cinereus	species
sampleD_part2	KY410899	64678	84.529	446	65	4	1	444	5882	6325	1.31e-117	438	64678	Callosciurus notatus	species
sampleD_part2	NC_065080	485437	84.494	445	67	2	1	444	5832	6275	1.31e-117	438	485437	Ochromyscus brockmani	species
sampleD_part2	MT408177	89457	84.842	442	59	7	7	444	5836	6273	1.31e-117	438	89457	Stenocephalemys griseicauda	species
sampleD_part2	MT259127	226872	84.270	445	68	2	1	444	5878	6321	6.09e-116	433	226872	Sciurus ignitus	species
sampleD_part2	KR608168	409018	84.459	444	63	6	4	444	529	969	6.09e-116	433	409018	Cynomops planirostris	species
sampleD_part2	MN067826	44495	84.234	444	70	0	1	444	82	525	6.09e-116	433	44495	Chelus fimbriata	species
sampleD_part2	NC_054232	161655	84.234	444	70	0	1	444	5924	6367	6.09e-116	433	161655	Amyda cartilaginea	species
sampleD_part2	PP410134	148073	84.354	441	69	0	4	444	5875	6315	6.09e-116	433	148073	Trachops cirrhosus	species
sampleD_part2	KJ868160	175810	84.199	443	70	0	2	444	5854	6296	2.19e-115	431	175810	Spilocuscus maculatus	species
sampleD_part2	KY776450	665104	84.152	448	63	6	1	444	5903	6346	2.84e-114	427	665104	Chelodina expansa	species
sampleD_part2	PP818779	230082	84.116	447	65	5	1	444	6050	6493	2.84e-114	427	230082	Peromyscus zarhynchus	species
sampleD_part2	PP818766	42520	84.045	445	69	2	1	444	6236	6679	2.84e-114	427	42520	Peromyscus californicus	species
sampleD_part2	NC_028036	414892	83.973	443	71	0	2	444	5929	6371	1.02e-113	425	414892	Lonchura punctulata	species
sampleD_part2	PP818762	404336	84.127	441	68	2	5	444	6068	6507	1.02e-113	425	404336	Megadontomys cryophilus	species
sampleD_part2	LR215688	44491	83.929	448	64	7	1	444	5866	6309	1.32e-112	422	44491	Chelodina longicollis	species
sampleD_part2	NC_015833	337630	83.929	448	64	6	1	444	5995	6438	1.32e-112	422	337630	Malapterurus electricus	species
sampleD_part2	NC_051519	2776656	83.929	448	64	7	1	444	5830	6273	1.32e-112	422	2776656	Stenocephalemys zimai	species
sampleD_part2	LR215671	200900	83.893	447	66	4	1	444	5864	6307	1.32e-112	422	200900	Chelodina novaeguineae	species
sampleD_part2	MN845748	397097	83.820	445	70	2	1	444	5839	6282	1.32e-112	422	397097	Hylomyscus walterverheyeni	species
sampleD_part2	NC_007700	286009	83.784	444	72	0	1	444	7938	8381	1.32e-112	422	286009	Malacochersus tornieri	species
sampleD_part2	NC_035599	56321	83.784	444	72	0	1	444	6257	6700	1.32e-112	422	56321	Isthmomys pirrensis	species
sampleD_part2	AP011316	303010	83.937	442	69	2	4	444	6014	6454	1.32e-112	422	303010	Pethia cumingii	species
sampleD_part2	KR017990	678587	83.747	443	72	0	2	444	478	920	4.74e-112	420	678587	Tanygnathus megalorynchos	species
sampleD_part2	NC_020347	1285437	83.900	441	69	2	5	444	5986	6425	4.74e-112	420	1285437	Amoya chusanensis	species
sampleD_part2	NC_012414	55542	83.710	442	72	0	2	443	5906	6347	1.71e-111	418	55542	Lissemys punctata	species
sampleD_part2	MT408174	485440	83.705	448	65	7	1	444	5833	6276	6.14e-111	416	485440	Stenocephalemys albipes	species
sampleD_part2	AB462045	9654	83.669	447	67	3	1	444	5886	6329	6.14e-111	416	9654	Procyon lotor	species
sampleD_part2	LR215678	904179	83.669	447	67	5	1	444	5866	6309	6.14e-111	416	904179	Chelodina reimanni	species
sampleD_part2	NC_044872	288534	83.632	446	69	3	1	444	5922	6365	6.14e-111	416	288534	Xenopus parafraseri	species
sampleD_part2	KP942531	39089	83.596	445	71	2	1	444	5784	6227	6.14e-111	416	39089	Phoca groenlandica	species
sampleD_part2	AB257296	7897	83.559	444	73	0	1	444	6000	6443	6.14e-111	416	7897	Latimeria chalumnae	species
sampleD_part2	AY248598	118844	83.559	444	73	0	1	444	145	588	6.14e-111	416	118844	Takydromus formosanus	species
sampleD_part2	KT075096	1365548	83.559	444	73	0	1	444	6006	6449	6.14e-111	416	1365548	Eugnathogobius variegatus	species
sampleD_part2	MH558116	798169	83.559	444	73	0	1	444	526	969	6.14e-111	416	798169	Neodon sikimensis	species
sampleD_part2	KR608147	303307	83.747	443	68	4	4	444	529	969	6.14e-111	416	303307	Cynomops paranus	species
sampleD_part2	KR608145	1833835	83.710	442	70	2	4	444	529	969	6.14e-111	416	1833835	Cynomops mexicanus	species
sampleD_part2	EF380324	43308	82.313	441	78	0	4	444	484	924	2.22e-105	398	43308	Cepphus carbo	species
