sampleA_part3	JF289176	103596	89.451	237	25	0	256	492	6670	6906	4.73e-77	303	103596	cellular organisms;Eukaryota;Opisthokonta;Metazoa;Eumetazoa;Bilateria;Deuterostomia;Chordata;Craniata;Vertebrata;Gnathostomata;Teleostomi;Euteleostomi;Sarcopterygii;Dipnotetrapodomorpha;Tetrapoda;Amniota;Mammalia;Theria;Eutheria;Boreoeutheria;Laurasiatheria;Artiodactyla;Whippomorpha;Cetacea;Odontoceti;Delphinidae;Peponocephala;Peponocephala electra
sampleA_part3	PQ632151	149089	87.805	246	30	0	256	501	6676	6921	1.02e-73	292	149089	cellular organisms;Eukaryota;Opisthokonta;Metazoa;Eumetazoa;Bilateria;Deuterostomia;Chordata;Craniata;Vertebrata;Gnathostomata;Teleostomi;Euteleostomi;Sarcopterygii;Dipnotetrapodomorpha;Tetrapoda;Amniota;Mammalia;Theria;Eutheria;Boreoeutheria;Laurasiatheria;Artiodactyla;Whippomorpha;Cetacea;Odontoceti;Iniidae;Inia;Inia boliviensis
sampleA_part3	DQ095155	160595	93.075	361	25	0	141	501	1191	1551	3.27e-158	573	160595	cellular organisms;Eukaryota;Opisthokonta;Metazoa;Eumetazoa;Bilateria;Deuterostomia;Chordata;Craniata;Vertebrata;Gnathostomata;Teleostomi;Euteleostomi;Sarcopterygii;Dipnotetrapodomorpha;Tetrapoda;Amniota;Mammalia;Theria;Eutheria;Boreoeutheria;Laurasiatheria;Artiodactyla;Whippomorpha;Cetacea;Mysticeti;Balaenidae;Eubalaena;Eubalaena australis
sampleA_part3	AB201259	255365	85.000	360	54	0	142	501	6559	6918	2.71e-109	411	255365	cellular organisms;Eukaryota;Opisthokonta;Metazoa;Eumetazoa;Bilateria;Deuterostomia;Chordata;Craniata;Vertebrata;Gnathostomata;Teleostomi;Euteleostomi;Sarcopterygii;Dipnotetrapodomorpha;Tetrapoda;Amniota;Mammalia;Theria;Eutheria;Boreoeutheria;Laurasiatheria;Artiodactyla;Whippomorpha;Cetacea;Mysticeti;Balaenopteridae;Balaenoptera;Balaenoptera brydei
sampleA_part3	PQ997938	2746895	84.167	360	57	0	142	501	6558	6917	2.73e-104	394	2746895	cellular organisms;Eukaryota;Opisthokonta;Metazoa;Eumetazoa;Bilateria;Deuterostomia;Chordata;Craniata;Vertebrata;Gnathostomata;Teleostomi;Euteleostomi;Sarcopterygii;Dipnotetrapodomorpha;Tetrapoda;Amniota;Mammalia;Theria;Eutheria;Boreoeutheria;Laurasiatheria;Artiodactyla;Whippomorpha;Cetacea;Mysticeti;Balaenopteridae;Balaenoptera;Balaenoptera ricei
sampleA_part3	MN124685	27602	89.779	362	35	2	141	501	6555	6915	3.36e-138	507	27602	cellular organisms;Eukaryota;Opisthokonta;Metazoa;Eumetazoa;Bilateria;Deuterostomia;Chordata;Craniata;Vertebrata;Gnathostomata;Teleostomi;Euteleostomi;Sarcopterygii;Dipnotetrapodomorpha;Tetrapoda;Amniota;Mammalia;Theria;Eutheria;Boreoeutheria;Laurasiatheria;Artiodactyla;Whippomorpha;Cetacea;Mysticeti;Balaenidae;Balaena;Balaena mysticetus
sampleA_part3	AP006475	27604	83.989	356	57	0	146	501	6555	6910	4.57e-102	387	27604	cellular organisms;Eukaryota;Opisthokonta;Metazoa;Eumetazoa;Bilateria;Deuterostomia;Chordata;Craniata;Vertebrata;Gnathostomata;Teleostomi;Euteleostomi;Sarcopterygii;Dipnotetrapodomorpha;Tetrapoda;Amniota;Mammalia;Theria;Eutheria;Boreoeutheria;Laurasiatheria;Artiodactyla;Whippomorpha;Cetacea;Mysticeti;Neobalaenidae;Caperea;Caperea marginata
sampleA_part3	DQ095154	27606	93.075	361	25	0	141	501	1191	1551	3.27e-158	573	27606	cellular organisms;Eukaryota;Opisthokonta;Metazoa;Eumetazoa;Bilateria;Deuterostomia;Chordata;Craniata;Vertebrata;Gnathostomata;Teleostomi;Euteleostomi;Sarcopterygii;Dipnotetrapodomorpha;Tetrapoda;Amniota;Mammalia;Theria;Eutheria;Boreoeutheria;Laurasiatheria;Artiodactyla;Whippomorpha;Cetacea;Mysticeti;Balaenidae;Eubalaena;Eubalaena glacialis
sampleA_part3	AJ554061	27610	82.500	360	63	0	142	501	6557	6916	2.77e-94	361	27610	cellular organisms;Eukaryota;Opisthokonta;Metazoa;Eumetazoa;Bilateria;Deuterostomia;Chordata;Craniata;Vertebrata;Gnathostomata;Teleostomi;Euteleostomi;Sarcopterygii;Dipnotetrapodomorpha;Tetrapoda;Amniota;Mammalia;Theria;Eutheria;Boreoeutheria;Laurasiatheria;Artiodactyla;Whippomorpha;Cetacea;Odontoceti;Delphinidae;Lagenorhynchus;Lagenorhynchus albirostris
sampleA_part3	KC776693	27616	83.380	361	60	0	141	501	6554	6914	7.65e-100	379	27616	cellular organisms;Eukaryota;Opisthokonta;Metazoa;Eumetazoa;Bilateria;Deuterostomia;Chordata;Craniata;Vertebrata;Gnathostomata;Teleostomi;Euteleostomi;Sarcopterygii;Dipnotetrapodomorpha;Tetrapoda;Amniota;Mammalia;Theria;Eutheria;Boreoeutheria;Laurasiatheria;Artiodactyla;Whippomorpha;Cetacea;Odontoceti;Ziphiidae;Mesoplodon;Mesoplodon europaeus
sampleA_part3	OK326893	2878263	83.102	361	61	0	141	501	6555	6915	3.56e-98	374	2878263	cellular organisms;Eukaryota;Opisthokonta;Metazoa;Eumetazoa;Bilateria;Deuterostomia;Chordata;Craniata;Vertebrata;Gnathostomata;Teleostomi;Euteleostomi;Sarcopterygii;Dipnotetrapodomorpha;Tetrapoda;Amniota;Mammalia;Theria;Eutheria;Boreoeutheria;Laurasiatheria;Artiodactyla;Whippomorpha;Cetacea;Odontoceti;Ziphiidae;Mesoplodon;Mesoplodon eueu
sampleA_part3	NC_006931	302098	93.352	361	24	0	141	501	6551	6911	7.02e-160	579	302098	cellular organisms;Eukaryota;Opisthokonta;Metazoa;Eumetazoa;Bilateria;Deuterostomia;Chordata;Craniata;Vertebrata;Gnathostomata;Teleostomi;Euteleostomi;Sarcopterygii;Dipnotetrapodomorpha;Tetrapoda;Amniota;Mammalia;Theria;Eutheria;Boreoeutheria;Laurasiatheria;Artiodactyla;Whippomorpha;Cetacea;Mysticeti;Balaenidae;Eubalaena;Eubalaena japonica
sampleA_part3	NC_006926	33556	84.765	361	55	0	141	501	6560	6920	3.51e-108	407	33556	cellular organisms;Eukaryota;Opisthokonta;Metazoa;Eumetazoa;Bilateria;Deuterostomia;Chordata;Craniata;Vertebrata;Gnathostomata;Teleostomi;Euteleostomi;Sarcopterygii;Dipnotetrapodomorpha;Tetrapoda;Amniota;Mammalia;Theria;Eutheria;Boreoeutheria;Laurasiatheria;Artiodactyla;Whippomorpha;Cetacea;Mysticeti;Balaenopteridae;Balaenoptera;Balaenoptera bonaerensis
sampleA_part3	JF339974	38241	88.618	246	28	0	256	501	4530	4775	4.73e-77	303	38241	cellular organisms;Eukaryota;Opisthokonta;Metazoa;Eumetazoa;Bilateria;Deuterostomia;Chordata;Craniata;Vertebrata;Gnathostomata;Teleostomi;Euteleostomi;Sarcopterygii;Dipnotetrapodomorpha;Tetrapoda;Amniota;Mammalia;Theria;Eutheria;Boreoeutheria;Laurasiatheria;Artiodactyla;Whippomorpha;Cetacea;Odontoceti;Delphinidae;Globicephala;Globicephala macrorhynchus
sampleA_part3	JF339982	46167	82.500	360	63	0	142	501	6555	6914	2.77e-94	361	46167	cellular organisms;Eukaryota;Opisthokonta;Metazoa;Eumetazoa;Bilateria;Deuterostomia;Chordata;Craniata;Vertebrata;Gnathostomata;Teleostomi;Euteleostomi;Sarcopterygii;Dipnotetrapodomorpha;Tetrapoda;Amniota;Mammalia;Theria;Eutheria;Boreoeutheria;Laurasiatheria;Artiodactyla;Whippomorpha;Cetacea;Odontoceti;Delphinidae;Steno;Steno bredanensis
sampleA_part3	KF032873	48708	83.380	361	60	0	141	501	6556	6916	7.65e-100	379	48708	cellular organisms;Eukaryota;Opisthokonta;Metazoa;Eumetazoa;Bilateria;Deuterostomia;Chordata;Craniata;Vertebrata;Gnathostomata;Teleostomi;Euteleostomi;Sarcopterygii;Dipnotetrapodomorpha;Tetrapoda;Amniota;Mammalia;Theria;Eutheria;Boreoeutheria;Laurasiatheria;Artiodactyla;Whippomorpha;Cetacea;Odontoceti;Ziphiidae;Mesoplodon;Mesoplodon densirostris
sampleA_part3	NC_005274	48742	83.333	360	60	0	142	501	6551	6910	2.75e-99	377	48742	cellular organisms;Eukaryota;Opisthokonta;Metazoa;Eumetazoa;Bilateria;Deuterostomia;Chordata;Craniata;Vertebrata;Gnathostomata;Teleostomi;Euteleostomi;Sarcopterygii;Dipnotetrapodomorpha;Tetrapoda;Amniota;Mammalia;Theria;Eutheria;Boreoeutheria;Laurasiatheria;Artiodactyla;Whippomorpha;Cetacea;Odontoceti;Ziphiidae;Berardius;Berardius bairdii
sampleA_part3	OZ205435	52113	82.222	360	64	0	142	501	6560	6919	1.29e-92	355	52113	cellular organisms;Eukaryota;Opisthokonta;Metazoa;Eumetazoa;Bilateria;Deuterostomia;Chordata;Craniata;Vertebrata;Gnathostomata;Teleostomi;Euteleostomi;Sarcopterygii;Dipnotetrapodomorpha;Tetrapoda;Amniota;Mammalia;Theria;Eutheria;Boreoeutheria;Laurasiatheria;Artiodactyla;Whippomorpha;Cetacea;Odontoceti;Ziphiidae;Mesoplodon;Mesoplodon mirus
sampleA_part3	JF339979	682059	82.825	361	62	0	141	501	4477	4837	1.65e-96	368	682059	cellular organisms;Eukaryota;Opisthokonta;Metazoa;Eumetazoa;Bilateria;Deuterostomia;Chordata;Craniata;Vertebrata;Gnathostomata;Teleostomi;Euteleostomi;Sarcopterygii;Dipnotetrapodomorpha;Tetrapoda;Amniota;Mammalia;Theria;Eutheria;Boreoeutheria;Laurasiatheria;Artiodactyla;Whippomorpha;Cetacea;Odontoceti;Delphinidae;Orcaella;Orcaella heinsohni
sampleA_part3	NC_005276	9725	87.805	246	30	0	256	501	6673	6918	1.02e-73	292	9725	cellular organisms;Eukaryota;Opisthokonta;Metazoa;Eumetazoa;Bilateria;Deuterostomia;Chordata;Craniata;Vertebrata;Gnathostomata;Teleostomi;Euteleostomi;Sarcopterygii;Dipnotetrapodomorpha;Tetrapoda;Amniota;Mammalia;Theria;Eutheria;Boreoeutheria;Laurasiatheria;Artiodactyla;Whippomorpha;Cetacea;Odontoceti;Iniidae;Inia;Inia geoffrensis
sampleA_part3	FJ590427	9731	88.618	246	28	0	256	501	3904	4149	4.73e-77	303	9731	cellular organisms;Eukaryota;Opisthokonta;Metazoa;Eumetazoa;Bilateria;Deuterostomia;Chordata;Craniata;Vertebrata;Gnathostomata;Teleostomi;Euteleostomi;Sarcopterygii;Dipnotetrapodomorpha;Tetrapoda;Amniota;Mammalia;Theria;Eutheria;Boreoeutheria;Laurasiatheria;Artiodactyla;Whippomorpha;Cetacea;Odontoceti;Delphinidae;Globicephala;Globicephala melas
sampleA_part3	KX857303	9735	81.742	356	65	0	146	501	7468	7823	7.75e-90	346	9735	cellular organisms;Eukaryota;Opisthokonta;Metazoa;Eumetazoa;Bilateria;Deuterostomia;Chordata;Craniata;Vertebrata;Gnathostomata;Teleostomi;Euteleostomi;Sarcopterygii;Dipnotetrapodomorpha;Tetrapoda;Amniota;Mammalia;Theria;Eutheria;Boreoeutheria;Laurasiatheria;Artiodactyla;Whippomorpha;Cetacea;Odontoceti;Delphinidae;Stenella;Stenella attenuata
sampleA_part3	FJ590428	9739	82.271	361	64	0	141	501	3789	4149	9.96e-94	359	9739	cellular organisms;Eukaryota;Opisthokonta;Metazoa;Eumetazoa;Bilateria;Deuterostomia;Chordata;Craniata;Vertebrata;Gnathostomata;Teleostomi;Euteleostomi;Sarcopterygii;Dipnotetrapodomorpha;Tetrapoda;Amniota;Mammalia;Theria;Eutheria;Boreoeutheria;Laurasiatheria;Artiodactyla;Whippomorpha;Cetacea;Odontoceti;Delphinidae;Tursiops;Tursiops truncatus
sampleA_part3	NC_041303	9752	82.597	362	61	2	141	501	6551	6911	7.70e-95	363	9752	cellular organisms;Eukaryota;Opisthokonta;Metazoa;Eumetazoa;Bilateria;Deuterostomia;Chordata;Craniata;Vertebrata;Gnathostomata;Teleostomi;Euteleostomi;Sarcopterygii;Dipnotetrapodomorpha;Tetrapoda;Amniota;Mammalia;Theria;Eutheria;Boreoeutheria;Laurasiatheria;Artiodactyla;Whippomorpha;Cetacea;Odontoceti;Physeteridae;Kogia;Kogia sima
sampleA_part3	MF409245	9764	85.556	360	52	0	142	501	6562	6921	1.25e-112	422	9764	cellular organisms;Eukaryota;Opisthokonta;Metazoa;Eumetazoa;Bilateria;Deuterostomia;Chordata;Craniata;Vertebrata;Gnathostomata;Teleostomi;Euteleostomi;Sarcopterygii;Dipnotetrapodomorpha;Tetrapoda;Amniota;Mammalia;Theria;Eutheria;Boreoeutheria;Laurasiatheria;Artiodactyla;Whippomorpha;Cetacea;Mysticeti;Eschrichtiidae;Eschrichtius;Eschrichtius robustus
sampleA_part3	OX465372	9767	83.102	361	61	0	141	501	6561	6921	3.56e-98	374	9767	cellular organisms;Eukaryota;Opisthokonta;Metazoa;Eumetazoa;Bilateria;Deuterostomia;Chordata;Craniata;Vertebrata;Gnathostomata;Teleostomi;Euteleostomi;Sarcopterygii;Dipnotetrapodomorpha;Tetrapoda;Amniota;Mammalia;Theria;Eutheria;Boreoeutheria;Laurasiatheria;Artiodactyla;Whippomorpha;Cetacea;Mysticeti;Balaenopteridae;Balaenoptera;Balaenoptera acutorostrata
sampleA_part3	MF409248	9768	84.488	361	56	0	141	501	6559	6919	1.63e-106	401	9768	cellular organisms;Eukaryota;Opisthokonta;Metazoa;Eumetazoa;Bilateria;Deuterostomia;Chordata;Craniata;Vertebrata;Gnathostomata;Teleostomi;Euteleostomi;Sarcopterygii;Dipnotetrapodomorpha;Tetrapoda;Amniota;Mammalia;Theria;Eutheria;Boreoeutheria;Laurasiatheria;Artiodactyla;Whippomorpha;Cetacea;Mysticeti;Balaenopteridae;Balaenoptera;Balaenoptera borealis
sampleA_part3	NC_007938	9769	84.167	360	57	0	142	501	6557	6916	2.73e-104	394	9769	cellular organisms;Eukaryota;Opisthokonta;Metazoa;Eumetazoa;Bilateria;Deuterostomia;Chordata;Craniata;Vertebrata;Gnathostomata;Teleostomi;Euteleostomi;Sarcopterygii;Dipnotetrapodomorpha;Tetrapoda;Amniota;Mammalia;Theria;Eutheria;Boreoeutheria;Laurasiatheria;Artiodactyla;Whippomorpha;Cetacea;Mysticeti;Balaenopteridae;Balaenoptera;Balaenoptera edeni
sampleA_part3	ON675289	9771	83.333	360	60	0	142	501	6971	7330	2.75e-99	377	9771	cellular organisms;Eukaryota;Opisthokonta;Metazoa;Eumetazoa;Bilateria;Deuterostomia;Chordata;Craniata;Vertebrata;Gnathostomata;Teleostomi;Euteleostomi;Sarcopterygii;Dipnotetrapodomorpha;Tetrapoda;Amniota;Mammalia;Theria;Eutheria;Boreoeutheria;Laurasiatheria;Artiodactyla;Whippomorpha;Cetacea;Mysticeti;Balaenopteridae;Balaenoptera;Balaenoptera musculus
